id,task,framework,constraint,fold,type,result,metric,mode,version,params,app_version,utc,duration,training_duration,predict_duration,models_count,seed,info,acc,auc,balacc,logloss
openml.org/t/146818,Australian,mljarsupervised,6m_10F_2c_8GB,0,binary,0.948642,auc,local,0.11.2,,2.0.5,2022-05-31T13:13:44,37.1,29.3,0.02,7,862781899,,0.913043,0.948642,0.912139,0.297989
openml.org/t/146818,Australian,mljarsupervised,6m_10F_2c_8GB,1,binary,0.93039,auc,local,0.11.2,,2.0.5,2022-05-31T13:14:27,43.4,35.1,0.08,7,862781900,,0.826087,0.93039,0.812394,0.347086
openml.org/t/146818,Australian,mljarsupervised,6m_10F_2c_8GB,2,binary,0.913413,auc,local,0.11.2,,2.0.5,2022-05-31T13:15:14,47.1,39.4,0.05,7,862781901,,0.84058,0.913413,0.843379,0.379365
openml.org/t/146818,Australian,mljarsupervised,6m_10F_2c_8GB,3,binary,0.940577,auc,local,0.11.2,,2.0.5,2022-05-31T13:15:55,40.8,32.7,0.08,7,862781902,,0.84058,0.940577,0.840407,0.326497
openml.org/t/146818,Australian,mljarsupervised,6m_10F_2c_8GB,4,binary,0.951613,auc,local,0.11.2,,2.0.5,2022-05-31T13:16:43,48.0,40.2,0.03,7,862781903,,0.869565,0.951613,0.866723,0.284259
openml.org/t/146818,Australian,mljarsupervised,6m_10F_2c_8GB,5,binary,0.957555,auc,local,0.11.2,,2.0.5,2022-05-31T13:17:28,45.2,37.5,0.06,7,862781904,,0.84058,0.957555,0.828523,0.265111
openml.org/t/146818,Australian,mljarsupervised,6m_10F_2c_8GB,6,binary,0.90365,auc,local,0.11.2,,2.0.5,2022-05-31T13:18:10,41.5,33.8,0.02,7,862781905,,0.855072,0.90365,0.850594,0.462178
openml.org/t/146818,Australian,mljarsupervised,6m_10F_2c_8GB,7,binary,0.939316,auc,local,0.11.2,,2.0.5,2022-05-31T13:18:51,41.0,33.2,0.1,7,862781906,,0.927536,0.939316,0.928205,0.301072
openml.org/t/146818,Australian,mljarsupervised,6m_10F_2c_8GB,8,binary,0.952137,auc,local,0.11.2,,2.0.5,2022-05-31T13:19:30,39.0,31.4,0.03,7,862781907,,0.913043,0.952137,0.903846,0.290625
openml.org/t/146818,Australian,mljarsupervised,6m_10F_2c_8GB,9,binary,0.9,auc,local,0.11.2,,2.0.5,2022-05-31T13:20:20,50.4,42.8,0.04,7,862781908,,0.826087,0.9,0.823077,0.432971
openml.org/t/10101,blood-transfusion,mljarsupervised,6m_10F_2c_8GB,0,binary,0.798733,auc,local,0.11.2,,2.0.5,2022-05-31T13:21:08,46.2,38.4,0.009,7,862781899,,0.76,0.798733,0.557018,0.572047
openml.org/t/10101,blood-transfusion,mljarsupervised,6m_10F_2c_8GB,1,binary,0.836745,auc,local,0.11.2,,2.0.5,2022-05-31T13:21:51,42.8,34.9,0.02,7,862781900,,0.813333,0.836745,0.630117,0.417681
openml.org/t/10101,blood-transfusion,mljarsupervised,6m_10F_2c_8GB,2,binary,0.683236,auc,local,0.11.2,,2.0.5,2022-05-31T13:22:34,43.1,35.2,0.01,7,862781901,,0.72,0.683236,0.530702,0.529553
openml.org/t/10101,blood-transfusion,mljarsupervised,6m_10F_2c_8GB,3,binary,0.69347,auc,local,0.11.2,,2.0.5,2022-05-31T13:23:17,42.9,35.3,0.01,7,862781902,,0.746667,0.69347,0.52924,0.570244
openml.org/t/10101,blood-transfusion,mljarsupervised,6m_10F_2c_8GB,4,binary,0.776803,auc,local,0.11.2,,2.0.5,2022-05-31T13:24:00,43.3,35.6,0.01,7,862781903,,0.8,0.776803,0.659357,0.454557
openml.org/t/10101,blood-transfusion,mljarsupervised,6m_10F_2c_8GB,5,binary,0.744152,auc,local,0.11.2,,2.0.5,2022-05-31T13:24:43,42.8,35.1,0.01,7,862781904,,0.76,0.744152,0.519006,0.487792
openml.org/t/10101,blood-transfusion,mljarsupervised,6m_10F_2c_8GB,6,binary,0.780214,auc,local,0.11.2,,2.0.5,2022-05-31T13:25:26,43.3,35.6,0.01,7,862781905,,0.84,0.780214,0.685673,0.455203
openml.org/t/10101,blood-transfusion,mljarsupervised,6m_10F_2c_8GB,7,binary,0.73538,auc,local,0.11.2,,2.0.5,2022-05-31T13:26:10,44.0,36.4,0.02,7,862781906,,0.8,0.73538,0.678363,0.486834
openml.org/t/10101,blood-transfusion,mljarsupervised,6m_10F_2c_8GB,8,binary,0.732198,auc,local,0.11.2,,2.0.5,2022-05-31T13:26:55,45.2,37.6,0.02,7,862781907,,0.797297,0.732198,0.600103,0.509134
openml.org/t/10101,blood-transfusion,mljarsupervised,6m_10F_2c_8GB,9,binary,0.786894,auc,local,0.11.2,,2.0.5,2022-05-31T13:27:48,52.8,45.1,0.01,7,862781908,,0.77027,0.786894,0.56192,0.455482
openml.org/t/146821,car,mljarsupervised,6m_10F_2c_8GB,0,multiclass,-0.0239063,neg_logloss,local,0.11.2,,2.0.5,2022-05-31T13:34:50,419.4,411.7,0.02,5,862781899,,1.0,,1.0,0.0239063
openml.org/t/146821,car,mljarsupervised,6m_10F_2c_8GB,1,multiclass,-0.027187,neg_logloss,local,0.11.2,,2.0.5,2022-05-31T13:40:57,366.8,359.0,0.03,7,862781900,,0.99422,,0.964286,0.027187
openml.org/t/146821,car,mljarsupervised,6m_10F_2c_8GB,2,multiclass,,neg_logloss,local,0.11.2,,2.0.5,2022-05-31T13:53:07,729.3,,,,862781901,NoResultError: Interrupting thread MainThread [ident=140412702504768] after 720s timeout.,,,,
openml.org/t/146821,car,mljarsupervised,6m_10F_2c_8GB,3,multiclass,-0.0475619,neg_logloss,local,0.11.2,,2.0.5,2022-05-31T13:59:56,409.8,402.1,0.02,5,862781902,,0.976879,,0.945055,0.0475619
openml.org/t/146821,car,mljarsupervised,6m_10F_2c_8GB,4,multiclass,-0.039509,neg_logloss,local,0.11.2,,2.0.5,2022-05-31T14:05:19,323.0,315.1,0.04,7,862781903,,0.99422,,0.997934,0.039509
openml.org/t/146821,car,mljarsupervised,6m_10F_2c_8GB,5,multiclass,-0.0394851,neg_logloss,local,0.11.2,,2.0.5,2022-05-31T14:13:42,502.8,495.4,0.02,5,862781904,,0.988439,,0.96222,0.0394851
openml.org/t/146821,car,mljarsupervised,6m_10F_2c_8GB,6,multiclass,-0.0285441,neg_logloss,local,0.11.2,,2.0.5,2022-05-31T14:18:09,267.0,259.5,0.02,7,862781905,,1.0,,1.0,0.0285441
openml.org/t/146821,car,mljarsupervised,6m_10F_2c_8GB,7,multiclass,-0.0582546,neg_logloss,local,0.11.2,,2.0.5,2022-05-31T14:21:05,175.5,168.0,0.01,7,862781906,,0.982659,,0.984776,0.0582546
openml.org/t/146821,car,mljarsupervised,6m_10F_2c_8GB,8,multiclass,,neg_logloss,local,0.11.2,,2.0.5,2022-05-31T14:33:14,729.1,,,,862781907,NoResultError: Interrupting thread MainThread [ident=139647890880320] after 720s timeout.,,,,
openml.org/t/146821,car,mljarsupervised,6m_10F_2c_8GB,9,multiclass,-0.0425253,neg_logloss,local,0.11.2,,2.0.5,2022-05-31T14:36:29,195.2,187.6,0.04,7,862781908,,0.988372,,0.986842,0.0425253
openml.org/t/168908,christine,mljarsupervised,6m_10F_2c_8GB,0,binary,0.81637,auc,local,0.11.2,,2.0.5,2022-05-31T14:43:33,414.5,404.6,0.8,6,862781899,,0.728782,0.81637,0.728782,0.526007
openml.org/t/168908,christine,mljarsupervised,6m_10F_2c_8GB,1,binary,0.820986,auc,local,0.11.2,,2.0.5,2022-05-31T14:50:16,402.9,393.6,0.7,6,862781900,,0.736162,0.820986,0.736162,0.521166
openml.org/t/168908,christine,mljarsupervised,6m_10F_2c_8GB,2,binary,0.815975,auc,local,0.11.2,,2.0.5,2022-05-31T14:57:27,431.0,421.6,0.7,6,862781901,,0.743542,0.815975,0.743542,0.533367
openml.org/t/168908,christine,mljarsupervised,6m_10F_2c_8GB,3,binary,0.809956,auc,local,0.11.2,,2.0.5,2022-05-31T15:04:01,394.2,384.8,0.8,6,862781902,,0.747232,0.809956,0.747232,0.534449
openml.org/t/168908,christine,mljarsupervised,6m_10F_2c_8GB,4,binary,0.810378,auc,local,0.11.2,,2.0.5,2022-05-31T15:10:24,383.0,373.4,0.8,5,862781903,,0.725092,0.810378,0.725092,0.609791
openml.org/t/168908,christine,mljarsupervised,6m_10F_2c_8GB,5,binary,0.808281,auc,local,0.11.2,,2.0.5,2022-05-31T15:17:07,402.7,393.0,0.9,6,862781904,,0.741697,0.808281,0.741697,0.543599
openml.org/t/168908,christine,mljarsupervised,6m_10F_2c_8GB,6,binary,0.821544,auc,local,0.11.2,,2.0.5,2022-05-31T15:23:41,394.7,385.0,1.0,6,862781905,,0.754613,0.821544,0.754613,0.519841
openml.org/t/168908,christine,mljarsupervised,6m_10F_2c_8GB,7,binary,0.812489,auc,local,0.11.2,,2.0.5,2022-05-31T15:30:50,428.6,418.8,0.8,6,862781906,,0.741697,0.812489,0.741697,0.528116
openml.org/t/168908,christine,mljarsupervised,6m_10F_2c_8GB,8,binary,0.811548,auc,local,0.11.2,,2.0.5,2022-05-31T15:38:49,478.8,468.9,1.0,6,862781907,,0.748614,0.811548,0.748592,0.602782
openml.org/t/168908,christine,mljarsupervised,6m_10F_2c_8GB,9,binary,0.781399,auc,local,0.11.2,,2.0.5,2022-05-31T15:45:07,378.2,368.3,0.7,6,862781908,,0.711645,0.781399,0.711719,0.612787
openml.org/t/9981,cnae-9,mljarsupervised,6m_10F_2c_8GB,0,multiclass,-0.147384,neg_logloss,local,0.11.2,,2.0.5,2022-05-31T15:46:03,53.8,45.3,0.4,6,862781899,,0.953704,,0.953704,0.147384
openml.org/t/9981,cnae-9,mljarsupervised,6m_10F_2c_8GB,1,multiclass,-0.42451,neg_logloss,local,0.11.2,,2.0.5,2022-05-31T15:46:58,54.9,46.6,0.4,6,862781900,,0.851852,,0.851852,0.42451
openml.org/t/9981,cnae-9,mljarsupervised,6m_10F_2c_8GB,2,multiclass,-0.178514,neg_logloss,local,0.11.2,,2.0.5,2022-05-31T15:48:42,104.8,96.4,0.5,6,862781901,,0.944444,,0.944444,0.178514
openml.org/t/9981,cnae-9,mljarsupervised,6m_10F_2c_8GB,3,multiclass,-0.204392,neg_logloss,local,0.11.2,,2.0.5,2022-05-31T15:49:43,61.1,52.5,0.3,6,862781902,,0.944444,,0.944444,0.204392
openml.org/t/9981,cnae-9,mljarsupervised,6m_10F_2c_8GB,4,multiclass,-0.114768,neg_logloss,local,0.11.2,,2.0.5,2022-05-31T15:50:45,61.2,52.8,0.3,6,862781903,,0.981481,,0.981481,0.114768
openml.org/t/9981,cnae-9,mljarsupervised,6m_10F_2c_8GB,5,multiclass,-0.10375,neg_logloss,local,0.11.2,,2.0.5,2022-05-31T15:51:44,59.2,50.8,0.4,6,862781904,,0.981481,,0.981481,0.10375
openml.org/t/9981,cnae-9,mljarsupervised,6m_10F_2c_8GB,6,multiclass,-0.251351,neg_logloss,local,0.11.2,,2.0.5,2022-05-31T15:52:44,59.9,51.5,0.3,6,862781905,,0.925926,,0.925926,0.251351
openml.org/t/9981,cnae-9,mljarsupervised,6m_10F_2c_8GB,7,multiclass,-0.13308,neg_logloss,local,0.11.2,,2.0.5,2022-05-31T15:53:41,57.7,49.1,0.3,6,862781906,,0.953704,,0.953704,0.13308
openml.org/t/9981,cnae-9,mljarsupervised,6m_10F_2c_8GB,8,multiclass,-0.157497,neg_logloss,local,0.11.2,,2.0.5,2022-05-31T15:55:04,82.9,74.6,0.3,6,862781907,,0.972222,,0.972222,0.157497
openml.org/t/9981,cnae-9,mljarsupervised,6m_10F_2c_8GB,9,multiclass,-0.145378,neg_logloss,local,0.11.2,,2.0.5,2022-05-31T15:56:35,91.1,82.8,0.4,6,862781908,,0.953704,,0.953704,0.145378
openml.org/t/31,credit-g,mljarsupervised,6m_10F_2c_8GB,0,binary,0.831905,auc,local,0.11.2,,2.0.5,2022-05-31T15:57:24,46.9,39.2,0.05,7,862781899,,0.76,0.831905,0.657143,0.452927
openml.org/t/31,credit-g,mljarsupervised,6m_10F_2c_8GB,1,binary,0.758571,auc,local,0.11.2,,2.0.5,2022-05-31T15:58:07,43.6,36.1,0.06,7,862781900,,0.71,0.758571,0.611905,0.515521
openml.org/t/31,credit-g,mljarsupervised,6m_10F_2c_8GB,2,binary,0.721905,auc,local,0.11.2,,2.0.5,2022-05-31T15:58:54,46.9,39.2,0.05,7,862781901,,0.68,0.721905,0.666667,0.571161
openml.org/t/31,credit-g,mljarsupervised,6m_10F_2c_8GB,3,binary,0.775714,auc,local,0.11.2,,2.0.5,2022-05-31T15:59:30,35.9,28.2,0.08,7,862781902,,0.78,0.775714,0.671429,0.553834
openml.org/t/31,credit-g,mljarsupervised,6m_10F_2c_8GB,4,binary,0.809048,auc,local,0.11.2,,2.0.5,2022-05-31T16:00:19,48.3,40.4,0.04,7,862781903,,0.79,0.809048,0.72619,0.487957
openml.org/t/31,credit-g,mljarsupervised,6m_10F_2c_8GB,5,binary,0.768571,auc,local,0.11.2,,2.0.5,2022-05-31T16:01:01,42.1,34.4,0.05,7,862781904,,0.78,0.768571,0.671429,0.517443
openml.org/t/31,credit-g,mljarsupervised,6m_10F_2c_8GB,6,binary,0.800952,auc,local,0.11.2,,2.0.5,2022-05-31T16:01:57,56.0,48.1,0.07,7,862781905,,0.77,0.800952,0.692857,0.489649
openml.org/t/31,credit-g,mljarsupervised,6m_10F_2c_8GB,7,binary,0.844048,auc,local,0.11.2,,2.0.5,2022-05-31T16:02:35,38.6,30.9,0.03,7,862781906,,0.81,0.844048,0.702381,0.467396
openml.org/t/31,credit-g,mljarsupervised,6m_10F_2c_8GB,8,binary,0.697619,auc,local,0.11.2,,2.0.5,2022-05-31T16:03:21,45.9,38.3,0.02,7,862781907,,0.67,0.697619,0.564286,0.562871
openml.org/t/31,credit-g,mljarsupervised,6m_10F_2c_8GB,9,binary,0.714286,auc,local,0.11.2,,2.0.5,2022-05-31T16:03:59,37.8,29.9,0.08,7,862781908,,0.69,0.714286,0.62619,0.549254
openml.org/t/168909,dilbert,mljarsupervised,6m_10F_2c_8GB,0,multiclass,-0.321727,neg_logloss,local,0.11.2,,2.0.5,2022-05-31T16:12:42,486.7,469.7,5.7,5,862781899,,0.922,,0.922028,0.321727
openml.org/t/168909,dilbert,mljarsupervised,6m_10F_2c_8GB,1,multiclass,-0.266198,neg_logloss,local,0.11.2,,2.0.5,2022-05-31T16:22:59,616.8,602.7,2.9,5,862781900,,0.93,,0.929606,0.266198
openml.org/t/168909,dilbert,mljarsupervised,6m_10F_2c_8GB,2,multiclass,-0.295029,neg_logloss,local,0.11.2,,2.0.5,2022-05-31T16:30:13,433.5,420.3,2.9,5,862781901,,0.922,,0.922057,0.295029
openml.org/t/168909,dilbert,mljarsupervised,6m_10F_2c_8GB,3,multiclass,-0.289362,neg_logloss,local,0.11.2,,2.0.5,2022-05-31T16:38:02,469.7,453.5,5.6,5,862781902,,0.935,,0.934567,0.289362
openml.org/t/168909,dilbert,mljarsupervised,6m_10F_2c_8GB,4,multiclass,-0.29078,neg_logloss,local,0.11.2,,2.0.5,2022-05-31T16:46:01,478.2,461.8,6.0,5,862781903,,0.931,,0.930627,0.29078
openml.org/t/168909,dilbert,mljarsupervised,6m_10F_2c_8GB,5,multiclass,-0.308241,neg_logloss,local,0.11.2,,2.0.5,2022-05-31T16:53:57,475.8,459.1,6.5,5,862781904,,0.934,,0.933663,0.308241
openml.org/t/168909,dilbert,mljarsupervised,6m_10F_2c_8GB,6,multiclass,-0.263925,neg_logloss,local,0.11.2,,2.0.5,2022-05-31T17:00:58,421.0,407.4,3.0,5,862781905,,0.932,,0.931282,0.263925
openml.org/t/168909,dilbert,mljarsupervised,6m_10F_2c_8GB,7,multiclass,-0.25828,neg_logloss,local,0.11.2,,2.0.5,2022-05-31T17:09:23,505.6,492.2,2.7,5,862781906,,0.942,,0.942197,0.25828
openml.org/t/168909,dilbert,mljarsupervised,6m_10F_2c_8GB,8,multiclass,-0.179798,neg_logloss,local,0.11.2,,2.0.5,2022-05-31T17:16:16,413.3,400.4,2.7,5,862781907,,0.945,,0.945087,0.179798
openml.org/t/168909,dilbert,mljarsupervised,6m_10F_2c_8GB,9,multiclass,-0.20233,neg_logloss,local,0.11.2,,2.0.5,2022-05-31T17:23:38,441.9,428.8,2.8,5,862781908,,0.951,,0.950993,0.20233
openml.org/t/168910,fabert,mljarsupervised,6m_10F_2c_8GB,0,multiclass,-0.83467,neg_logloss,local,0.11.2,,2.0.5,2022-05-31T17:25:26,104.9,95.7,0.6,6,862781899,,0.688107,,0.657351,0.83467
openml.org/t/168910,fabert,mljarsupervised,6m_10F_2c_8GB,1,multiclass,-0.843413,neg_logloss,local,0.11.2,,2.0.5,2022-05-31T17:27:10,104.3,95.6,0.6,6,862781900,,0.692961,,0.675816,0.843413
openml.org/t/168910,fabert,mljarsupervised,6m_10F_2c_8GB,2,multiclass,-0.820703,neg_logloss,local,0.11.2,,2.0.5,2022-05-31T17:28:57,106.7,97.9,0.7,6,862781901,,0.694175,,0.654741,0.820703
openml.org/t/168910,fabert,mljarsupervised,6m_10F_2c_8GB,3,multiclass,-0.837774,neg_logloss,local,0.11.2,,2.0.5,2022-05-31T17:30:31,94.3,85.7,0.6,6,862781902,,0.680825,,0.660926,0.837774
openml.org/t/168910,fabert,mljarsupervised,6m_10F_2c_8GB,4,multiclass,-0.848831,neg_logloss,local,0.11.2,,2.0.5,2022-05-31T17:32:22,110.6,101.9,0.7,6,862781903,,0.703883,,0.678319,0.848831
openml.org/t/168910,fabert,mljarsupervised,6m_10F_2c_8GB,5,multiclass,-0.823873,neg_logloss,local,0.11.2,,2.0.5,2022-05-31T17:34:17,115.1,106.2,0.6,6,862781904,,0.68932,,0.660671,0.823873
openml.org/t/168910,fabert,mljarsupervised,6m_10F_2c_8GB,6,multiclass,-0.886185,neg_logloss,local,0.11.2,,2.0.5,2022-05-31T17:36:08,110.7,102.0,0.6,6,862781905,,0.673544,,0.639529,0.886185
openml.org/t/168910,fabert,mljarsupervised,6m_10F_2c_8GB,7,multiclass,-0.873007,neg_logloss,local,0.11.2,,2.0.5,2022-05-31T17:37:46,98.2,89.5,0.6,6,862781906,,0.681652,,0.653231,0.873007
openml.org/t/168910,fabert,mljarsupervised,6m_10F_2c_8GB,8,multiclass,-0.857438,neg_logloss,local,0.11.2,,2.0.5,2022-05-31T17:39:28,102.0,93.2,0.6,6,862781907,,0.695018,,0.671579,0.857438
openml.org/t/168910,fabert,mljarsupervised,6m_10F_2c_8GB,9,multiclass,-0.865773,neg_logloss,local,0.11.2,,2.0.5,2022-05-31T17:42:19,171.0,161.6,0.8,6,862781908,,0.676792,,0.633914,0.865773
openml.org/t/168911,jasmine,mljarsupervised,6m_10F_2c_8GB,0,binary,0.846398,auc,local,0.11.2,,2.0.5,2022-05-31T17:43:29,66.9,58.4,0.4,7,862781899,,0.789298,0.846398,0.78906,0.42001
openml.org/t/168911,jasmine,mljarsupervised,6m_10F_2c_8GB,1,binary,0.868725,auc,local,0.11.2,,2.0.5,2022-05-31T17:44:33,63.9,55.8,0.2,7,862781900,,0.802676,0.868725,0.802304,0.422504
openml.org/t/168911,jasmine,mljarsupervised,6m_10F_2c_8GB,2,binary,0.883624,auc,local,0.11.2,,2.0.5,2022-05-31T17:45:31,58.0,50.0,0.1,7,862781901,,0.846154,0.883624,0.846577,0.386553
openml.org/t/168911,jasmine,mljarsupervised,6m_10F_2c_8GB,3,binary,0.855705,auc,local,0.11.2,,2.0.5,2022-05-31T17:46:32,60.7,52.5,0.2,7,862781902,,0.832776,0.855705,0.833043,0.41614
openml.org/t/168911,jasmine,mljarsupervised,6m_10F_2c_8GB,4,binary,0.867528,auc,local,0.11.2,,2.0.5,2022-05-31T17:47:45,73.3,64.9,0.3,7,862781903,,0.805369,0.867528,0.805369,0.438599
openml.org/t/168911,jasmine,mljarsupervised,6m_10F_2c_8GB,5,binary,0.861042,auc,local,0.11.2,,2.0.5,2022-05-31T17:48:54,69.1,60.1,0.1,7,862781904,,0.795302,0.861042,0.795302,0.421698
openml.org/t/168911,jasmine,mljarsupervised,6m_10F_2c_8GB,6,binary,0.877078,auc,local,0.11.2,,2.0.5,2022-05-31T17:50:03,69.0,60.6,0.1,7,862781905,,0.822148,0.877078,0.822148,0.400427
openml.org/t/168911,jasmine,mljarsupervised,6m_10F_2c_8GB,7,binary,0.835323,auc,local,0.11.2,,2.0.5,2022-05-31T17:51:15,71.7,63.2,0.1,7,862781906,,0.785235,0.835323,0.785235,0.483421
openml.org/t/168911,jasmine,mljarsupervised,6m_10F_2c_8GB,8,binary,0.898653,auc,local,0.11.2,,2.0.5,2022-05-31T17:52:23,67.5,59.3,0.1,7,862781907,,0.83557,0.898653,0.83557,0.370975
openml.org/t/168911,jasmine,mljarsupervised,6m_10F_2c_8GB,9,binary,0.870141,auc,local,0.11.2,,2.0.5,2022-05-31T17:53:38,75.3,66.7,0.3,7,862781908,,0.815436,0.870141,0.815436,0.39839
openml.org/t/3917,kc1,mljarsupervised,6m_10F_2c_8GB,0,binary,0.794605,auc,local,0.11.2,,2.0.5,2022-05-31T17:54:32,52.2,44.5,0.03,7,862781899,,0.853081,0.794605,0.592615,0.348226
openml.org/t/3917,kc1,mljarsupervised,6m_10F_2c_8GB,1,binary,0.839909,auc,local,0.11.2,,2.0.5,2022-05-31T17:55:37,65.1,57.5,0.03,7,862781900,,0.867299,0.839909,0.626659,0.324906
openml.org/t/3917,kc1,mljarsupervised,6m_10F_2c_8GB,2,binary,0.828125,auc,local,0.11.2,,2.0.5,2022-05-31T17:56:21,44.4,36.7,0.04,7,862781901,,0.834123,0.828125,0.555779,0.346129
openml.org/t/3917,kc1,mljarsupervised,6m_10F_2c_8GB,3,binary,0.836313,auc,local,0.11.2,,2.0.5,2022-05-31T17:57:22,60.5,52.7,0.03,7,862781902,,0.867299,0.836313,0.674498,0.321251
openml.org/t/3917,kc1,mljarsupervised,6m_10F_2c_8GB,4,binary,0.778601,auc,local,0.11.2,,2.0.5,2022-05-31T17:58:12,49.7,41.9,0.02,7,862781903,,0.853081,0.778601,0.579673,0.367736
openml.org/t/3917,kc1,mljarsupervised,6m_10F_2c_8GB,5,binary,0.800817,auc,local,0.11.2,,2.0.5,2022-05-31T17:59:12,60.3,52.2,0.03,7,862781904,,0.834123,0.800817,0.593122,0.363791
openml.org/t/3917,kc1,mljarsupervised,6m_10F_2c_8GB,6,binary,0.844059,auc,local,0.11.2,,2.0.5,2022-05-31T18:00:06,54.5,46.6,0.04,7,862781905,,0.876777,0.844059,0.643088,0.324937
openml.org/t/3917,kc1,mljarsupervised,6m_10F_2c_8GB,7,binary,0.864828,auc,local,0.11.2,,2.0.5,2022-05-31T18:00:58,51.2,43.3,0.06,7,862781906,,0.85782,0.864828,0.582482,0.308854
openml.org/t/3917,kc1,mljarsupervised,6m_10F_2c_8GB,8,binary,0.869765,auc,local,0.11.2,,2.0.5,2022-05-31T18:01:42,44.1,36.0,0.04,7,862781907,,0.876777,0.869765,0.680116,0.368168
openml.org/t/3917,kc1,mljarsupervised,6m_10F_2c_8GB,9,binary,0.747015,auc,local,0.11.2,,2.0.5,2022-05-31T18:02:33,51.6,43.5,0.03,7,862781908,,0.852381,0.747015,0.566889,0.381052
openml.org/t/3,kr-vs-kp,mljarsupervised,6m_10F_2c_8GB,0,binary,0.999922,auc,local,0.11.2,,2.0.5,2022-05-31T18:03:29,54.1,46.6,0.03,7,862781899,,0.99375,0.999922,0.993738,0.0344027
openml.org/t/3,kr-vs-kp,mljarsupervised,6m_10F_2c_8GB,1,binary,0.998435,auc,local,0.11.2,,2.0.5,2022-05-31T18:04:27,58.4,50.6,0.03,7,862781900,,0.9875,0.998435,0.988024,0.0557866
openml.org/t/3,kr-vs-kp,mljarsupervised,6m_10F_2c_8GB,2,binary,0.998513,auc,local,0.11.2,,2.0.5,2022-05-31T18:05:34,66.3,58.3,0.2,7,862781901,,0.99375,0.998513,0.993738,0.0501277
openml.org/t/3,kr-vs-kp,mljarsupervised,6m_10F_2c_8GB,3,binary,1.0,auc,local,0.11.2,,2.0.5,2022-05-31T18:06:33,59.6,51.7,0.1,7,862781902,,1.0,1.0,1.0,0.0395213
openml.org/t/3,kr-vs-kp,mljarsupervised,6m_10F_2c_8GB,4,binary,0.999961,auc,local,0.11.2,,2.0.5,2022-05-31T18:07:29,56.1,48.2,0.03,7,862781903,,0.996875,0.999961,0.996732,0.0294452
openml.org/t/3,kr-vs-kp,mljarsupervised,6m_10F_2c_8GB,5,binary,1.0,auc,local,0.11.2,,2.0.5,2022-05-31T18:09:01,91.6,83.5,0.2,7,862781904,,1.0,1.0,1.0,0.0283854
openml.org/t/3,kr-vs-kp,mljarsupervised,6m_10F_2c_8GB,6,binary,0.999921,auc,local,0.11.2,,2.0.5,2022-05-31T18:10:22,81.4,73.4,0.08,7,862781905,,0.990596,0.999921,0.990452,0.0144554
openml.org/t/3,kr-vs-kp,mljarsupervised,6m_10F_2c_8GB,7,binary,0.999567,auc,local,0.11.2,,2.0.5,2022-05-31T18:11:28,65.5,57.7,0.08,7,862781906,,0.981191,0.999567,0.980263,0.0358035
openml.org/t/3,kr-vs-kp,mljarsupervised,6m_10F_2c_8GB,8,binary,0.999803,auc,local,0.11.2,,2.0.5,2022-05-31T18:12:44,76.3,68.7,0.03,7,862781907,,0.99373,0.999803,0.993717,0.0263567
openml.org/t/3,kr-vs-kp,mljarsupervised,6m_10F_2c_8GB,9,binary,1.0,auc,local,0.11.2,,2.0.5,2022-05-31T18:13:56,72.2,64.0,0.09,7,862781908,,0.996865,1.0,0.997006,0.0151684
openml.org/t/12,mfeat-factors,mljarsupervised,6m_10F_2c_8GB,0,multiclass,-0.119791,neg_logloss,local,0.11.2,,2.0.5,2022-05-31T18:16:12,129.5,121.5,0.3,6,862781899,,0.95,,0.95,0.119791
openml.org/t/12,mfeat-factors,mljarsupervised,6m_10F_2c_8GB,1,multiclass,-0.0926947,neg_logloss,local,0.11.2,,2.0.5,2022-05-31T18:18:36,143.5,135.3,0.3,6,862781900,,0.98,,0.98,0.0926947
openml.org/t/12,mfeat-factors,mljarsupervised,6m_10F_2c_8GB,2,multiclass,-0.0952663,neg_logloss,local,0.11.2,,2.0.5,2022-05-31T18:21:15,159.3,151.2,0.2,6,862781901,,0.975,,0.975,0.0952663
openml.org/t/12,mfeat-factors,mljarsupervised,6m_10F_2c_8GB,3,multiclass,-0.187746,neg_logloss,local,0.11.2,,2.0.5,2022-05-31T18:24:01,166.0,157.3,0.1,6,862781902,,0.965,,0.965,0.187746
openml.org/t/12,mfeat-factors,mljarsupervised,6m_10F_2c_8GB,4,multiclass,-0.137362,neg_logloss,local,0.11.2,,2.0.5,2022-05-31T18:26:34,152.8,144.9,0.09,6,862781903,,0.98,,0.98,0.137362
openml.org/t/12,mfeat-factors,mljarsupervised,6m_10F_2c_8GB,5,multiclass,-0.089074,neg_logloss,local,0.11.2,,2.0.5,2022-05-31T18:29:09,155.2,147.3,0.1,6,862781904,,0.97,,0.97,0.089074
openml.org/t/12,mfeat-factors,mljarsupervised,6m_10F_2c_8GB,6,multiclass,-0.0450097,neg_logloss,local,0.11.2,,2.0.5,2022-05-31T18:31:41,151.8,143.9,0.08,6,862781905,,0.99,,0.99,0.0450097
openml.org/t/12,mfeat-factors,mljarsupervised,6m_10F_2c_8GB,7,multiclass,-0.0648039,neg_logloss,local,0.11.2,,2.0.5,2022-05-31T18:34:03,141.9,133.8,0.09,6,862781906,,0.99,,0.99,0.0648039
openml.org/t/12,mfeat-factors,mljarsupervised,6m_10F_2c_8GB,8,multiclass,-0.0952793,neg_logloss,local,0.11.2,,2.0.5,2022-05-31T18:36:34,150.6,142.5,0.1,6,862781907,,0.98,,0.98,0.0952793
openml.org/t/12,mfeat-factors,mljarsupervised,6m_10F_2c_8GB,9,multiclass,-0.05895,neg_logloss,local,0.11.2,,2.0.5,2022-05-31T18:38:53,139.2,131.2,0.1,6,862781908,,0.995,,0.995,0.05895
openml.org/t/9952,phoneme,mljarsupervised,6m_10F_2c_8GB,0,binary,0.95963,auc,local,0.11.2,,2.0.5,2022-05-31T18:40:29,94.4,86.8,0.01,7,862781899,,0.900185,0.95963,0.879754,0.233335
openml.org/t/9952,phoneme,mljarsupervised,6m_10F_2c_8GB,1,binary,0.962528,auc,local,0.11.2,,2.0.5,2022-05-31T18:43:05,155.7,148.1,0.01,7,862781900,,0.900185,0.962528,0.890769,0.231502
openml.org/t/9952,phoneme,mljarsupervised,6m_10F_2c_8GB,2,binary,0.948566,auc,local,0.11.2,,2.0.5,2022-05-31T18:45:25,139.9,132.3,0.01,7,862781901,,0.885397,0.948566,0.856433,0.288771
openml.org/t/9952,phoneme,mljarsupervised,6m_10F_2c_8GB,3,binary,0.944911,auc,local,0.11.2,,2.0.5,2022-05-31T18:47:41,136.0,128.3,0.01,7,862781902,,0.874307,0.944911,0.855922,0.279394
openml.org/t/9952,phoneme,mljarsupervised,6m_10F_2c_8GB,4,binary,0.931921,auc,local,0.11.2,,2.0.5,2022-05-31T18:49:31,110.1,102.4,0.01,7,862781903,,0.866667,0.931921,0.840811,0.315111
openml.org/t/9952,phoneme,mljarsupervised,6m_10F_2c_8GB,5,binary,0.948522,auc,local,0.11.2,,2.0.5,2022-05-31T18:51:13,102.4,94.7,0.009,7,862781904,,0.907407,0.948522,0.882597,0.263994
openml.org/t/9952,phoneme,mljarsupervised,6m_10F_2c_8GB,6,binary,0.966648,auc,local,0.11.2,,2.0.5,2022-05-31T18:52:41,87.1,79.2,0.009,7,862781905,,0.914815,0.966648,0.9101,0.214098
openml.org/t/9952,phoneme,mljarsupervised,6m_10F_2c_8GB,7,binary,0.949781,auc,local,0.11.2,,2.0.5,2022-05-31T18:53:59,78.8,71.0,0.009,7,862781906,,0.877778,0.949781,0.817118,0.26089
openml.org/t/9952,phoneme,mljarsupervised,6m_10F_2c_8GB,8,binary,0.943066,auc,local,0.11.2,,2.0.5,2022-05-31T18:56:08,128.4,120.6,0.03,7,862781907,,0.87963,0.943066,0.852399,0.288609
openml.org/t/9952,phoneme,mljarsupervised,6m_10F_2c_8GB,9,binary,0.953037,auc,local,0.11.2,,2.0.5,2022-05-31T18:57:59,111.5,103.8,0.009,7,862781908,,0.901852,0.953037,0.868147,0.255724
openml.org/t/146822,segment,mljarsupervised,6m_10F_2c_8GB,0,multiclass,-0.0859125,neg_logloss,local,0.11.2,,2.0.5,2022-05-31T19:01:00,178.7,170.9,0.04,7,862781899,,0.974026,,0.974026,0.0859125
openml.org/t/146822,segment,mljarsupervised,6m_10F_2c_8GB,1,multiclass,-0.112237,neg_logloss,local,0.11.2,,2.0.5,2022-05-31T19:04:03,183.1,175.3,0.04,7,862781900,,0.965368,,0.965368,0.112237
openml.org/t/146822,segment,mljarsupervised,6m_10F_2c_8GB,2,multiclass,-0.0810505,neg_logloss,local,0.11.2,,2.0.5,2022-05-31T19:07:04,180.7,172.8,0.05,7,862781901,,0.969697,,0.969697,0.0810505
openml.org/t/146822,segment,mljarsupervised,6m_10F_2c_8GB,3,multiclass,-0.100751,neg_logloss,local,0.11.2,,2.0.5,2022-05-31T19:10:00,176.0,168.2,0.03,7,862781902,,0.952381,,0.952381,0.100751
openml.org/t/146822,segment,mljarsupervised,6m_10F_2c_8GB,4,multiclass,-0.0349069,neg_logloss,local,0.11.2,,2.0.5,2022-05-31T19:13:14,194.7,187.1,0.03,7,862781903,,0.995671,,0.995671,0.0349069
openml.org/t/146822,segment,mljarsupervised,6m_10F_2c_8GB,5,multiclass,-0.072587,neg_logloss,local,0.11.2,,2.0.5,2022-05-31T19:16:31,196.8,189.0,0.03,7,862781904,,0.965368,,0.965368,0.072587
openml.org/t/146822,segment,mljarsupervised,6m_10F_2c_8GB,6,multiclass,-0.0783915,neg_logloss,local,0.11.2,,2.0.5,2022-05-31T19:19:41,190.0,182.2,0.04,7,862781905,,0.982684,,0.982684,0.0783915
openml.org/t/146822,segment,mljarsupervised,6m_10F_2c_8GB,7,multiclass,-0.14687,neg_logloss,local,0.11.2,,2.0.5,2022-05-31T19:22:44,183.3,175.3,0.04,7,862781906,,0.952381,,0.952381,0.14687
openml.org/t/146822,segment,mljarsupervised,6m_10F_2c_8GB,8,multiclass,-0.0697514,neg_logloss,local,0.11.2,,2.0.5,2022-05-31T19:27:38,293.9,286.1,0.05,7,862781907,,0.974026,,0.974026,0.0697514
openml.org/t/146822,segment,mljarsupervised,6m_10F_2c_8GB,9,multiclass,-0.0831878,neg_logloss,local,0.11.2,,2.0.5,2022-05-31T19:30:50,191.7,184.0,0.03,7,862781908,,0.965368,,0.965368,0.0831878
openml.org/t/168912,sylvine,mljarsupervised,6m_10F_2c_8GB,0,binary,0.979435,auc,local,0.11.2,,2.0.5,2022-05-31T19:32:40,106.1,98.3,0.01,7,862781899,,0.933723,0.979435,0.933632,0.203505
openml.org/t/168912,sylvine,mljarsupervised,6m_10F_2c_8GB,1,binary,0.986868,auc,local,0.11.2,,2.0.5,2022-05-31T19:34:39,119.5,111.8,0.01,7,862781900,,0.955166,0.986868,0.955124,0.146562
openml.org/t/168912,sylvine,mljarsupervised,6m_10F_2c_8GB,2,binary,0.984101,auc,local,0.11.2,,2.0.5,2022-05-31T19:36:21,101.4,93.5,0.01,7,862781901,,0.951267,0.984101,0.951316,0.154133
openml.org/t/168912,sylvine,mljarsupervised,6m_10F_2c_8GB,3,binary,0.981305,auc,local,0.11.2,,2.0.5,2022-05-31T19:37:24,63.1,55.0,0.06,7,862781902,,0.94152,0.981305,0.941566,0.164521
openml.org/t/168912,sylvine,mljarsupervised,6m_10F_2c_8GB,4,binary,0.988251,auc,local,0.11.2,,2.0.5,2022-05-31T19:38:52,88.3,80.5,0.02,7,862781903,,0.958984,0.988251,0.958984,0.128515
openml.org/t/168912,sylvine,mljarsupervised,6m_10F_2c_8GB,5,binary,0.981705,auc,local,0.11.2,,2.0.5,2022-05-31T19:41:08,135.7,127.9,0.02,7,862781904,,0.947266,0.981705,0.947266,0.18655
openml.org/t/168912,sylvine,mljarsupervised,6m_10F_2c_8GB,6,binary,0.985336,auc,local,0.11.2,,2.0.5,2022-05-31T19:43:27,139.2,131.5,0.01,7,862781905,,0.939453,0.985336,0.939453,0.172358
openml.org/t/168912,sylvine,mljarsupervised,6m_10F_2c_8GB,7,binary,0.981689,auc,local,0.11.2,,2.0.5,2022-05-31T19:45:16,109.2,101.3,0.02,7,862781906,,0.941406,0.981689,0.941406,0.174945
openml.org/t/168912,sylvine,mljarsupervised,6m_10F_2c_8GB,8,binary,0.98999,auc,local,0.11.2,,2.0.5,2022-05-31T19:47:22,126.1,118.3,0.01,7,862781907,,0.949219,0.98999,0.949219,0.13207
openml.org/t/168912,sylvine,mljarsupervised,6m_10F_2c_8GB,9,binary,0.986786,auc,local,0.11.2,,2.0.5,2022-05-31T19:48:47,84.6,76.3,0.01,7,862781908,,0.951172,0.986786,0.951172,0.131134
openml.org/t/53,vehicle,mljarsupervised,6m_10F_2c_8GB,0,multiclass,-0.364111,neg_logloss,local,0.11.2,,2.0.5,2022-05-31T19:50:31,100.7,93.1,0.05,7,862781899,,0.847059,,0.84789,0.364111
openml.org/t/53,vehicle,mljarsupervised,6m_10F_2c_8GB,1,multiclass,-0.499812,neg_logloss,local,0.11.2,,2.0.5,2022-05-31T19:52:12,101.1,93.3,0.05,7,862781900,,0.752941,,0.755303,0.499812
openml.org/t/53,vehicle,mljarsupervised,6m_10F_2c_8GB,2,multiclass,-0.397432,neg_logloss,local,0.11.2,,2.0.5,2022-05-31T19:54:18,126.0,118.0,0.06,7,862781901,,0.788235,,0.792208,0.397432
openml.org/t/53,vehicle,mljarsupervised,6m_10F_2c_8GB,3,multiclass,-0.364998,neg_logloss,local,0.11.2,,2.0.5,2022-05-31T19:56:22,123.8,116.1,0.03,7,862781902,,0.8,,0.799729,0.364998
openml.org/t/53,vehicle,mljarsupervised,6m_10F_2c_8GB,4,multiclass,-0.387839,neg_logloss,local,0.11.2,,2.0.5,2022-05-31T19:58:10,107.4,99.5,0.07,7,862781903,,0.811765,,0.813853,0.387839
openml.org/t/53,vehicle,mljarsupervised,6m_10F_2c_8GB,5,multiclass,-0.308578,neg_logloss,local,0.11.2,,2.0.5,2022-05-31T19:59:55,105.5,97.6,0.03,7,862781904,,0.858824,,0.862013,0.308578
openml.org/t/53,vehicle,mljarsupervised,6m_10F_2c_8GB,6,multiclass,-0.378904,neg_logloss,local,0.11.2,,2.0.5,2022-05-31T20:01:40,105.2,97.4,0.03,7,862781905,,0.821429,,0.825957,0.378904
openml.org/t/53,vehicle,mljarsupervised,6m_10F_2c_8GB,7,multiclass,-0.411128,neg_logloss,local,0.11.2,,2.0.5,2022-05-31T20:03:21,100.3,92.6,0.04,7,862781906,,0.821429,,0.823593,0.411128
openml.org/t/53,vehicle,mljarsupervised,6m_10F_2c_8GB,8,multiclass,-0.349008,neg_logloss,local,0.11.2,,2.0.5,2022-05-31T20:04:53,92.6,84.7,0.06,7,862781907,,0.857143,,0.857143,0.349008
openml.org/t/53,vehicle,mljarsupervised,6m_10F_2c_8GB,9,multiclass,-0.476584,neg_logloss,local,0.11.2,,2.0.5,2022-05-31T20:06:37,103.9,96.2,0.05,7,862781908,,0.785714,,0.783279,0.476584
