id,task,framework,constraint,fold,type,result,metric,mode,version,params,app_version,utc,duration,training_duration,predict_duration,models_count,seed,info,acc,auc,balacc,logloss
openml.org/t/146818,Australian,RandomForest,6m_10F_2c_8GB,0,binary,0.948217,auc,local,1.1.1,{'n_estimators': 2000},2.0.5,2022-05-31T11:34:46,6.8,5.0,0.4,2000,797019253,,0.869565,0.948217,0.872666,0.299256
openml.org/t/146818,Australian,RandomForest,6m_10F_2c_8GB,1,binary,0.918506,auc,local,1.1.1,{'n_estimators': 2000},2.0.5,2022-05-31T11:34:53,6.6,4.7,0.4,2000,797019254,,0.884058,0.918506,0.879881,0.364466
openml.org/t/146818,Australian,RandomForest,6m_10F_2c_8GB,2,binary,0.902377,auc,local,1.1.1,{'n_estimators': 2000},2.0.5,2022-05-31T11:34:59,6.6,4.8,0.4,2000,797019255,,0.84058,0.902377,0.840407,0.387919
openml.org/t/146818,Australian,RandomForest,6m_10F_2c_8GB,3,binary,0.938879,auc,local,1.1.1,{'n_estimators': 2000},2.0.5,2022-05-31T11:35:06,6.6,4.8,0.4,2000,797019256,,0.84058,0.938879,0.84635,0.331831
openml.org/t/146818,Australian,RandomForest,6m_10F_2c_8GB,4,binary,0.957555,auc,local,1.1.1,{'n_estimators': 2000},2.0.5,2022-05-31T11:35:12,6.5,4.7,0.4,2000,797019257,,0.884058,0.957555,0.885823,0.280515
openml.org/t/146818,Australian,RandomForest,6m_10F_2c_8GB,5,binary,0.974533,auc,local,1.1.1,{'n_estimators': 2000},2.0.5,2022-05-31T11:35:19,6.5,4.7,0.4,2000,797019258,,0.913043,0.974533,0.912139,0.259267
openml.org/t/146818,Australian,RandomForest,6m_10F_2c_8GB,6,binary,0.91893,auc,local,1.1.1,{'n_estimators': 2000},2.0.5,2022-05-31T11:35:25,6.5,4.7,0.4,2000,797019259,,0.855072,0.91893,0.856537,0.367776
openml.org/t/146818,Australian,RandomForest,6m_10F_2c_8GB,7,binary,0.938462,auc,local,1.1.1,{'n_estimators': 2000},2.0.5,2022-05-31T11:35:32,6.3,4.5,0.4,2000,797019260,,0.898551,0.938462,0.894872,0.354398
openml.org/t/146818,Australian,RandomForest,6m_10F_2c_8GB,8,binary,0.957692,auc,local,1.1.1,{'n_estimators': 2000},2.0.5,2022-05-31T11:35:38,6.3,4.6,0.4,2000,797019261,,0.884058,0.957692,0.874359,0.283043
openml.org/t/146818,Australian,RandomForest,6m_10F_2c_8GB,9,binary,0.939316,auc,local,1.1.1,{'n_estimators': 2000},2.0.5,2022-05-31T11:35:44,6.3,4.6,0.4,2000,797019262,,0.84058,0.939316,0.839744,0.327769
openml.org/t/10101,blood-transfusion,RandomForest,6m_10F_2c_8GB,0,binary,0.752437,auc,local,1.1.1,{'n_estimators': 2000},2.0.5,2022-05-31T11:35:52,6.4,4.6,0.4,2000,797019253,,0.746667,0.752437,0.586257,0.498945
openml.org/t/10101,blood-transfusion,RandomForest,6m_10F_2c_8GB,1,binary,0.702242,auc,local,1.1.1,{'n_estimators': 2000},2.0.5,2022-05-31T11:35:59,6.4,4.7,0.4,2000,797019254,,0.733333,0.702242,0.55848,0.521596
openml.org/t/10101,blood-transfusion,RandomForest,6m_10F_2c_8GB,2,binary,0.607212,auc,local,1.1.1,{'n_estimators': 2000},2.0.5,2022-05-31T11:36:05,6.3,4.6,0.4,2000,797019255,,0.72,0.607212,0.530702,0.665365
openml.org/t/10101,blood-transfusion,RandomForest,6m_10F_2c_8GB,3,binary,0.679825,auc,local,1.1.1,{'n_estimators': 2000},2.0.5,2022-05-31T11:36:11,6.3,4.6,0.4,2000,797019256,,0.746667,0.679825,0.624269,0.646224
openml.org/t/10101,blood-transfusion,RandomForest,6m_10F_2c_8GB,4,binary,0.805068,auc,local,1.1.1,{'n_estimators': 2000},2.0.5,2022-05-31T11:36:18,6.4,4.6,0.4,2000,797019257,,0.84,0.805068,0.704678,0.43275
openml.org/t/10101,blood-transfusion,RandomForest,6m_10F_2c_8GB,5,binary,0.63694,auc,local,1.1.1,{'n_estimators': 2000},2.0.5,2022-05-31T11:36:24,6.3,4.6,0.4,2000,797019258,,0.706667,0.63694,0.52193,0.624803
openml.org/t/10101,blood-transfusion,RandomForest,6m_10F_2c_8GB,6,binary,0.666667,auc,local,1.1.1,{'n_estimators': 2000},2.0.5,2022-05-31T11:36:30,6.4,4.6,0.4,2000,797019259,,0.733333,0.666667,0.577485,1.06938
openml.org/t/10101,blood-transfusion,RandomForest,6m_10F_2c_8GB,7,binary,0.619396,auc,local,1.1.1,{'n_estimators': 2000},2.0.5,2022-05-31T11:36:37,6.5,4.7,0.4,2000,797019260,,0.746667,0.619396,0.605263,0.582374
openml.org/t/10101,blood-transfusion,RandomForest,6m_10F_2c_8GB,8,binary,0.73323,auc,local,1.1.1,{'n_estimators': 2000},2.0.5,2022-05-31T11:36:43,6.4,4.6,0.4,2000,797019261,,0.824324,0.73323,0.741486,0.968428
openml.org/t/10101,blood-transfusion,RandomForest,6m_10F_2c_8GB,9,binary,0.632611,auc,local,1.1.1,{'n_estimators': 2000},2.0.5,2022-05-31T11:36:49,6.4,4.7,0.4,2000,797019262,,0.702703,0.632611,0.5387,1.08269
openml.org/t/146821,car,RandomForest,6m_10F_2c_8GB,0,multiclass,-0.10226,neg_logloss,local,1.1.1,{'n_estimators': 2000},2.0.5,2022-05-31T11:36:58,6.7,4.7,0.5,2000,797019253,,0.99422,,0.99359,0.10226
openml.org/t/146821,car,RandomForest,6m_10F_2c_8GB,1,multiclass,-0.0945376,neg_logloss,local,1.1.1,{'n_estimators': 2000},2.0.5,2022-05-31T11:37:05,6.7,4.8,0.5,2000,797019254,,0.982659,,0.886905,0.0945376
openml.org/t/146821,car,RandomForest,6m_10F_2c_8GB,2,multiclass,-0.105264,neg_logloss,local,1.1.1,{'n_estimators': 2000},2.0.5,2022-05-31T11:37:12,6.7,4.8,0.5,2000,797019255,,0.99422,,0.997934,0.105264
openml.org/t/146821,car,RandomForest,6m_10F_2c_8GB,3,multiclass,-0.103168,neg_logloss,local,1.1.1,{'n_estimators': 2000},2.0.5,2022-05-31T11:37:18,6.8,4.8,0.5,2000,797019256,,1.0,,1.0,0.103168
openml.org/t/146821,car,RandomForest,6m_10F_2c_8GB,4,multiclass,-0.107467,neg_logloss,local,1.1.1,{'n_estimators': 2000},2.0.5,2022-05-31T11:37:25,6.8,4.9,0.4,2000,797019257,,0.988439,,0.928571,0.107467
openml.org/t/146821,car,RandomForest,6m_10F_2c_8GB,5,multiclass,-0.125164,neg_logloss,local,1.1.1,{'n_estimators': 2000},2.0.5,2022-05-31T11:37:33,7.3,5.2,0.5,2000,797019258,,0.982659,,0.921992,0.125164
openml.org/t/146821,car,RandomForest,6m_10F_2c_8GB,6,multiclass,-0.10274,neg_logloss,local,1.1.1,{'n_estimators': 2000},2.0.5,2022-05-31T11:37:40,7.3,5.3,0.5,2000,797019259,,0.99422,,0.997934,0.10274
openml.org/t/146821,car,RandomForest,6m_10F_2c_8GB,7,multiclass,-0.106409,neg_logloss,local,1.1.1,{'n_estimators': 2000},2.0.5,2022-05-31T11:37:47,7.2,5.2,0.5,2000,797019260,,0.971098,,0.980644,0.106409
openml.org/t/146821,car,RandomForest,6m_10F_2c_8GB,8,multiclass,-0.112397,neg_logloss,local,1.1.1,{'n_estimators': 2000},2.0.5,2022-05-31T11:37:54,6.9,5.0,0.5,2000,797019261,,0.982558,,0.921992,0.112397
openml.org/t/146821,car,RandomForest,6m_10F_2c_8GB,9,multiclass,-0.0924339,neg_logloss,local,1.1.1,{'n_estimators': 2000},2.0.5,2022-05-31T11:38:01,6.9,4.9,0.5,2000,797019262,,0.994186,,0.964286,0.0924339
openml.org/t/168908,christine,RandomForest,6m_10F_2c_8GB,0,binary,0.820904,auc,local,1.1.1,{'n_estimators': 2000},2.0.5,2022-05-31T11:39:53,102.8,100.1,0.5,2000,797019253,,0.725092,0.820904,0.725092,0.538324
openml.org/t/168908,christine,RandomForest,6m_10F_2c_8GB,1,binary,0.816036,auc,local,1.1.1,{'n_estimators': 2000},2.0.5,2022-05-31T11:41:39,106.0,103.7,0.5,2000,797019254,,0.743542,0.816036,0.743542,0.540836
openml.org/t/168908,christine,RandomForest,6m_10F_2c_8GB,2,binary,0.810698,auc,local,1.1.1,{'n_estimators': 2000},2.0.5,2022-05-31T11:43:25,106.5,104.1,0.4,2000,797019255,,0.728782,0.810698,0.728782,0.549213
openml.org/t/168908,christine,RandomForest,6m_10F_2c_8GB,3,binary,0.797089,auc,local,1.1.1,{'n_estimators': 2000},2.0.5,2022-05-31T11:45:11,105.2,102.9,0.4,2000,797019256,,0.725092,0.797089,0.725092,0.553103
openml.org/t/168908,christine,RandomForest,6m_10F_2c_8GB,4,binary,0.801991,auc,local,1.1.1,{'n_estimators': 2000},2.0.5,2022-05-31T11:46:53,102.2,99.9,0.4,2000,797019257,,0.708487,0.801991,0.708487,0.556207
openml.org/t/168908,christine,RandomForest,6m_10F_2c_8GB,5,binary,0.812659,auc,local,1.1.1,{'n_estimators': 2000},2.0.5,2022-05-31T11:48:40,107.1,104.7,0.4,2000,797019258,,0.736162,0.812659,0.736162,0.550441
openml.org/t/168908,christine,RandomForest,6m_10F_2c_8GB,6,binary,0.810991,auc,local,1.1.1,{'n_estimators': 2000},2.0.5,2022-05-31T11:50:29,108.6,106.1,0.5,2000,797019259,,0.736162,0.810991,0.736162,0.548832
openml.org/t/168908,christine,RandomForest,6m_10F_2c_8GB,7,binary,0.813612,auc,local,1.1.1,{'n_estimators': 2000},2.0.5,2022-05-31T11:52:18,109.7,107.4,0.4,2000,797019260,,0.734317,0.813612,0.734317,0.539948
openml.org/t/168908,christine,RandomForest,6m_10F_2c_8GB,8,binary,0.80859,auc,local,1.1.1,{'n_estimators': 2000},2.0.5,2022-05-31T11:54:03,104.4,102.0,0.5,2000,797019261,,0.728281,0.80859,0.728188,0.553465
openml.org/t/168908,christine,RandomForest,6m_10F_2c_8GB,9,binary,0.765553,auc,local,1.1.1,{'n_estimators': 2000},2.0.5,2022-05-31T11:55:52,109.6,107.2,0.4,2000,797019262,,0.707948,0.765553,0.708022,0.578875
openml.org/t/9981,cnae-9,RandomForest,6m_10F_2c_8GB,0,multiclass,-0.273607,neg_logloss,local,1.1.1,{'n_estimators': 2000},2.0.5,2022-05-31T11:56:05,7.8,5.7,0.5,2000,797019253,,0.953704,,0.953704,0.273607
openml.org/t/9981,cnae-9,RandomForest,6m_10F_2c_8GB,1,multiclass,-0.37131,neg_logloss,local,1.1.1,{'n_estimators': 2000},2.0.5,2022-05-31T11:56:13,7.7,5.8,0.5,2000,797019254,,0.888889,,0.888889,0.37131
openml.org/t/9981,cnae-9,RandomForest,6m_10F_2c_8GB,2,multiclass,-0.266156,neg_logloss,local,1.1.1,{'n_estimators': 2000},2.0.5,2022-05-31T11:56:21,8.1,6.2,0.4,2000,797019255,,0.953704,,0.953704,0.266156
openml.org/t/9981,cnae-9,RandomForest,6m_10F_2c_8GB,3,multiclass,-0.352129,neg_logloss,local,1.1.1,{'n_estimators': 2000},2.0.5,2022-05-31T11:56:29,8.2,6.2,0.5,2000,797019256,,0.888889,,0.888889,0.352129
openml.org/t/9981,cnae-9,RandomForest,6m_10F_2c_8GB,4,multiclass,-0.306272,neg_logloss,local,1.1.1,{'n_estimators': 2000},2.0.5,2022-05-31T11:56:37,7.9,5.9,0.5,2000,797019257,,0.953704,,0.953704,0.306272
openml.org/t/9981,cnae-9,RandomForest,6m_10F_2c_8GB,5,multiclass,-0.281345,neg_logloss,local,1.1.1,{'n_estimators': 2000},2.0.5,2022-05-31T11:56:44,7.6,5.7,0.4,2000,797019258,,0.944444,,0.944444,0.281345
openml.org/t/9981,cnae-9,RandomForest,6m_10F_2c_8GB,6,multiclass,-0.28367,neg_logloss,local,1.1.1,{'n_estimators': 2000},2.0.5,2022-05-31T11:56:52,7.7,5.8,0.5,2000,797019259,,0.944444,,0.944444,0.28367
openml.org/t/9981,cnae-9,RandomForest,6m_10F_2c_8GB,7,multiclass,-0.318322,neg_logloss,local,1.1.1,{'n_estimators': 2000},2.0.5,2022-05-31T11:57:00,7.9,6.0,0.4,2000,797019260,,0.888889,,0.888889,0.318322
openml.org/t/9981,cnae-9,RandomForest,6m_10F_2c_8GB,8,multiclass,-0.277362,neg_logloss,local,1.1.1,{'n_estimators': 2000},2.0.5,2022-05-31T11:57:08,8.1,6.1,0.5,2000,797019261,,0.962963,,0.962963,0.277362
openml.org/t/9981,cnae-9,RandomForest,6m_10F_2c_8GB,9,multiclass,-0.272262,neg_logloss,local,1.1.1,{'n_estimators': 2000},2.0.5,2022-05-31T11:57:16,8.1,6.2,0.4,2000,797019262,,0.944444,,0.944444,0.272262
openml.org/t/31,credit-g,RandomForest,6m_10F_2c_8GB,0,binary,0.878333,auc,local,1.1.1,{'n_estimators': 2000},2.0.5,2022-05-31T11:57:25,6.7,4.9,0.4,2000,797019253,,0.8,0.878333,0.714286,0.431924
openml.org/t/31,credit-g,RandomForest,6m_10F_2c_8GB,1,binary,0.74881,auc,local,1.1.1,{'n_estimators': 2000},2.0.5,2022-05-31T11:57:32,6.6,4.8,0.4,2000,797019254,,0.75,0.74881,0.630952,0.512882
openml.org/t/31,credit-g,RandomForest,6m_10F_2c_8GB,2,binary,0.76381,auc,local,1.1.1,{'n_estimators': 2000},2.0.5,2022-05-31T11:57:39,6.5,4.7,0.4,2000,797019255,,0.77,0.76381,0.692857,0.516269
openml.org/t/31,credit-g,RandomForest,6m_10F_2c_8GB,3,binary,0.781905,auc,local,1.1.1,{'n_estimators': 2000},2.0.5,2022-05-31T11:57:45,6.7,4.9,0.5,2000,797019256,,0.78,0.781905,0.719048,0.500576
openml.org/t/31,credit-g,RandomForest,6m_10F_2c_8GB,4,binary,0.818333,auc,local,1.1.1,{'n_estimators': 2000},2.0.5,2022-05-31T11:57:52,6.6,4.8,0.4,2000,797019257,,0.72,0.818333,0.590476,0.484633
openml.org/t/31,credit-g,RandomForest,6m_10F_2c_8GB,5,binary,0.83,auc,local,1.1.1,{'n_estimators': 2000},2.0.5,2022-05-31T11:57:58,6.5,4.7,0.4,2000,797019258,,0.76,0.83,0.67619,0.469306
openml.org/t/31,credit-g,RandomForest,6m_10F_2c_8GB,6,binary,0.815952,auc,local,1.1.1,{'n_estimators': 2000},2.0.5,2022-05-31T11:58:05,6.7,4.8,0.4,2000,797019259,,0.78,0.815952,0.709524,0.469922
openml.org/t/31,credit-g,RandomForest,6m_10F_2c_8GB,7,binary,0.824048,auc,local,1.1.1,{'n_estimators': 2000},2.0.5,2022-05-31T11:58:12,6.4,4.7,0.4,2000,797019260,,0.8,0.824048,0.685714,0.472051
openml.org/t/31,credit-g,RandomForest,6m_10F_2c_8GB,8,binary,0.781429,auc,local,1.1.1,{'n_estimators': 2000},2.0.5,2022-05-31T11:58:18,6.7,4.8,0.4,2000,797019261,,0.75,0.781429,0.630952,0.502719
openml.org/t/31,credit-g,RandomForest,6m_10F_2c_8GB,9,binary,0.772381,auc,local,1.1.1,{'n_estimators': 2000},2.0.5,2022-05-31T11:58:25,6.6,4.7,0.4,2000,797019262,,0.75,0.772381,0.640476,0.507989
openml.org/t/168909,dilbert,RandomForest,6m_10F_2c_8GB,0,multiclass,-0.340017,neg_logloss,local,1.1.1,{'n_estimators': 2000},2.0.5,2022-05-31T12:03:37,283.3,280.0,0.5,2000,797019253,,0.972,,0.972239,0.340017
openml.org/t/168909,dilbert,RandomForest,6m_10F_2c_8GB,1,multiclass,-0.327503,neg_logloss,local,1.1.1,{'n_estimators': 2000},2.0.5,2022-05-31T12:08:20,282.7,280.0,0.4,2000,797019254,,0.977,,0.977042,0.327503
openml.org/t/168909,dilbert,RandomForest,6m_10F_2c_8GB,2,multiclass,-0.340655,neg_logloss,local,1.1.1,{'n_estimators': 2000},2.0.5,2022-05-31T12:13:07,286.6,283.8,0.5,2000,797019255,,0.97,,0.969979,0.340655
openml.org/t/168909,dilbert,RandomForest,6m_10F_2c_8GB,3,multiclass,-0.329228,neg_logloss,local,1.1.1,{'n_estimators': 2000},2.0.5,2022-05-31T12:17:50,283.7,280.8,0.5,2000,797019256,,0.981,,0.981005,0.329228
openml.org/t/168909,dilbert,RandomForest,6m_10F_2c_8GB,4,multiclass,-0.320646,neg_logloss,local,1.1.1,{'n_estimators': 2000},2.0.5,2022-05-31T12:22:37,287.0,284.1,0.5,2000,797019257,,0.977,,0.977163,0.320646
openml.org/t/168909,dilbert,RandomForest,6m_10F_2c_8GB,5,multiclass,-0.323636,neg_logloss,local,1.1.1,{'n_estimators': 2000},2.0.5,2022-05-31T12:27:29,291.8,288.6,0.6,2000,797019258,,0.978,,0.978012,0.323636
openml.org/t/168909,dilbert,RandomForest,6m_10F_2c_8GB,6,multiclass,-0.329136,neg_logloss,local,1.1.1,{'n_estimators': 2000},2.0.5,2022-05-31T12:32:25,295.3,292.4,0.4,2000,797019259,,0.979,,0.979134,0.329136
openml.org/t/168909,dilbert,RandomForest,6m_10F_2c_8GB,7,multiclass,-0.339482,neg_logloss,local,1.1.1,{'n_estimators': 2000},2.0.5,2022-05-31T12:37:21,296.2,293.4,0.5,2000,797019260,,0.979,,0.979121,0.339482
openml.org/t/168909,dilbert,RandomForest,6m_10F_2c_8GB,8,multiclass,-0.312341,neg_logloss,local,1.1.1,{'n_estimators': 2000},2.0.5,2022-05-31T12:42:09,288.4,285.7,0.4,2000,797019261,,0.977,,0.977065,0.312341
openml.org/t/168909,dilbert,RandomForest,6m_10F_2c_8GB,9,multiclass,-0.321344,neg_logloss,local,1.1.1,{'n_estimators': 2000},2.0.5,2022-05-31T12:47:04,294.6,291.8,0.5,2000,797019262,,0.982,,0.982312,0.321344
openml.org/t/168910,fabert,RandomForest,6m_10F_2c_8GB,0,multiclass,-0.770485,neg_logloss,local,1.1.1,{'n_estimators': 2000},2.0.5,2022-05-31T12:48:13,67.0,64.4,0.6,2000,797019253,,0.708738,,0.673253,0.770485
openml.org/t/168910,fabert,RandomForest,6m_10F_2c_8GB,1,multiclass,-0.7897,neg_logloss,local,1.1.1,{'n_estimators': 2000},2.0.5,2022-05-31T12:49:20,66.9,64.6,0.5,2000,797019254,,0.720874,,0.691581,0.7897
openml.org/t/168910,fabert,RandomForest,6m_10F_2c_8GB,2,multiclass,-0.792696,neg_logloss,local,1.1.1,{'n_estimators': 2000},2.0.5,2022-05-31T12:50:27,66.8,64.6,0.5,2000,797019255,,0.716019,,0.681778,0.792696
openml.org/t/168910,fabert,RandomForest,6m_10F_2c_8GB,3,multiclass,-0.813038,neg_logloss,local,1.1.1,{'n_estimators': 2000},2.0.5,2022-05-31T12:51:33,65.8,63.3,0.6,2000,797019256,,0.696602,,0.671421,0.813038
openml.org/t/168910,fabert,RandomForest,6m_10F_2c_8GB,4,multiclass,-0.807808,neg_logloss,local,1.1.1,{'n_estimators': 2000},2.0.5,2022-05-31T12:52:41,68.8,66.6,0.5,2000,797019257,,0.714806,,0.680266,0.807808
openml.org/t/168910,fabert,RandomForest,6m_10F_2c_8GB,5,multiclass,-0.765714,neg_logloss,local,1.1.1,{'n_estimators': 2000},2.0.5,2022-05-31T12:53:49,67.9,65.4,0.6,2000,797019258,,0.726942,,0.6928,0.765714
openml.org/t/168910,fabert,RandomForest,6m_10F_2c_8GB,6,multiclass,-0.82305,neg_logloss,local,1.1.1,{'n_estimators': 2000},2.0.5,2022-05-31T12:54:55,65.9,63.5,0.6,2000,797019259,,0.697816,,0.667542,0.82305
openml.org/t/168910,fabert,RandomForest,6m_10F_2c_8GB,7,multiclass,-0.814133,neg_logloss,local,1.1.1,{'n_estimators': 2000},2.0.5,2022-05-31T12:56:06,70.5,68.1,0.5,2000,797019260,,0.687728,,0.654062,0.814133
openml.org/t/168910,fabert,RandomForest,6m_10F_2c_8GB,8,multiclass,-0.839208,neg_logloss,local,1.1.1,{'n_estimators': 2000},2.0.5,2022-05-31T12:57:13,67.0,64.6,0.5,2000,797019261,,0.704739,,0.670793,0.839208
openml.org/t/168910,fabert,RandomForest,6m_10F_2c_8GB,9,multiclass,-0.825705,neg_logloss,local,1.1.1,{'n_estimators': 2000},2.0.5,2022-05-31T12:58:23,69.9,67.2,0.6,2000,797019262,,0.690158,,0.655059,0.825705
openml.org/t/168911,jasmine,RandomForest,6m_10F_2c_8GB,0,binary,0.881812,auc,local,1.1.1,{'n_estimators': 2000},2.0.5,2022-05-31T12:58:33,8.8,6.6,0.5,2000,797019253,,0.816054,0.881812,0.815615,0.39537
openml.org/t/168911,jasmine,RandomForest,6m_10F_2c_8GB,1,binary,0.894318,auc,local,1.1.1,{'n_estimators': 2000},2.0.5,2022-05-31T12:58:42,8.5,6.5,0.5,2000,797019254,,0.812709,0.894318,0.812282,0.39692
openml.org/t/168911,jasmine,RandomForest,6m_10F_2c_8GB,2,binary,0.922461,auc,local,1.1.1,{'n_estimators': 2000},2.0.5,2022-05-31T12:58:51,9.0,6.9,0.5,2000,797019255,,0.852843,0.922461,0.853311,0.349888
openml.org/t/168911,jasmine,RandomForest,6m_10F_2c_8GB,3,binary,0.870157,auc,local,1.1.1,{'n_estimators': 2000},2.0.5,2022-05-31T12:58:59,8.9,6.6,0.5,2000,797019256,,0.822742,0.870157,0.823244,0.39842
openml.org/t/168911,jasmine,RandomForest,6m_10F_2c_8GB,4,binary,0.891311,auc,local,1.1.1,{'n_estimators': 2000},2.0.5,2022-05-31T12:59:08,8.7,6.5,0.5,2000,797019257,,0.795302,0.891311,0.795302,0.41907
openml.org/t/168911,jasmine,RandomForest,6m_10F_2c_8GB,5,binary,0.89041,auc,local,1.1.1,{'n_estimators': 2000},2.0.5,2022-05-31T12:59:17,9.1,6.8,0.5,2000,797019258,,0.805369,0.89041,0.805369,0.401051
openml.org/t/168911,jasmine,RandomForest,6m_10F_2c_8GB,6,binary,0.891739,auc,local,1.1.1,{'n_estimators': 2000},2.0.5,2022-05-31T12:59:26,8.6,6.5,0.5,2000,797019259,,0.832215,0.891739,0.832215,0.396897
openml.org/t/168911,jasmine,RandomForest,6m_10F_2c_8GB,7,binary,0.860186,auc,local,1.1.1,{'n_estimators': 2000},2.0.5,2022-05-31T12:59:35,8.9,6.7,0.5,2000,797019260,,0.795302,0.860186,0.795302,0.429562
openml.org/t/168911,jasmine,RandomForest,6m_10F_2c_8GB,8,binary,0.893068,auc,local,1.1.1,{'n_estimators': 2000},2.0.5,2022-05-31T12:59:44,9.5,7.2,0.5,2000,797019261,,0.83557,0.893068,0.83557,0.385887
openml.org/t/168911,jasmine,RandomForest,6m_10F_2c_8GB,9,binary,0.886244,auc,local,1.1.1,{'n_estimators': 2000},2.0.5,2022-05-31T12:59:54,9.7,7.3,0.5,2000,797019262,,0.808725,0.886244,0.808725,0.384041
openml.org/t/3917,kc1,RandomForest,6m_10F_2c_8GB,0,binary,0.855098,auc,local,1.1.1,{'n_estimators': 2000},2.0.5,2022-05-31T13:00:03,7.4,5.6,0.5,2000,797019253,,0.867299,0.855098,0.677985,0.319111
openml.org/t/3917,kc1,RandomForest,6m_10F_2c_8GB,1,binary,0.815206,auc,local,1.1.1,{'n_estimators': 2000},2.0.5,2022-05-31T13:00:11,7.5,5.6,0.5,2000,797019254,,0.872038,0.815206,0.655115,0.479974
openml.org/t/3917,kc1,RandomForest,6m_10F_2c_8GB,2,binary,0.871247,auc,local,1.1.1,{'n_estimators': 2000},2.0.5,2022-05-31T13:00:18,7.9,6.0,0.5,2000,797019255,,0.853081,0.871247,0.605447,0.298822
openml.org/t/3917,kc1,RandomForest,6m_10F_2c_8GB,3,binary,0.844229,auc,local,1.1.1,{'n_estimators': 2000},2.0.5,2022-05-31T13:00:27,8.1,6.1,0.4,2000,797019256,,0.848341,0.844229,0.613892,0.462432
openml.org/t/3917,kc1,RandomForest,6m_10F_2c_8GB,4,binary,0.773238,auc,local,1.1.1,{'n_estimators': 2000},2.0.5,2022-05-31T13:00:34,7.6,5.8,0.5,2000,797019257,,0.815166,0.773238,0.594229,0.579166
openml.org/t/3917,kc1,RandomForest,6m_10F_2c_8GB,5,binary,0.816565,auc,local,1.1.1,{'n_estimators': 2000},2.0.5,2022-05-31T13:00:42,7.6,5.8,0.5,2000,797019258,,0.853081,0.816565,0.616701,0.365406
openml.org/t/3917,kc1,RandomForest,6m_10F_2c_8GB,6,binary,0.857933,auc,local,1.1.1,{'n_estimators': 2000},2.0.5,2022-05-31T13:00:50,7.8,6.0,0.5,2000,797019259,,0.881517,0.857933,0.65824,0.442537
openml.org/t/3917,kc1,RandomForest,6m_10F_2c_8GB,7,binary,0.847634,auc,local,1.1.1,{'n_estimators': 2000},2.0.5,2022-05-31T13:00:57,7.4,5.7,0.4,2000,797019260,,0.85782,0.847634,0.644195,0.328874
openml.org/t/3917,kc1,RandomForest,6m_10F_2c_8GB,8,binary,0.885087,auc,local,1.1.1,{'n_estimators': 2000},2.0.5,2022-05-31T13:01:05,7.7,5.8,0.5,2000,797019261,,0.886256,0.885087,0.698076,0.280743
openml.org/t/3917,kc1,RandomForest,6m_10F_2c_8GB,9,binary,0.788448,auc,local,1.1.1,{'n_estimators': 2000},2.0.5,2022-05-31T13:01:12,7.3,5.5,0.4,2000,797019262,,0.857143,0.788448,0.646594,0.659236
openml.org/t/3,kr-vs-kp,RandomForest,6m_10F_2c_8GB,0,binary,0.999687,auc,local,1.1.1,{'n_estimators': 2000},2.0.5,2022-05-31T13:01:24,7.5,5.3,0.5,2000,797019253,,0.990625,0.999687,0.99047,0.0646352
openml.org/t/3,kr-vs-kp,RandomForest,6m_10F_2c_8GB,1,binary,0.998415,auc,local,1.1.1,{'n_estimators': 2000},2.0.5,2022-05-31T13:01:31,7.0,5.0,0.5,2000,797019254,,0.9875,0.998415,0.988024,0.0768424
openml.org/t/3,kr-vs-kp,RandomForest,6m_10F_2c_8GB,2,binary,0.999217,auc,local,1.1.1,{'n_estimators': 2000},2.0.5,2022-05-31T13:01:38,7.1,5.2,0.5,2000,797019255,,0.990625,0.999217,0.990196,0.0679014
openml.org/t/3,kr-vs-kp,RandomForest,6m_10F_2c_8GB,3,binary,1.0,auc,local,1.1.1,{'n_estimators': 2000},2.0.5,2022-05-31T13:01:45,7.2,5.2,0.5,2000,797019256,,0.996875,1.0,0.996732,0.0619615
openml.org/t/3,kr-vs-kp,RandomForest,6m_10F_2c_8GB,4,binary,1.0,auc,local,1.1.1,{'n_estimators': 2000},2.0.5,2022-05-31T13:01:53,7.7,5.6,0.5,2000,797019257,,1.0,1.0,1.0,0.0516661
openml.org/t/3,kr-vs-kp,RandomForest,6m_10F_2c_8GB,5,binary,1.0,auc,local,1.1.1,{'n_estimators': 2000},2.0.5,2022-05-31T13:02:00,7.1,5.0,0.5,2000,797019258,,0.996875,1.0,0.997006,0.0511193
openml.org/t/3,kr-vs-kp,RandomForest,6m_10F_2c_8GB,6,binary,0.998858,auc,local,1.1.1,{'n_estimators': 2000},2.0.5,2022-05-31T13:02:07,7.1,5.1,0.5,2000,797019259,,0.984326,0.998858,0.983916,0.0724084
openml.org/t/3,kr-vs-kp,RandomForest,6m_10F_2c_8GB,7,binary,0.995174,auc,local,1.1.1,{'n_estimators': 2000},2.0.5,2022-05-31T13:02:14,7.1,5.2,0.5,2000,797019260,,0.984326,0.995174,0.983553,0.0898409
openml.org/t/3,kr-vs-kp,RandomForest,6m_10F_2c_8GB,8,binary,0.999606,auc,local,1.1.1,{'n_estimators': 2000},2.0.5,2022-05-31T13:02:21,6.8,4.9,0.5,2000,797019261,,0.987461,0.999606,0.987433,0.0669103
openml.org/t/3,kr-vs-kp,RandomForest,6m_10F_2c_8GB,9,binary,0.999961,auc,local,1.1.1,{'n_estimators': 2000},2.0.5,2022-05-31T13:02:28,6.8,4.8,0.5,2000,797019262,,0.99373,0.999961,0.993717,0.0550178
openml.org/t/12,mfeat-factors,RandomForest,6m_10F_2c_8GB,0,multiclass,-0.240743,neg_logloss,local,1.1.1,{'n_estimators': 2000},2.0.5,2022-05-31T13:02:43,13.3,11.3,0.5,2000,797019253,,0.97,,0.97,0.240743
openml.org/t/12,mfeat-factors,RandomForest,6m_10F_2c_8GB,1,multiclass,-0.231503,neg_logloss,local,1.1.1,{'n_estimators': 2000},2.0.5,2022-05-31T13:02:57,13.3,11.4,0.5,2000,797019254,,0.97,,0.97,0.231503
openml.org/t/12,mfeat-factors,RandomForest,6m_10F_2c_8GB,2,multiclass,-0.21592,neg_logloss,local,1.1.1,{'n_estimators': 2000},2.0.5,2022-05-31T13:03:09,12.9,10.9,0.6,2000,797019255,,0.98,,0.98,0.21592
openml.org/t/12,mfeat-factors,RandomForest,6m_10F_2c_8GB,3,multiclass,-0.239258,neg_logloss,local,1.1.1,{'n_estimators': 2000},2.0.5,2022-05-31T13:03:23,13.1,11.0,0.5,2000,797019256,,0.965,,0.965,0.239258
openml.org/t/12,mfeat-factors,RandomForest,6m_10F_2c_8GB,4,multiclass,-0.28477,neg_logloss,local,1.1.1,{'n_estimators': 2000},2.0.5,2022-05-31T13:03:35,12.9,10.9,0.5,2000,797019257,,0.95,,0.95,0.28477
openml.org/t/12,mfeat-factors,RandomForest,6m_10F_2c_8GB,5,multiclass,-0.228536,neg_logloss,local,1.1.1,{'n_estimators': 2000},2.0.5,2022-05-31T13:03:49,13.4,11.3,0.5,2000,797019258,,0.98,,0.98,0.228536
openml.org/t/12,mfeat-factors,RandomForest,6m_10F_2c_8GB,6,multiclass,-0.226912,neg_logloss,local,1.1.1,{'n_estimators': 2000},2.0.5,2022-05-31T13:04:02,13.3,11.3,0.5,2000,797019259,,0.98,,0.98,0.226912
openml.org/t/12,mfeat-factors,RandomForest,6m_10F_2c_8GB,7,multiclass,-0.207582,neg_logloss,local,1.1.1,{'n_estimators': 2000},2.0.5,2022-05-31T13:04:15,12.9,10.9,0.5,2000,797019260,,0.96,,0.96,0.207582
openml.org/t/12,mfeat-factors,RandomForest,6m_10F_2c_8GB,8,multiclass,-0.22719,neg_logloss,local,1.1.1,{'n_estimators': 2000},2.0.5,2022-05-31T13:04:28,12.6,10.5,0.5,2000,797019261,,0.975,,0.975,0.22719
openml.org/t/12,mfeat-factors,RandomForest,6m_10F_2c_8GB,9,multiclass,-0.232986,neg_logloss,local,1.1.1,{'n_estimators': 2000},2.0.5,2022-05-31T13:04:40,12.8,10.8,0.5,2000,797019262,,0.985,,0.985,0.232986
openml.org/t/9952,phoneme,RandomForest,6m_10F_2c_8GB,0,binary,0.964042,auc,local,1.1.1,{'n_estimators': 2000},2.0.5,2022-05-31T13:04:56,12.3,10.3,0.5,2000,797019253,,0.907579,0.964042,0.890497,0.226729
openml.org/t/9952,phoneme,RandomForest,6m_10F_2c_8GB,1,binary,0.974332,auc,local,1.1.1,{'n_estimators': 2000},2.0.5,2022-05-31T13:05:08,11.3,9.4,0.5,2000,797019254,,0.926063,0.974332,0.916436,0.209284
openml.org/t/9952,phoneme,RandomForest,6m_10F_2c_8GB,2,binary,0.959358,auc,local,1.1.1,{'n_estimators': 2000},2.0.5,2022-05-31T13:05:19,11.3,9.5,0.5,2000,797019255,,0.902033,0.959358,0.87372,0.239608
openml.org/t/9952,phoneme,RandomForest,6m_10F_2c_8GB,3,binary,0.959301,auc,local,1.1.1,{'n_estimators': 2000},2.0.5,2022-05-31T13:05:30,11.3,9.4,0.5,2000,797019256,,0.896488,0.959301,0.8753,0.243212
openml.org/t/9952,phoneme,RandomForest,6m_10F_2c_8GB,4,binary,0.949798,auc,local,1.1.1,{'n_estimators': 2000},2.0.5,2022-05-31T13:05:42,11.8,9.8,0.5,2000,797019257,,0.905556,0.949798,0.879432,0.264524
openml.org/t/9952,phoneme,RandomForest,6m_10F_2c_8GB,5,binary,0.973988,auc,local,1.1.1,{'n_estimators': 2000},2.0.5,2022-05-31T13:05:54,12.4,10.3,0.5,2000,797019258,,0.931481,0.973988,0.916313,0.206911
openml.org/t/9952,phoneme,RandomForest,6m_10F_2c_8GB,6,binary,0.980027,auc,local,1.1.1,{'n_estimators': 2000},2.0.5,2022-05-31T13:06:06,11.3,9.4,0.5,2000,797019259,,0.933333,0.980027,0.921333,0.190263
openml.org/t/9952,phoneme,RandomForest,6m_10F_2c_8GB,7,binary,0.968247,auc,local,1.1.1,{'n_estimators': 2000},2.0.5,2022-05-31T13:06:17,11.4,9.5,0.5,2000,797019260,,0.92037,0.968247,0.89547,0.219595
openml.org/t/9952,phoneme,RandomForest,6m_10F_2c_8GB,8,binary,0.956643,auc,local,1.1.1,{'n_estimators': 2000},2.0.5,2022-05-31T13:06:30,12.5,10.4,0.5,2000,797019261,,0.894444,0.956643,0.866563,0.249388
openml.org/t/9952,phoneme,RandomForest,6m_10F_2c_8GB,9,binary,0.966391,auc,local,1.1.1,{'n_estimators': 2000},2.0.5,2022-05-31T13:06:41,11.4,9.5,0.5,2000,797019262,,0.918519,0.966391,0.883623,0.217752
openml.org/t/146822,segment,RandomForest,6m_10F_2c_8GB,0,multiclass,-0.10252,neg_logloss,local,1.1.1,{'n_estimators': 2000},2.0.5,2022-05-31T13:06:52,8.4,6.5,0.5,2000,797019253,,0.978355,,0.978355,0.10252
openml.org/t/146822,segment,RandomForest,6m_10F_2c_8GB,1,multiclass,-0.113864,neg_logloss,local,1.1.1,{'n_estimators': 2000},2.0.5,2022-05-31T13:07:00,8.1,6.3,0.5,2000,797019254,,0.969697,,0.969697,0.113864
openml.org/t/146822,segment,RandomForest,6m_10F_2c_8GB,2,multiclass,-0.0735804,neg_logloss,local,1.1.1,{'n_estimators': 2000},2.0.5,2022-05-31T13:07:08,8.0,6.0,0.5,2000,797019255,,0.982684,,0.982684,0.0735804
openml.org/t/146822,segment,RandomForest,6m_10F_2c_8GB,3,multiclass,-0.0960378,neg_logloss,local,1.1.1,{'n_estimators': 2000},2.0.5,2022-05-31T13:07:16,7.8,5.9,0.5,2000,797019256,,0.974026,,0.974026,0.0960378
openml.org/t/146822,segment,RandomForest,6m_10F_2c_8GB,4,multiclass,-0.0596711,neg_logloss,local,1.1.1,{'n_estimators': 2000},2.0.5,2022-05-31T13:07:24,8.0,6.0,0.5,2000,797019257,,0.995671,,0.995671,0.0596711
openml.org/t/146822,segment,RandomForest,6m_10F_2c_8GB,5,multiclass,-0.0837424,neg_logloss,local,1.1.1,{'n_estimators': 2000},2.0.5,2022-05-31T13:07:32,7.9,5.9,0.5,2000,797019258,,0.965368,,0.965368,0.0837424
openml.org/t/146822,segment,RandomForest,6m_10F_2c_8GB,6,multiclass,-0.0984671,neg_logloss,local,1.1.1,{'n_estimators': 2000},2.0.5,2022-05-31T13:07:39,7.8,6.0,0.5,2000,797019259,,0.978355,,0.978355,0.0984671
openml.org/t/146822,segment,RandomForest,6m_10F_2c_8GB,7,multiclass,-0.139741,neg_logloss,local,1.1.1,{'n_estimators': 2000},2.0.5,2022-05-31T13:07:48,8.1,6.1,0.5,2000,797019260,,0.965368,,0.965368,0.139741
openml.org/t/146822,segment,RandomForest,6m_10F_2c_8GB,8,multiclass,-0.103321,neg_logloss,local,1.1.1,{'n_estimators': 2000},2.0.5,2022-05-31T13:07:56,8.4,6.2,0.5,2000,797019261,,0.961039,,0.961039,0.103321
openml.org/t/146822,segment,RandomForest,6m_10F_2c_8GB,9,multiclass,-0.0887061,neg_logloss,local,1.1.1,{'n_estimators': 2000},2.0.5,2022-05-31T13:08:04,7.9,6.0,0.5,2000,797019262,,0.978355,,0.978355,0.0887061
openml.org/t/168912,sylvine,RandomForest,6m_10F_2c_8GB,0,binary,0.975453,auc,local,1.1.1,{'n_estimators': 2000},2.0.5,2022-05-31T13:08:21,13.9,12.0,0.5,2000,797019253,,0.927875,0.975453,0.92781,0.199083
openml.org/t/168912,sylvine,RandomForest,6m_10F_2c_8GB,1,binary,0.98784,auc,local,1.1.1,{'n_estimators': 2000},2.0.5,2022-05-31T13:08:35,13.6,11.7,0.5,2000,797019254,,0.94152,0.98784,0.941459,0.158908
openml.org/t/168912,sylvine,RandomForest,6m_10F_2c_8GB,2,binary,0.985621,auc,local,1.1.1,{'n_estimators': 2000},2.0.5,2022-05-31T13:08:49,14.1,12.1,0.5,2000,797019255,,0.949318,0.985621,0.949356,0.169805
openml.org/t/168912,sylvine,RandomForest,6m_10F_2c_8GB,3,binary,0.98474,auc,local,1.1.1,{'n_estimators': 2000},2.0.5,2022-05-31T13:09:03,13.9,11.9,0.5,2000,797019256,,0.939571,0.98474,0.939605,0.172812
openml.org/t/168912,sylvine,RandomForest,6m_10F_2c_8GB,4,binary,0.985046,auc,local,1.1.1,{'n_estimators': 2000},2.0.5,2022-05-31T13:09:17,13.9,12.0,0.5,2000,797019257,,0.935547,0.985046,0.935547,0.173506
openml.org/t/168912,sylvine,RandomForest,6m_10F_2c_8GB,5,binary,0.978348,auc,local,1.1.1,{'n_estimators': 2000},2.0.5,2022-05-31T13:09:31,14.2,12.3,0.5,2000,797019258,,0.929688,0.978348,0.929688,0.185911
openml.org/t/168912,sylvine,RandomForest,6m_10F_2c_8GB,6,binary,0.980644,auc,local,1.1.1,{'n_estimators': 2000},2.0.5,2022-05-31T13:09:45,13.9,11.9,0.5,2000,797019259,,0.935547,0.980644,0.935547,0.182284
openml.org/t/168912,sylvine,RandomForest,6m_10F_2c_8GB,7,binary,0.980957,auc,local,1.1.1,{'n_estimators': 2000},2.0.5,2022-05-31T13:09:59,14.6,12.6,0.5,2000,797019260,,0.935547,0.980957,0.935547,0.182419
openml.org/t/168912,sylvine,RandomForest,6m_10F_2c_8GB,8,binary,0.986824,auc,local,1.1.1,{'n_estimators': 2000},2.0.5,2022-05-31T13:10:14,14.5,12.4,0.6,2000,797019261,,0.941406,0.986824,0.941406,0.170898
openml.org/t/168912,sylvine,RandomForest,6m_10F_2c_8GB,9,binary,0.986542,auc,local,1.1.1,{'n_estimators': 2000},2.0.5,2022-05-31T13:10:28,13.8,11.8,0.5,2000,797019262,,0.933594,0.986542,0.933594,0.169453
openml.org/t/53,vehicle,RandomForest,6m_10F_2c_8GB,0,multiclass,-0.493343,neg_logloss,local,1.1.1,{'n_estimators': 2000},2.0.5,2022-05-31T13:10:36,6.6,4.8,0.4,2000,797019253,,0.776471,,0.777543,0.493343
openml.org/t/53,vehicle,RandomForest,6m_10F_2c_8GB,1,multiclass,-0.497338,neg_logloss,local,1.1.1,{'n_estimators': 2000},2.0.5,2022-05-31T13:10:43,6.9,4.9,0.4,2000,797019254,,0.741176,,0.74513,0.497338
openml.org/t/53,vehicle,RandomForest,6m_10F_2c_8GB,2,multiclass,-0.537684,neg_logloss,local,1.1.1,{'n_estimators': 2000},2.0.5,2022-05-31T13:10:50,7.3,5.3,0.4,2000,797019255,,0.717647,,0.720779,0.537684
openml.org/t/53,vehicle,RandomForest,6m_10F_2c_8GB,3,multiclass,-0.453627,neg_logloss,local,1.1.1,{'n_estimators': 2000},2.0.5,2022-05-31T13:10:57,6.7,4.9,0.4,2000,797019256,,0.776471,,0.777597,0.453627
openml.org/t/53,vehicle,RandomForest,6m_10F_2c_8GB,4,multiclass,-0.478595,neg_logloss,local,1.1.1,{'n_estimators': 2000},2.0.5,2022-05-31T13:11:03,6.8,5.0,0.4,2000,797019257,,0.788235,,0.789989,0.478595
openml.org/t/53,vehicle,RandomForest,6m_10F_2c_8GB,5,multiclass,-0.501183,neg_logloss,local,1.1.1,{'n_estimators': 2000},2.0.5,2022-05-31T13:11:10,6.7,4.9,0.4,2000,797019258,,0.752941,,0.755952,0.501183
openml.org/t/53,vehicle,RandomForest,6m_10F_2c_8GB,6,multiclass,-0.49322,neg_logloss,local,1.1.1,{'n_estimators': 2000},2.0.5,2022-05-31T13:11:17,6.7,4.9,0.5,2000,797019259,,0.72619,,0.738095,0.49322
openml.org/t/53,vehicle,RandomForest,6m_10F_2c_8GB,7,multiclass,-0.458642,neg_logloss,local,1.1.1,{'n_estimators': 2000},2.0.5,2022-05-31T13:11:23,6.6,4.8,0.4,2000,797019260,,0.797619,,0.801948,0.458642
openml.org/t/53,vehicle,RandomForest,6m_10F_2c_8GB,8,multiclass,-0.488741,neg_logloss,local,1.1.1,{'n_estimators': 2000},2.0.5,2022-05-31T13:11:30,6.6,4.8,0.4,2000,797019261,,0.72619,,0.72619,0.488741
openml.org/t/53,vehicle,RandomForest,6m_10F_2c_8GB,9,multiclass,-0.566802,neg_logloss,local,1.1.1,{'n_estimators': 2000},2.0.5,2022-05-31T13:11:37,6.5,4.8,0.4,2000,797019262,,0.702381,,0.701786,0.566802
