id,task,framework,constraint,fold,type,result,metric,mode,version,params,app_version,utc,duration,training_duration,predict_duration,models_count,seed,info,acc,auc,balacc,logloss
openml.org/t/146818,Australian,TunedRandomForest,6m_10F_2c_8GB,0,binary,0.938879,auc,local,1.1.1,{'n_estimators': 2000},2.0.5,2022-05-30T20:14:57,330.4,328.3,0.5,2000,126939545,,0.855072,0.938879,0.859508,0.732848
openml.org/t/146818,Australian,TunedRandomForest,6m_10F_2c_8GB,1,binary,0.924024,auc,local,1.1.1,{'n_estimators': 2000},2.0.5,2022-05-30T20:20:28,330.4,328.6,0.4,2000,126939546,,0.898551,0.924024,0.89601,0.352076
openml.org/t/146818,Australian,TunedRandomForest,6m_10F_2c_8GB,2,binary,0.908319,auc,local,1.1.1,{'n_estimators': 2000},2.0.5,2022-05-30T20:25:58,330.5,328.7,0.4,2000,126939547,,0.855072,0.908319,0.853565,0.373234
openml.org/t/146818,Australian,TunedRandomForest,6m_10F_2c_8GB,3,binary,0.933786,auc,local,1.1.1,{'n_estimators': 2000},2.0.5,2022-05-30T20:31:28,330.0,328.2,0.4,2000,126939548,,0.84058,0.933786,0.84635,0.339639
openml.org/t/146818,Australian,TunedRandomForest,6m_10F_2c_8GB,4,binary,0.960102,auc,local,1.1.1,{'n_estimators': 2000},2.0.5,2022-05-30T20:36:59,330.2,328.4,0.4,2000,126939549,,0.898551,0.960102,0.898981,0.267418
openml.org/t/146818,Australian,TunedRandomForest,6m_10F_2c_8GB,5,binary,0.974533,auc,local,1.1.1,{'n_estimators': 2000},2.0.5,2022-05-30T20:42:28,329.9,328.1,0.4,2000,126939550,,0.898551,0.974533,0.898981,0.261921
openml.org/t/146818,Australian,TunedRandomForest,6m_10F_2c_8GB,6,binary,0.919355,auc,local,1.1.1,{'n_estimators': 2000},2.0.5,2022-05-30T20:47:59,330.1,328.3,0.4,2000,126939551,,0.869565,0.919355,0.872666,0.367246
openml.org/t/146818,Australian,TunedRandomForest,6m_10F_2c_8GB,7,binary,0.941026,auc,local,1.1.1,{'n_estimators': 2000},2.0.5,2022-05-30T20:53:28,329.7,327.9,0.4,2000,126939552,,0.898551,0.941026,0.894872,0.349884
openml.org/t/146818,Australian,TunedRandomForest,6m_10F_2c_8GB,8,binary,0.960684,auc,local,1.1.1,{'n_estimators': 2000},2.0.5,2022-05-30T20:58:58,330.0,328.2,0.4,2000,126939553,,0.884058,0.960684,0.874359,0.272212
openml.org/t/146818,Australian,TunedRandomForest,6m_10F_2c_8GB,9,binary,0.912393,auc,local,1.1.1,{'n_estimators': 2000},2.0.5,2022-05-30T21:04:29,330.7,328.8,0.5,2000,126939554,,0.855072,0.912393,0.85641,0.40249
openml.org/t/10101,blood-transfusion,TunedRandomForest,6m_10F_2c_8GB,0,binary,0.75731,auc,local,1.1.1,{'n_estimators': 2000},2.0.5,2022-05-30T21:10:18,329.0,327.2,0.4,2000,126939545,,0.76,0.75731,0.595029,0.47958
openml.org/t/10101,blood-transfusion,TunedRandomForest,6m_10F_2c_8GB,1,binary,0.701267,auc,local,1.1.1,{'n_estimators': 2000},2.0.5,2022-05-30T21:15:48,329.6,327.9,0.4,2000,126939546,,0.733333,0.701267,0.55848,0.526006
openml.org/t/10101,blood-transfusion,TunedRandomForest,6m_10F_2c_8GB,2,binary,0.614522,auc,local,1.1.1,{'n_estimators': 2000},2.0.5,2022-05-30T21:21:17,329.2,327.3,0.4,2000,126939547,,0.733333,0.614522,0.55848,0.654023
openml.org/t/10101,blood-transfusion,TunedRandomForest,6m_10F_2c_8GB,3,binary,0.676901,auc,local,1.1.1,{'n_estimators': 2000},2.0.5,2022-05-30T21:26:46,329.3,327.6,0.4,2000,126939548,,0.746667,0.676901,0.624269,0.610341
openml.org/t/10101,blood-transfusion,TunedRandomForest,6m_10F_2c_8GB,4,binary,0.810916,auc,local,1.1.1,{'n_estimators': 2000},2.0.5,2022-05-30T21:32:17,330.6,328.7,0.4,2000,126939549,,0.826667,0.810916,0.676901,0.426482
openml.org/t/10101,blood-transfusion,TunedRandomForest,6m_10F_2c_8GB,5,binary,0.652534,auc,local,1.1.1,{'n_estimators': 2000},2.0.5,2022-05-30T21:37:47,330.1,328.3,0.4,2000,126939550,,0.72,0.652534,0.549708,0.610015
openml.org/t/10101,blood-transfusion,TunedRandomForest,6m_10F_2c_8GB,6,binary,0.675439,auc,local,1.1.1,{'n_estimators': 2000},2.0.5,2022-05-30T21:43:16,329.3,327.5,0.4,2000,126939551,,0.733333,0.675439,0.577485,1.07932
openml.org/t/10101,blood-transfusion,TunedRandomForest,6m_10F_2c_8GB,7,binary,0.623294,auc,local,1.1.1,{'n_estimators': 2000},2.0.5,2022-05-30T21:48:45,329.3,327.6,0.4,2000,126939552,,0.76,0.623294,0.614035,0.575845
openml.org/t/10101,blood-transfusion,TunedRandomForest,6m_10F_2c_8GB,8,binary,0.734778,auc,local,1.1.1,{'n_estimators': 2000},2.0.5,2022-05-30T21:54:15,329.9,328.1,0.4,2000,126939553,,0.810811,0.734778,0.712074,0.623735
openml.org/t/10101,blood-transfusion,TunedRandomForest,6m_10F_2c_8GB,9,binary,0.622807,auc,local,1.1.1,{'n_estimators': 2000},2.0.5,2022-05-30T21:59:46,330.2,328.4,0.4,2000,126939554,,0.702703,0.622807,0.5387,1.09721
openml.org/t/146821,car,TunedRandomForest,6m_10F_2c_8GB,0,multiclass,-0.0527605,neg_logloss,local,1.1.1,{'n_estimators': 2000},2.0.5,2022-05-30T22:05:16,329.4,327.4,0.5,2000,126939545,,0.982659,,0.985113,0.0527605
openml.org/t/146821,car,TunedRandomForest,6m_10F_2c_8GB,1,multiclass,-0.0434691,neg_logloss,local,1.1.1,{'n_estimators': 2000},2.0.5,2022-05-30T22:10:46,329.5,327.4,0.5,2000,126939546,,0.982659,,0.960153,0.0434691
openml.org/t/146821,car,TunedRandomForest,6m_10F_2c_8GB,2,multiclass,-0.0360175,neg_logloss,local,1.1.1,{'n_estimators': 2000},2.0.5,2022-05-30T22:16:15,329.5,327.4,0.5,2000,126939547,,0.988439,,0.995868,0.0360175
openml.org/t/146821,car,TunedRandomForest,6m_10F_2c_8GB,3,multiclass,-0.040223,neg_logloss,local,1.1.1,{'n_estimators': 2000},2.0.5,2022-05-30T22:21:46,330.6,328.7,0.5,2000,126939548,,0.988439,,0.987179,0.040223
openml.org/t/146821,car,TunedRandomForest,6m_10F_2c_8GB,4,multiclass,-0.0332365,neg_logloss,local,1.1.1,{'n_estimators': 2000},2.0.5,2022-05-30T22:27:16,330.5,328.6,0.5,2000,126939549,,0.99422,,0.993421,0.0332365
openml.org/t/146821,car,TunedRandomForest,6m_10F_2c_8GB,5,multiclass,-0.0528765,neg_logloss,local,1.1.1,{'n_estimators': 2000},2.0.5,2022-05-30T22:32:46,329.9,327.9,0.5,2000,126939550,,0.982659,,0.951128,0.0528765
openml.org/t/146821,car,TunedRandomForest,6m_10F_2c_8GB,6,multiclass,-0.03472,neg_logloss,local,1.1.1,{'n_estimators': 2000},2.0.5,2022-05-30T22:38:16,329.6,327.7,0.5,2000,126939551,,1.0,,1.0,0.03472
openml.org/t/146821,car,TunedRandomForest,6m_10F_2c_8GB,7,multiclass,-0.0616849,neg_logloss,local,1.1.1,{'n_estimators': 2000},2.0.5,2022-05-30T22:43:47,330.7,328.7,0.5,2000,126939552,,0.965318,,0.974065,0.0616849
openml.org/t/146821,car,TunedRandomForest,6m_10F_2c_8GB,8,multiclass,-0.0391044,neg_logloss,local,1.1.1,{'n_estimators': 2000},2.0.5,2022-05-30T22:49:17,330.6,328.4,0.5,2000,126939553,,0.988372,,0.957707,0.0391044
openml.org/t/146821,car,TunedRandomForest,6m_10F_2c_8GB,9,multiclass,-0.0299197,neg_logloss,local,1.1.1,{'n_estimators': 2000},2.0.5,2022-05-30T22:54:48,330.5,328.5,0.5,2000,126939554,,0.994186,,0.997934,0.0299197
openml.org/t/168908,christine,TunedRandomForest,6m_10F_2c_8GB,0,binary,0.82008,auc,local,1.1.1,{'n_estimators': 2000},2.0.5,2022-05-30T23:01:00,362.2,359.8,0.2,1070,126939545,,0.730627,0.82008,0.730627,0.538378
openml.org/t/168908,christine,TunedRandomForest,6m_10F_2c_8GB,1,binary,0.815525,auc,local,1.1.1,{'n_estimators': 2000},2.0.5,2022-05-30T23:07:01,361.8,359.7,0.2,1070,126939546,,0.739852,0.815525,0.739852,0.540547
openml.org/t/168908,christine,TunedRandomForest,6m_10F_2c_8GB,2,binary,0.80869,auc,local,1.1.1,{'n_estimators': 2000},2.0.5,2022-05-30T23:13:04,362.2,359.9,0.4,1420,126939547,,0.736162,0.80869,0.736162,0.550615
openml.org/t/168908,christine,TunedRandomForest,6m_10F_2c_8GB,3,binary,0.795114,auc,local,1.1.1,{'n_estimators': 2000},2.0.5,2022-05-30T23:19:05,361.8,359.7,0.3,1220,126939548,,0.725092,0.795114,0.725092,0.55533
openml.org/t/168908,christine,TunedRandomForest,6m_10F_2c_8GB,4,binary,0.803706,auc,local,1.1.1,{'n_estimators': 2000},2.0.5,2022-05-30T23:25:07,361.7,359.5,0.3,1160,126939549,,0.706642,0.803706,0.706642,0.554672
openml.org/t/168908,christine,TunedRandomForest,6m_10F_2c_8GB,5,binary,0.811679,auc,local,1.1.1,{'n_estimators': 2000},2.0.5,2022-05-30T23:31:10,362.4,359.9,0.4,1680,126939550,,0.734317,0.811679,0.734317,0.551371
openml.org/t/168908,christine,TunedRandomForest,6m_10F_2c_8GB,6,binary,0.808935,auc,local,1.1.1,{'n_estimators': 2000},2.0.5,2022-05-30T23:37:12,362.0,359.8,0.3,1100,126939551,,0.734317,0.808935,0.734317,0.549912
openml.org/t/168908,christine,TunedRandomForest,6m_10F_2c_8GB,7,binary,0.815226,auc,local,1.1.1,{'n_estimators': 2000},2.0.5,2022-05-30T23:43:13,361.8,359.7,0.2,870,126939552,,0.725092,0.815226,0.725092,0.538375
openml.org/t/168908,christine,TunedRandomForest,6m_10F_2c_8GB,8,binary,0.807688,auc,local,1.1.1,{'n_estimators': 2000},2.0.5,2022-05-30T23:49:15,361.8,359.6,0.3,1160,126939553,,0.71719,0.807688,0.717097,0.554406
openml.org/t/168908,christine,TunedRandomForest,6m_10F_2c_8GB,9,binary,0.761576,auc,local,1.1.1,{'n_estimators': 2000},2.0.5,2022-05-30T23:55:17,361.8,359.7,0.2,1010,126939554,,0.700555,0.761576,0.700636,0.583005
openml.org/t/9981,cnae-9,TunedRandomForest,6m_10F_2c_8GB,0,multiclass,-0.264874,neg_logloss,local,1.1.1,{'n_estimators': 2000},2.0.5,2022-05-31T00:01:03,333.9,331.8,0.5,2000,126939545,,0.916667,,0.916667,0.264874
openml.org/t/9981,cnae-9,TunedRandomForest,6m_10F_2c_8GB,1,multiclass,-0.373474,neg_logloss,local,1.1.1,{'n_estimators': 2000},2.0.5,2022-05-31T00:06:35,332.4,330.4,0.5,2000,126939546,,0.888889,,0.888889,0.373474
openml.org/t/9981,cnae-9,TunedRandomForest,6m_10F_2c_8GB,2,multiclass,-0.264572,neg_logloss,local,1.1.1,{'n_estimators': 2000},2.0.5,2022-05-31T00:12:07,331.9,329.9,0.5,2000,126939547,,0.953704,,0.953704,0.264572
openml.org/t/9981,cnae-9,TunedRandomForest,6m_10F_2c_8GB,3,multiclass,-0.358884,neg_logloss,local,1.1.1,{'n_estimators': 2000},2.0.5,2022-05-31T00:17:39,331.6,329.6,0.5,2000,126939548,,0.888889,,0.888889,0.358884
openml.org/t/9981,cnae-9,TunedRandomForest,6m_10F_2c_8GB,4,multiclass,-0.310579,neg_logloss,local,1.1.1,{'n_estimators': 2000},2.0.5,2022-05-31T00:23:12,332.7,330.6,0.5,2000,126939549,,0.944444,,0.944444,0.310579
openml.org/t/9981,cnae-9,TunedRandomForest,6m_10F_2c_8GB,5,multiclass,-0.285812,neg_logloss,local,1.1.1,{'n_estimators': 2000},2.0.5,2022-05-31T00:28:44,332.2,330.1,0.5,2000,126939550,,0.944444,,0.944444,0.285812
openml.org/t/9981,cnae-9,TunedRandomForest,6m_10F_2c_8GB,6,multiclass,-0.282728,neg_logloss,local,1.1.1,{'n_estimators': 2000},2.0.5,2022-05-31T00:34:15,331.6,329.6,0.4,2000,126939551,,0.944444,,0.944444,0.282728
openml.org/t/9981,cnae-9,TunedRandomForest,6m_10F_2c_8GB,7,multiclass,-0.322067,neg_logloss,local,1.1.1,{'n_estimators': 2000},2.0.5,2022-05-31T00:39:47,331.4,329.4,0.5,2000,126939552,,0.898148,,0.898148,0.322067
openml.org/t/9981,cnae-9,TunedRandomForest,6m_10F_2c_8GB,8,multiclass,-0.285796,neg_logloss,local,1.1.1,{'n_estimators': 2000},2.0.5,2022-05-31T00:45:20,333.6,331.5,0.5,2000,126939553,,0.916667,,0.916667,0.285796
openml.org/t/9981,cnae-9,TunedRandomForest,6m_10F_2c_8GB,9,multiclass,-0.275636,neg_logloss,local,1.1.1,{'n_estimators': 2000},2.0.5,2022-05-31T00:50:53,332.5,330.4,0.5,2000,126939554,,0.925926,,0.925926,0.275636
openml.org/t/31,credit-g,TunedRandomForest,6m_10F_2c_8GB,0,binary,0.871429,auc,local,1.1.1,{'n_estimators': 2000},2.0.5,2022-05-31T00:56:25,329.5,327.7,0.4,2000,126939545,,0.8,0.871429,0.704762,0.439154
openml.org/t/31,credit-g,TunedRandomForest,6m_10F_2c_8GB,1,binary,0.756429,auc,local,1.1.1,{'n_estimators': 2000},2.0.5,2022-05-31T01:01:55,330.0,328.2,0.4,2000,126939546,,0.75,0.756429,0.621429,0.511729
openml.org/t/31,credit-g,TunedRandomForest,6m_10F_2c_8GB,2,binary,0.783333,auc,local,1.1.1,{'n_estimators': 2000},2.0.5,2022-05-31T01:07:25,329.7,327.9,0.5,2000,126939547,,0.77,0.783333,0.635714,0.50464
openml.org/t/31,credit-g,TunedRandomForest,6m_10F_2c_8GB,3,binary,0.778571,auc,local,1.1.1,{'n_estimators': 2000},2.0.5,2022-05-31T01:12:55,330.0,328.2,0.4,2000,126939548,,0.81,0.778571,0.721429,0.506717
openml.org/t/31,credit-g,TunedRandomForest,6m_10F_2c_8GB,4,binary,0.806429,auc,local,1.1.1,{'n_estimators': 2000},2.0.5,2022-05-31T01:18:25,330.3,328.5,0.4,2000,126939549,,0.71,0.806429,0.57381,0.49763
openml.org/t/31,credit-g,TunedRandomForest,6m_10F_2c_8GB,5,binary,0.827143,auc,local,1.1.1,{'n_estimators': 2000},2.0.5,2022-05-31T01:23:55,330.3,328.5,0.5,2000,126939550,,0.77,0.827143,0.654762,0.481878
openml.org/t/31,credit-g,TunedRandomForest,6m_10F_2c_8GB,6,binary,0.807619,auc,local,1.1.1,{'n_estimators': 2000},2.0.5,2022-05-31T01:29:26,330.3,328.5,0.4,2000,126939551,,0.71,0.807619,0.592857,0.489334
openml.org/t/31,credit-g,TunedRandomForest,6m_10F_2c_8GB,7,binary,0.821905,auc,local,1.1.1,{'n_estimators': 2000},2.0.5,2022-05-31T01:34:55,329.8,328.1,0.4,2000,126939552,,0.79,0.821905,0.669048,0.47866
openml.org/t/31,credit-g,TunedRandomForest,6m_10F_2c_8GB,8,binary,0.792381,auc,local,1.1.1,{'n_estimators': 2000},2.0.5,2022-05-31T01:40:26,330.6,328.6,0.5,2000,126939553,,0.75,0.792381,0.611905,0.503711
openml.org/t/31,credit-g,TunedRandomForest,6m_10F_2c_8GB,9,binary,0.782857,auc,local,1.1.1,{'n_estimators': 2000},2.0.5,2022-05-31T01:45:57,330.7,328.9,0.4,2000,126939554,,0.74,0.782857,0.62381,0.504086
openml.org/t/168909,dilbert,TunedRandomForest,6m_10F_2c_8GB,0,multiclass,-0.340081,neg_logloss,local,1.1.1,{'n_estimators': 2000},2.0.5,2022-05-31T01:52:37,361.7,359.0,0.2,920,126939545,,0.975,,0.975195,0.340081
openml.org/t/168909,dilbert,TunedRandomForest,6m_10F_2c_8GB,1,multiclass,-0.328374,neg_logloss,local,1.1.1,{'n_estimators': 2000},2.0.5,2022-05-31T01:58:38,361.1,358.8,0.2,900,126939546,,0.976,,0.97601,0.328374
openml.org/t/168909,dilbert,TunedRandomForest,6m_10F_2c_8GB,2,multiclass,-0.339592,neg_logloss,local,1.1.1,{'n_estimators': 2000},2.0.5,2022-05-31T02:04:40,361.7,359.4,0.2,940,126939547,,0.966,,0.966043,0.339592
openml.org/t/168909,dilbert,TunedRandomForest,6m_10F_2c_8GB,3,multiclass,-0.331101,neg_logloss,local,1.1.1,{'n_estimators': 2000},2.0.5,2022-05-31T02:10:40,360.9,358.5,0.2,940,126939548,,0.98,,0.98003,0.331101
openml.org/t/168909,dilbert,TunedRandomForest,6m_10F_2c_8GB,4,multiclass,-0.321065,neg_logloss,local,1.1.1,{'n_estimators': 2000},2.0.5,2022-05-31T02:16:41,360.7,358.3,0.2,900,126939549,,0.98,,0.98009,0.321065
openml.org/t/168909,dilbert,TunedRandomForest,6m_10F_2c_8GB,5,multiclass,-0.323529,neg_logloss,local,1.1.1,{'n_estimators': 2000},2.0.5,2022-05-31T02:22:43,362.1,359.6,0.3,850,126939550,,0.977,,0.977012,0.323529
openml.org/t/168909,dilbert,TunedRandomForest,6m_10F_2c_8GB,6,multiclass,-0.330593,neg_logloss,local,1.1.1,{'n_estimators': 2000},2.0.5,2022-05-31T02:28:45,361.3,358.7,0.2,830,126939551,,0.977,,0.977158,0.330593
openml.org/t/168909,dilbert,TunedRandomForest,6m_10F_2c_8GB,7,multiclass,-0.339041,neg_logloss,local,1.1.1,{'n_estimators': 2000},2.0.5,2022-05-31T02:34:46,361.3,358.7,0.3,880,126939552,,0.975,,0.975229,0.339041
openml.org/t/168909,dilbert,TunedRandomForest,6m_10F_2c_8GB,8,multiclass,-0.311775,neg_logloss,local,1.1.1,{'n_estimators': 2000},2.0.5,2022-05-31T02:40:49,363.1,360.0,0.3,910,126939553,,0.977,,0.977024,0.311775
openml.org/t/168909,dilbert,TunedRandomForest,6m_10F_2c_8GB,9,multiclass,-0.321839,neg_logloss,local,1.1.1,{'n_estimators': 2000},2.0.5,2022-05-31T02:46:52,362.5,359.5,0.2,870,126939554,,0.98,,0.980336,0.321839
openml.org/t/168910,fabert,TunedRandomForest,6m_10F_2c_8GB,0,multiclass,-0.79309,neg_logloss,local,1.1.1,{'n_estimators': 2000},2.0.5,2022-05-31T02:52:57,362.2,360.0,0.4,1410,126939545,,0.707524,,0.671278,0.79309
openml.org/t/168910,fabert,TunedRandomForest,6m_10F_2c_8GB,1,multiclass,-0.792675,neg_logloss,local,1.1.1,{'n_estimators': 2000},2.0.5,2022-05-31T02:58:58,361.8,359.9,0.3,1040,126939546,,0.720874,,0.691413,0.792675
openml.org/t/168910,fabert,TunedRandomForest,6m_10F_2c_8GB,2,multiclass,-0.816264,neg_logloss,local,1.1.1,{'n_estimators': 2000},2.0.5,2022-05-31T03:04:55,356.9,354.6,0.5,2000,126939547,,0.716019,,0.681139,0.816264
openml.org/t/168910,fabert,TunedRandomForest,6m_10F_2c_8GB,3,multiclass,-0.818036,neg_logloss,local,1.1.1,{'n_estimators': 2000},2.0.5,2022-05-31T03:10:57,362.0,359.8,0.4,1350,126939548,,0.703883,,0.678677,0.818036
openml.org/t/168910,fabert,TunedRandomForest,6m_10F_2c_8GB,4,multiclass,-0.828031,neg_logloss,local,1.1.1,{'n_estimators': 2000},2.0.5,2022-05-31T03:17:00,362.4,359.8,0.5,1920,126939549,,0.711165,,0.672228,0.828031
openml.org/t/168910,fabert,TunedRandomForest,6m_10F_2c_8GB,5,multiclass,-0.791421,neg_logloss,local,1.1.1,{'n_estimators': 2000},2.0.5,2022-05-31T03:22:58,357.7,355.2,0.5,2000,126939550,,0.731796,,0.699849,0.791421
openml.org/t/168910,fabert,TunedRandomForest,6m_10F_2c_8GB,6,multiclass,-0.84327,neg_logloss,local,1.1.1,{'n_estimators': 2000},2.0.5,2022-05-31T03:28:56,358.7,356.5,0.5,2000,126939551,,0.699029,,0.66893,0.84327
openml.org/t/168910,fabert,TunedRandomForest,6m_10F_2c_8GB,7,multiclass,-0.814559,neg_logloss,local,1.1.1,{'n_estimators': 2000},2.0.5,2022-05-31T03:34:58,361.8,359.8,0.4,1320,126939552,,0.687728,,0.652529,0.814559
openml.org/t/168910,fabert,TunedRandomForest,6m_10F_2c_8GB,8,multiclass,-0.846022,neg_logloss,local,1.1.1,{'n_estimators': 2000},2.0.5,2022-05-31T03:41:00,362.0,360.0,0.4,1590,126939553,,0.705954,,0.673159,0.846022
openml.org/t/168910,fabert,TunedRandomForest,6m_10F_2c_8GB,9,multiclass,-0.841361,neg_logloss,local,1.1.1,{'n_estimators': 2000},2.0.5,2022-05-31T03:47:02,362.0,359.8,0.4,1900,126939554,,0.695018,,0.659444,0.841361
openml.org/t/168911,jasmine,TunedRandomForest,6m_10F_2c_8GB,0,binary,0.879843,auc,local,1.1.1,{'n_estimators': 2000},2.0.5,2022-05-31T03:52:36,331.5,329.3,0.5,2000,126939545,,0.816054,0.879843,0.815615,0.39591
openml.org/t/168911,jasmine,TunedRandomForest,6m_10F_2c_8GB,1,binary,0.89443,auc,local,1.1.1,{'n_estimators': 2000},2.0.5,2022-05-31T03:58:07,331.7,329.6,0.5,2000,126939546,,0.812709,0.89443,0.81226,0.396808
openml.org/t/168911,jasmine,TunedRandomForest,6m_10F_2c_8GB,2,binary,0.923826,auc,local,1.1.1,{'n_estimators': 2000},2.0.5,2022-05-31T04:03:39,332.0,329.9,0.5,2000,126939547,,0.852843,0.923826,0.853311,0.353075
openml.org/t/168911,jasmine,TunedRandomForest,6m_10F_2c_8GB,3,binary,0.868635,auc,local,1.1.1,{'n_estimators': 2000},2.0.5,2022-05-31T04:09:11,331.7,329.6,0.5,2000,126939548,,0.829431,0.868635,0.829955,0.40223
openml.org/t/168911,jasmine,TunedRandomForest,6m_10F_2c_8GB,4,binary,0.889104,auc,local,1.1.1,{'n_estimators': 2000},2.0.5,2022-05-31T04:14:42,331.3,329.1,0.5,2000,126939549,,0.788591,0.889104,0.788591,0.427104
openml.org/t/168911,jasmine,TunedRandomForest,6m_10F_2c_8GB,5,binary,0.884284,auc,local,1.1.1,{'n_estimators': 2000},2.0.5,2022-05-31T04:20:15,332.6,330.3,0.5,2000,126939550,,0.805369,0.884284,0.805369,0.4059
openml.org/t/168911,jasmine,TunedRandomForest,6m_10F_2c_8GB,6,binary,0.890591,auc,local,1.1.1,{'n_estimators': 2000},2.0.5,2022-05-31T04:25:47,331.8,329.7,0.5,2000,126939551,,0.832215,0.890591,0.832215,0.397069
openml.org/t/168911,jasmine,TunedRandomForest,6m_10F_2c_8GB,7,binary,0.866245,auc,local,1.1.1,{'n_estimators': 2000},2.0.5,2022-05-31T04:31:19,331.9,329.7,0.5,2000,126939552,,0.798658,0.866245,0.798658,0.424374
openml.org/t/168911,jasmine,TunedRandomForest,6m_10F_2c_8GB,8,binary,0.89246,auc,local,1.1.1,{'n_estimators': 2000},2.0.5,2022-05-31T04:36:51,332.2,329.8,0.6,2000,126939553,,0.828859,0.89246,0.828859,0.390885
openml.org/t/168911,jasmine,TunedRandomForest,6m_10F_2c_8GB,9,binary,0.888564,auc,local,1.1.1,{'n_estimators': 2000},2.0.5,2022-05-31T04:42:23,332.2,330.1,0.4,2000,126939554,,0.812081,0.888564,0.812081,0.382043
openml.org/t/3917,kc1,TunedRandomForest,6m_10F_2c_8GB,0,binary,0.854836,auc,local,1.1.1,{'n_estimators': 2000},2.0.5,2022-05-31T04:47:55,330.7,328.9,0.5,2000,126939545,,0.876777,0.854836,0.683572,0.313875
openml.org/t/3917,kc1,TunedRandomForest,6m_10F_2c_8GB,1,binary,0.819571,auc,local,1.1.1,{'n_estimators': 2000},2.0.5,2022-05-31T04:53:25,330.0,328.1,0.5,2000,126939546,,0.881517,0.819571,0.673534,0.47698
openml.org/t/3917,kc1,TunedRandomForest,6m_10F_2c_8GB,2,binary,0.880761,auc,local,1.1.1,{'n_estimators': 2000},2.0.5,2022-05-31T04:58:56,330.7,328.8,0.5,2000,126939547,,0.853081,0.880761,0.605447,0.290112
openml.org/t/3917,kc1,TunedRandomForest,6m_10F_2c_8GB,3,binary,0.848315,auc,local,1.1.1,{'n_estimators': 2000},2.0.5,2022-05-31T05:04:26,329.9,328.1,0.5,2000,126939548,,0.853081,0.848315,0.604358,0.460393
openml.org/t/3917,kc1,TunedRandomForest,6m_10F_2c_8GB,4,binary,0.778175,auc,local,1.1.1,{'n_estimators': 2000},2.0.5,2022-05-31T05:09:57,330.5,328.6,0.5,2000,126939549,,0.834123,0.778175,0.58078,0.558166
openml.org/t/3917,kc1,TunedRandomForest,6m_10F_2c_8GB,5,binary,0.818693,auc,local,1.1.1,{'n_estimators': 2000},2.0.5,2022-05-31T05:15:27,330.1,328.2,0.5,2000,126939550,,0.853081,0.818693,0.604358,0.357031
openml.org/t/3917,kc1,TunedRandomForest,6m_10F_2c_8GB,6,binary,0.859465,auc,local,1.1.1,{'n_estimators': 2000},2.0.5,2022-05-31T05:20:56,329.8,328.0,0.5,2000,126939551,,0.886256,0.859465,0.673391,0.440434
openml.org/t/3917,kc1,TunedRandomForest,6m_10F_2c_8GB,7,binary,0.861934,auc,local,1.1.1,{'n_estimators': 2000},2.0.5,2022-05-31T05:26:26,329.9,328.0,0.5,2000,126939552,,0.853081,0.861934,0.616701,0.311095
openml.org/t/3917,kc1,TunedRandomForest,6m_10F_2c_8GB,8,binary,0.89462,auc,local,1.1.1,{'n_estimators': 2000},2.0.5,2022-05-31T05:31:56,330.1,328.2,0.5,2000,126939553,,0.886256,0.89462,0.698076,0.274515
openml.org/t/3917,kc1,TunedRandomForest,6m_10F_2c_8GB,9,binary,0.791081,auc,local,1.1.1,{'n_estimators': 2000},2.0.5,2022-05-31T05:37:26,329.7,327.9,0.5,2000,126939554,,0.861905,0.791081,0.649403,0.652631
openml.org/t/3,kr-vs-kp,TunedRandomForest,6m_10F_2c_8GB,0,binary,0.999883,auc,local,1.1.1,{'n_estimators': 2000},2.0.5,2022-05-31T05:42:59,330.5,328.6,0.5,2000,126939545,,0.99375,0.999883,0.993738,0.0156797
openml.org/t/3,kr-vs-kp,TunedRandomForest,6m_10F_2c_8GB,1,binary,0.999922,auc,local,1.1.1,{'n_estimators': 2000},2.0.5,2022-05-31T05:48:30,331.3,329.2,0.6,2000,126939546,,0.99375,0.999922,0.994012,0.0216411
openml.org/t/3,kr-vs-kp,TunedRandomForest,6m_10F_2c_8GB,2,binary,0.999726,auc,local,1.1.1,{'n_estimators': 2000},2.0.5,2022-05-31T05:54:00,330.1,328.1,0.5,2000,126939547,,0.99375,0.999726,0.993464,0.0232267
openml.org/t/3,kr-vs-kp,TunedRandomForest,6m_10F_2c_8GB,3,binary,1.0,auc,local,1.1.1,{'n_estimators': 2000},2.0.5,2022-05-31T05:59:31,331.1,329.2,0.5,2000,126939548,,1.0,1.0,1.0,0.0255166
openml.org/t/3,kr-vs-kp,TunedRandomForest,6m_10F_2c_8GB,4,binary,1.0,auc,local,1.1.1,{'n_estimators': 2000},2.0.5,2022-05-31T06:05:01,330.0,328.1,0.5,2000,126939549,,1.0,1.0,1.0,0.00850261
openml.org/t/3,kr-vs-kp,TunedRandomForest,6m_10F_2c_8GB,5,binary,1.0,auc,local,1.1.1,{'n_estimators': 2000},2.0.5,2022-05-31T06:10:32,330.4,328.4,0.5,2000,126939550,,1.0,1.0,1.0,0.00918608
openml.org/t/3,kr-vs-kp,TunedRandomForest,6m_10F_2c_8GB,6,binary,0.999921,auc,local,1.1.1,{'n_estimators': 2000},2.0.5,2022-05-31T06:16:03,331.4,329.4,0.5,2000,126939551,,0.99373,0.999921,0.993464,0.0134039
openml.org/t/3,kr-vs-kp,TunedRandomForest,6m_10F_2c_8GB,7,binary,0.997932,auc,local,1.1.1,{'n_estimators': 2000},2.0.5,2022-05-31T06:21:33,330.3,328.3,0.5,2000,126939552,,0.981191,0.997932,0.980559,0.0483974
openml.org/t/3,kr-vs-kp,TunedRandomForest,6m_10F_2c_8GB,8,binary,0.999882,auc,local,1.1.1,{'n_estimators': 2000},2.0.5,2022-05-31T06:27:04,330.7,328.8,0.5,2000,126939553,,0.99373,0.999882,0.993717,0.0292297
openml.org/t/3,kr-vs-kp,TunedRandomForest,6m_10F_2c_8GB,9,binary,1.0,auc,local,1.1.1,{'n_estimators': 2000},2.0.5,2022-05-31T06:32:35,330.6,328.7,0.5,2000,126939554,,1.0,1.0,1.0,0.00692362
openml.org/t/12,mfeat-factors,TunedRandomForest,6m_10F_2c_8GB,0,multiclass,-0.199111,neg_logloss,local,1.1.1,{'n_estimators': 2000},2.0.5,2022-05-31T06:38:46,361.8,359.9,0.4,1730,126939545,,0.97,,0.97,0.199111
openml.org/t/12,mfeat-factors,TunedRandomForest,6m_10F_2c_8GB,1,multiclass,-0.215047,neg_logloss,local,1.1.1,{'n_estimators': 2000},2.0.5,2022-05-31T06:44:47,361.3,359.7,0.3,1250,126939546,,0.945,,0.945,0.215047
openml.org/t/12,mfeat-factors,TunedRandomForest,6m_10F_2c_8GB,2,multiclass,-0.186689,neg_logloss,local,1.1.1,{'n_estimators': 2000},2.0.5,2022-05-31T06:50:49,361.5,359.9,0.3,1000,126939547,,0.955,,0.955,0.186689
openml.org/t/12,mfeat-factors,TunedRandomForest,6m_10F_2c_8GB,3,multiclass,-0.20915,neg_logloss,local,1.1.1,{'n_estimators': 2000},2.0.5,2022-05-31T06:56:50,361.5,359.9,0.2,950,126939548,,0.96,,0.96,0.20915
openml.org/t/12,mfeat-factors,TunedRandomForest,6m_10F_2c_8GB,4,multiclass,-0.263291,neg_logloss,local,1.1.1,{'n_estimators': 2000},2.0.5,2022-05-31T07:02:52,361.2,359.8,0.2,980,126939549,,0.935,,0.935,0.263291
openml.org/t/12,mfeat-factors,TunedRandomForest,6m_10F_2c_8GB,5,multiclass,-0.190236,neg_logloss,local,1.1.1,{'n_estimators': 2000},2.0.5,2022-05-31T07:08:53,361.2,359.6,0.2,770,126939550,,0.97,,0.97,0.190236
openml.org/t/12,mfeat-factors,TunedRandomForest,6m_10F_2c_8GB,6,multiclass,-0.206771,neg_logloss,local,1.1.1,{'n_estimators': 2000},2.0.5,2022-05-31T07:14:54,361.0,359.6,0.2,960,126939551,,0.965,,0.965,0.206771
openml.org/t/12,mfeat-factors,TunedRandomForest,6m_10F_2c_8GB,7,multiclass,-0.160536,neg_logloss,local,1.1.1,{'n_estimators': 2000},2.0.5,2022-05-31T07:20:55,361.2,359.7,0.2,750,126939552,,0.98,,0.98,0.160536
openml.org/t/12,mfeat-factors,TunedRandomForest,6m_10F_2c_8GB,8,multiclass,-0.183163,neg_logloss,local,1.1.1,{'n_estimators': 2000},2.0.5,2022-05-31T07:26:56,361.3,359.8,0.2,980,126939553,,0.965,,0.965,0.183163
openml.org/t/12,mfeat-factors,TunedRandomForest,6m_10F_2c_8GB,9,multiclass,-0.207752,neg_logloss,local,1.1.1,{'n_estimators': 2000},2.0.5,2022-05-31T07:32:49,353.0,351.1,0.5,2000,126939554,,0.97,,0.97,0.207752
openml.org/t/9952,phoneme,TunedRandomForest,6m_10F_2c_8GB,0,binary,0.964684,auc,local,1.1.1,{'n_estimators': 2000},2.0.5,2022-05-31T07:38:24,332.8,330.9,0.5,2000,126939545,,0.90573,0.964684,0.885516,0.231248
openml.org/t/9952,phoneme,TunedRandomForest,6m_10F_2c_8GB,1,binary,0.975896,auc,local,1.1.1,{'n_estimators': 2000},2.0.5,2022-05-31T07:43:57,332.6,330.6,0.5,2000,126939546,,0.920518,0.975896,0.908838,0.21661
openml.org/t/9952,phoneme,TunedRandomForest,6m_10F_2c_8GB,2,binary,0.959235,auc,local,1.1.1,{'n_estimators': 2000},2.0.5,2022-05-31T07:49:29,332.6,330.7,0.5,2000,126939547,,0.890943,0.959235,0.860359,0.245975
openml.org/t/9952,phoneme,TunedRandomForest,6m_10F_2c_8GB,3,binary,0.960996,auc,local,1.1.1,{'n_estimators': 2000},2.0.5,2022-05-31T07:55:02,332.3,330.3,0.5,2000,126939548,,0.902033,0.960996,0.881063,0.245528
openml.org/t/9952,phoneme,TunedRandomForest,6m_10F_2c_8GB,4,binary,0.951065,auc,local,1.1.1,{'n_estimators': 2000},2.0.5,2022-05-31T08:00:34,332.1,330.1,0.5,2000,126939549,,0.9,0.951065,0.877361,0.265716
openml.org/t/9952,phoneme,TunedRandomForest,6m_10F_2c_8GB,5,binary,0.974095,auc,local,1.1.1,{'n_estimators': 2000},2.0.5,2022-05-31T08:06:05,331.6,329.7,0.5,2000,126939550,,0.92963,0.974095,0.915004,0.215596
openml.org/t/9952,phoneme,TunedRandomForest,6m_10F_2c_8GB,6,binary,0.979323,auc,local,1.1.1,{'n_estimators': 2000},2.0.5,2022-05-31T08:11:37,332.2,330.4,0.5,2000,126939551,,0.933333,0.979323,0.919478,0.199664
openml.org/t/9952,phoneme,TunedRandomForest,6m_10F_2c_8GB,7,binary,0.966913,auc,local,1.1.1,{'n_estimators': 2000},2.0.5,2022-05-31T08:17:11,333.3,331.4,0.5,2000,126939552,,0.912963,0.966913,0.884668,0.228245
openml.org/t/9952,phoneme,TunedRandomForest,6m_10F_2c_8GB,8,binary,0.95666,auc,local,1.1.1,{'n_estimators': 2000},2.0.5,2022-05-31T08:22:43,332.4,330.5,0.5,2000,126939553,,0.9,0.95666,0.874164,0.251102
openml.org/t/9952,phoneme,TunedRandomForest,6m_10F_2c_8GB,9,binary,0.965252,auc,local,1.1.1,{'n_estimators': 2000},2.0.5,2022-05-31T08:28:15,331.7,329.7,0.5,2000,126939554,,0.92037,0.965252,0.886768,0.227209
openml.org/t/146822,segment,TunedRandomForest,6m_10F_2c_8GB,0,multiclass,-0.0816663,neg_logloss,local,1.1.1,{'n_estimators': 2000},2.0.5,2022-05-31T08:33:54,335.8,334.0,0.5,2000,126939545,,0.978355,,0.978355,0.0816663
openml.org/t/146822,segment,TunedRandomForest,6m_10F_2c_8GB,1,multiclass,-0.101778,neg_logloss,local,1.1.1,{'n_estimators': 2000},2.0.5,2022-05-31T08:39:30,335.6,333.6,0.5,2000,126939546,,0.95671,,0.95671,0.101778
openml.org/t/146822,segment,TunedRandomForest,6m_10F_2c_8GB,2,multiclass,-0.0556744,neg_logloss,local,1.1.1,{'n_estimators': 2000},2.0.5,2022-05-31T08:45:03,333.2,331.3,0.5,2000,126939547,,0.987013,,0.987013,0.0556744
openml.org/t/146822,segment,TunedRandomForest,6m_10F_2c_8GB,3,multiclass,-0.0813408,neg_logloss,local,1.1.1,{'n_estimators': 2000},2.0.5,2022-05-31T08:50:38,334.4,332.6,0.5,2000,126939548,,0.978355,,0.978355,0.0813408
openml.org/t/146822,segment,TunedRandomForest,6m_10F_2c_8GB,4,multiclass,-0.0399619,neg_logloss,local,1.1.1,{'n_estimators': 2000},2.0.5,2022-05-31T08:56:12,334.3,332.4,0.5,2000,126939549,,0.995671,,0.995671,0.0399619
openml.org/t/146822,segment,TunedRandomForest,6m_10F_2c_8GB,5,multiclass,-0.0718458,neg_logloss,local,1.1.1,{'n_estimators': 2000},2.0.5,2022-05-31T09:01:46,334.3,332.0,0.6,2000,126939550,,0.965368,,0.965368,0.0718458
openml.org/t/146822,segment,TunedRandomForest,6m_10F_2c_8GB,6,multiclass,-0.0924072,neg_logloss,local,1.1.1,{'n_estimators': 2000},2.0.5,2022-05-31T09:07:22,335.6,333.2,0.5,2000,126939551,,0.974026,,0.974026,0.0924072
openml.org/t/146822,segment,TunedRandomForest,6m_10F_2c_8GB,7,multiclass,-0.133154,neg_logloss,local,1.1.1,{'n_estimators': 2000},2.0.5,2022-05-31T09:12:58,335.8,333.7,0.5,2000,126939552,,0.961039,,0.961039,0.133154
openml.org/t/146822,segment,TunedRandomForest,6m_10F_2c_8GB,8,multiclass,-0.0905266,neg_logloss,local,1.1.1,{'n_estimators': 2000},2.0.5,2022-05-31T09:18:31,333.5,331.6,0.5,2000,126939553,,0.969697,,0.969697,0.0905266
openml.org/t/146822,segment,TunedRandomForest,6m_10F_2c_8GB,9,multiclass,-0.072192,neg_logloss,local,1.1.1,{'n_estimators': 2000},2.0.5,2022-05-31T09:24:07,335.6,333.6,0.5,2000,126939554,,0.982684,,0.982684,0.072192
openml.org/t/168912,sylvine,TunedRandomForest,6m_10F_2c_8GB,0,binary,0.978128,auc,local,1.1.1,{'n_estimators': 2000},2.0.5,2022-05-31T09:29:48,339.5,337.6,0.5,2000,126939545,,0.931774,0.978128,0.931717,0.181915
openml.org/t/168912,sylvine,TunedRandomForest,6m_10F_2c_8GB,1,binary,0.987612,auc,local,1.1.1,{'n_estimators': 2000},2.0.5,2022-05-31T09:35:32,343.8,341.9,0.5,2000,126939546,,0.947368,0.987612,0.947319,0.135227
openml.org/t/168912,sylvine,TunedRandomForest,6m_10F_2c_8GB,2,binary,0.986017,auc,local,1.1.1,{'n_estimators': 2000},2.0.5,2022-05-31T09:41:12,340.0,338.1,0.5,2000,126939547,,0.945419,0.986017,0.945464,0.152134
openml.org/t/168912,sylvine,TunedRandomForest,6m_10F_2c_8GB,3,binary,0.986465,auc,local,1.1.1,{'n_estimators': 2000},2.0.5,2022-05-31T09:46:53,341.0,339.1,0.5,2000,126939548,,0.937622,0.986465,0.93766,0.151939
openml.org/t/168912,sylvine,TunedRandomForest,6m_10F_2c_8GB,4,binary,0.986076,auc,local,1.1.1,{'n_estimators': 2000},2.0.5,2022-05-31T09:52:33,339.6,337.7,0.5,2000,126939549,,0.947266,0.986076,0.947266,0.155132
openml.org/t/168912,sylvine,TunedRandomForest,6m_10F_2c_8GB,5,binary,0.97953,auc,local,1.1.1,{'n_estimators': 2000},2.0.5,2022-05-31T09:58:13,340.5,338.5,0.5,2000,126939550,,0.933594,0.97953,0.933594,0.170338
openml.org/t/168912,sylvine,TunedRandomForest,6m_10F_2c_8GB,6,binary,0.981979,auc,local,1.1.1,{'n_estimators': 2000},2.0.5,2022-05-31T10:03:54,341.0,339.1,0.5,2000,126939551,,0.943359,0.981979,0.943359,0.164419
openml.org/t/168912,sylvine,TunedRandomForest,6m_10F_2c_8GB,7,binary,0.979919,auc,local,1.1.1,{'n_estimators': 2000},2.0.5,2022-05-31T10:09:38,343.7,341.7,0.5,2000,126939552,,0.9375,0.979919,0.9375,0.16742
openml.org/t/168912,sylvine,TunedRandomForest,6m_10F_2c_8GB,8,binary,0.986702,auc,local,1.1.1,{'n_estimators': 2000},2.0.5,2022-05-31T10:15:21,343.4,341.5,0.5,2000,126939553,,0.955078,0.986702,0.955078,0.147546
openml.org/t/168912,sylvine,TunedRandomForest,6m_10F_2c_8GB,9,binary,0.987823,auc,local,1.1.1,{'n_estimators': 2000},2.0.5,2022-05-31T10:21:06,344.1,342.2,0.5,2000,126939554,,0.945312,0.987823,0.945312,0.143502
openml.org/t/53,vehicle,TunedRandomForest,6m_10F_2c_8GB,0,multiclass,-0.475138,neg_logloss,local,1.1.1,{'n_estimators': 2000},2.0.5,2022-05-31T10:26:38,330.8,329.0,0.4,2000,126939545,,0.788235,,0.788907,0.475138
openml.org/t/53,vehicle,TunedRandomForest,6m_10F_2c_8GB,1,multiclass,-0.505987,neg_logloss,local,1.1.1,{'n_estimators': 2000},2.0.5,2022-05-31T10:32:10,332.1,330.3,0.4,2000,126939546,,0.764706,,0.768398,0.505987
openml.org/t/53,vehicle,TunedRandomForest,6m_10F_2c_8GB,2,multiclass,-0.524769,neg_logloss,local,1.1.1,{'n_estimators': 2000},2.0.5,2022-05-31T10:37:42,331.7,329.9,0.5,2000,126939547,,0.670588,,0.674242,0.524769
openml.org/t/53,vehicle,TunedRandomForest,6m_10F_2c_8GB,3,multiclass,-0.420216,neg_logloss,local,1.1.1,{'n_estimators': 2000},2.0.5,2022-05-31T10:43:13,331.6,329.8,0.4,2000,126939548,,0.788235,,0.788961,0.420216
openml.org/t/53,vehicle,TunedRandomForest,6m_10F_2c_8GB,4,multiclass,-0.462739,neg_logloss,local,1.1.1,{'n_estimators': 2000},2.0.5,2022-05-31T10:48:44,331.2,329.3,0.4,2000,126939549,,0.788235,,0.79053,0.462739
openml.org/t/53,vehicle,TunedRandomForest,6m_10F_2c_8GB,5,multiclass,-0.484394,neg_logloss,local,1.1.1,{'n_estimators': 2000},2.0.5,2022-05-31T10:54:15,330.8,328.9,0.4,2000,126939550,,0.752941,,0.755952,0.484394
openml.org/t/53,vehicle,TunedRandomForest,6m_10F_2c_8GB,6,multiclass,-0.474215,neg_logloss,local,1.1.1,{'n_estimators': 2000},2.0.5,2022-05-31T10:59:46,330.7,328.9,0.4,2000,126939551,,0.75,,0.760823,0.474215
openml.org/t/53,vehicle,TunedRandomForest,6m_10F_2c_8GB,7,multiclass,-0.465278,neg_logloss,local,1.1.1,{'n_estimators': 2000},2.0.5,2022-05-31T11:05:17,331.3,329.4,0.5,2000,126939552,,0.797619,,0.801407,0.465278
openml.org/t/53,vehicle,TunedRandomForest,6m_10F_2c_8GB,8,multiclass,-0.471491,neg_logloss,local,1.1.1,{'n_estimators': 2000},2.0.5,2022-05-31T11:10:48,331.3,329.3,0.4,2000,126939553,,0.75,,0.750541,0.471491
openml.org/t/53,vehicle,TunedRandomForest,6m_10F_2c_8GB,9,multiclass,-0.561638,neg_logloss,local,1.1.1,{'n_estimators': 2000},2.0.5,2022-05-31T11:16:20,331.1,329.3,0.4,2000,126939554,,0.690476,,0.689827,0.561638
