id,task,framework,constraint,fold,type,result,metric,mode,version,params,app_version,utc,duration,training_duration,predict_duration,models_count,seed,info,acc,auc,balacc,logloss
openml.org/t/146818,Australian,MLPlanWEKA,6m_10F_2c_8GB,0,binary,,auc,local,stable,{'_backend': 'weka'},2.0.5,2022-06-02T11:32:01,0.3,,,,1603473828,NoResultError: list index out of range,,,,
openml.org/t/146818,Australian,MLPlanWEKA,6m_10F_2c_8GB,1,binary,,auc,local,stable,{'_backend': 'weka'},2.0.5,2022-06-02T11:32:02,0.2,,,,1603473829,NoResultError: list index out of range,,,,
openml.org/t/146818,Australian,MLPlanWEKA,6m_10F_2c_8GB,2,binary,,auc,local,stable,{'_backend': 'weka'},2.0.5,2022-06-02T11:32:02,0.2,,,,1603473830,NoResultError: list index out of range,,,,
openml.org/t/146818,Australian,MLPlanWEKA,6m_10F_2c_8GB,3,binary,,auc,local,stable,{'_backend': 'weka'},2.0.5,2022-06-02T11:32:02,0.2,,,,1603473831,NoResultError: list index out of range,,,,
openml.org/t/146818,Australian,MLPlanWEKA,6m_10F_2c_8GB,4,binary,,auc,local,stable,{'_backend': 'weka'},2.0.5,2022-06-02T11:32:02,0.2,,,,1603473832,NoResultError: list index out of range,,,,
openml.org/t/146818,Australian,MLPlanWEKA,6m_10F_2c_8GB,5,binary,,auc,local,stable,{'_backend': 'weka'},2.0.5,2022-06-02T11:32:02,0.2,,,,1603473833,NoResultError: list index out of range,,,,
openml.org/t/146818,Australian,MLPlanWEKA,6m_10F_2c_8GB,6,binary,,auc,local,stable,{'_backend': 'weka'},2.0.5,2022-06-02T11:32:03,0.2,,,,1603473834,NoResultError: list index out of range,,,,
openml.org/t/146818,Australian,MLPlanWEKA,6m_10F_2c_8GB,7,binary,,auc,local,stable,{'_backend': 'weka'},2.0.5,2022-06-02T11:32:03,0.2,,,,1603473835,NoResultError: list index out of range,,,,
openml.org/t/146818,Australian,MLPlanWEKA,6m_10F_2c_8GB,8,binary,,auc,local,stable,{'_backend': 'weka'},2.0.5,2022-06-02T11:32:03,0.2,,,,1603473836,NoResultError: list index out of range,,,,
openml.org/t/146818,Australian,MLPlanWEKA,6m_10F_2c_8GB,9,binary,,auc,local,stable,{'_backend': 'weka'},2.0.5,2022-06-02T11:32:03,0.2,,,,1603473837,NoResultError: list index out of range,,,,
openml.org/t/10101,blood-transfusion,MLPlanWEKA,6m_10F_2c_8GB,0,binary,,auc,local,stable,{'_backend': 'weka'},2.0.5,2022-06-02T11:32:05,0.2,,,,1603473828,NoResultError: list index out of range,,,,
openml.org/t/10101,blood-transfusion,MLPlanWEKA,6m_10F_2c_8GB,1,binary,,auc,local,stable,{'_backend': 'weka'},2.0.5,2022-06-02T11:32:05,0.2,,,,1603473829,NoResultError: list index out of range,,,,
openml.org/t/10101,blood-transfusion,MLPlanWEKA,6m_10F_2c_8GB,2,binary,,auc,local,stable,{'_backend': 'weka'},2.0.5,2022-06-02T11:32:05,0.2,,,,1603473830,NoResultError: list index out of range,,,,
openml.org/t/10101,blood-transfusion,MLPlanWEKA,6m_10F_2c_8GB,3,binary,,auc,local,stable,{'_backend': 'weka'},2.0.5,2022-06-02T11:32:05,0.2,,,,1603473831,NoResultError: list index out of range,,,,
openml.org/t/10101,blood-transfusion,MLPlanWEKA,6m_10F_2c_8GB,4,binary,,auc,local,stable,{'_backend': 'weka'},2.0.5,2022-06-02T11:32:05,0.2,,,,1603473832,NoResultError: list index out of range,,,,
openml.org/t/10101,blood-transfusion,MLPlanWEKA,6m_10F_2c_8GB,5,binary,,auc,local,stable,{'_backend': 'weka'},2.0.5,2022-06-02T11:32:06,0.2,,,,1603473833,NoResultError: list index out of range,,,,
openml.org/t/10101,blood-transfusion,MLPlanWEKA,6m_10F_2c_8GB,6,binary,,auc,local,stable,{'_backend': 'weka'},2.0.5,2022-06-02T11:32:06,0.2,,,,1603473834,NoResultError: list index out of range,,,,
openml.org/t/10101,blood-transfusion,MLPlanWEKA,6m_10F_2c_8GB,7,binary,,auc,local,stable,{'_backend': 'weka'},2.0.5,2022-06-02T11:32:06,0.2,,,,1603473835,NoResultError: list index out of range,,,,
openml.org/t/10101,blood-transfusion,MLPlanWEKA,6m_10F_2c_8GB,8,binary,,auc,local,stable,{'_backend': 'weka'},2.0.5,2022-06-02T11:32:06,0.2,,,,1603473836,NoResultError: list index out of range,,,,
openml.org/t/10101,blood-transfusion,MLPlanWEKA,6m_10F_2c_8GB,9,binary,,auc,local,stable,{'_backend': 'weka'},2.0.5,2022-06-02T11:32:06,0.2,,,,1603473837,NoResultError: list index out of range,,,,
openml.org/t/146821,car,MLPlanWEKA,6m_10F_2c_8GB,0,multiclass,,neg_logloss,local,stable,{'_backend': 'weka'},2.0.5,2022-06-02T11:32:08,0.2,,,,1603473828,NoResultError: list index out of range,,,,
openml.org/t/146821,car,MLPlanWEKA,6m_10F_2c_8GB,1,multiclass,,neg_logloss,local,stable,{'_backend': 'weka'},2.0.5,2022-06-02T11:32:08,0.2,,,,1603473829,NoResultError: list index out of range,,,,
openml.org/t/146821,car,MLPlanWEKA,6m_10F_2c_8GB,2,multiclass,,neg_logloss,local,stable,{'_backend': 'weka'},2.0.5,2022-06-02T11:32:08,0.2,,,,1603473830,NoResultError: list index out of range,,,,
openml.org/t/146821,car,MLPlanWEKA,6m_10F_2c_8GB,3,multiclass,,neg_logloss,local,stable,{'_backend': 'weka'},2.0.5,2022-06-02T11:32:08,0.2,,,,1603473831,NoResultError: list index out of range,,,,
openml.org/t/146821,car,MLPlanWEKA,6m_10F_2c_8GB,4,multiclass,,neg_logloss,local,stable,{'_backend': 'weka'},2.0.5,2022-06-02T11:32:09,0.2,,,,1603473832,NoResultError: list index out of range,,,,
openml.org/t/146821,car,MLPlanWEKA,6m_10F_2c_8GB,5,multiclass,,neg_logloss,local,stable,{'_backend': 'weka'},2.0.5,2022-06-02T11:32:09,0.2,,,,1603473833,NoResultError: list index out of range,,,,
openml.org/t/146821,car,MLPlanWEKA,6m_10F_2c_8GB,6,multiclass,,neg_logloss,local,stable,{'_backend': 'weka'},2.0.5,2022-06-02T11:32:09,0.2,,,,1603473834,NoResultError: list index out of range,,,,
openml.org/t/146821,car,MLPlanWEKA,6m_10F_2c_8GB,7,multiclass,,neg_logloss,local,stable,{'_backend': 'weka'},2.0.5,2022-06-02T11:32:09,0.2,,,,1603473835,NoResultError: list index out of range,,,,
openml.org/t/146821,car,MLPlanWEKA,6m_10F_2c_8GB,8,multiclass,,neg_logloss,local,stable,{'_backend': 'weka'},2.0.5,2022-06-02T11:32:09,0.2,,,,1603473836,NoResultError: list index out of range,,,,
openml.org/t/146821,car,MLPlanWEKA,6m_10F_2c_8GB,9,multiclass,,neg_logloss,local,stable,{'_backend': 'weka'},2.0.5,2022-06-02T11:32:10,0.2,,,,1603473837,NoResultError: list index out of range,,,,
openml.org/t/168908,christine,MLPlanWEKA,6m_10F_2c_8GB,0,binary,,auc,local,stable,{'_backend': 'weka'},2.0.5,2022-06-02T11:32:34,15.6,,,,1603473828,NoResultError: list index out of range,,,,
openml.org/t/168908,christine,MLPlanWEKA,6m_10F_2c_8GB,1,binary,,auc,local,stable,{'_backend': 'weka'},2.0.5,2022-06-02T11:32:51,17.0,,,,1603473829,NoResultError: list index out of range,,,,
openml.org/t/168908,christine,MLPlanWEKA,6m_10F_2c_8GB,2,binary,,auc,local,stable,{'_backend': 'weka'},2.0.5,2022-06-02T11:33:07,15.7,,,,1603473830,NoResultError: list index out of range,,,,
openml.org/t/168908,christine,MLPlanWEKA,6m_10F_2c_8GB,3,binary,,auc,local,stable,{'_backend': 'weka'},2.0.5,2022-06-02T11:33:23,15.5,,,,1603473831,NoResultError: list index out of range,,,,
openml.org/t/168908,christine,MLPlanWEKA,6m_10F_2c_8GB,4,binary,,auc,local,stable,{'_backend': 'weka'},2.0.5,2022-06-02T11:33:39,16.1,,,,1603473832,NoResultError: list index out of range,,,,
openml.org/t/168908,christine,MLPlanWEKA,6m_10F_2c_8GB,5,binary,,auc,local,stable,{'_backend': 'weka'},2.0.5,2022-06-02T11:33:55,16.5,,,,1603473833,NoResultError: list index out of range,,,,
openml.org/t/168908,christine,MLPlanWEKA,6m_10F_2c_8GB,6,binary,,auc,local,stable,{'_backend': 'weka'},2.0.5,2022-06-02T11:34:11,15.8,,,,1603473834,NoResultError: list index out of range,,,,
openml.org/t/168908,christine,MLPlanWEKA,6m_10F_2c_8GB,7,binary,,auc,local,stable,{'_backend': 'weka'},2.0.5,2022-06-02T11:34:28,16.7,,,,1603473835,NoResultError: list index out of range,,,,
openml.org/t/168908,christine,MLPlanWEKA,6m_10F_2c_8GB,8,binary,,auc,local,stable,{'_backend': 'weka'},2.0.5,2022-06-02T11:34:43,15.4,,,,1603473836,NoResultError: list index out of range,,,,
openml.org/t/168908,christine,MLPlanWEKA,6m_10F_2c_8GB,9,binary,,auc,local,stable,{'_backend': 'weka'},2.0.5,2022-06-02T11:35:00,17.0,,,,1603473837,NoResultError: list index out of range,,,,
openml.org/t/9981,cnae-9,MLPlanWEKA,6m_10F_2c_8GB,0,multiclass,,neg_logloss,local,stable,{'_backend': 'weka'},2.0.5,2022-06-02T11:35:03,0.8,,,,1603473828,NoResultError: list index out of range,,,,
openml.org/t/9981,cnae-9,MLPlanWEKA,6m_10F_2c_8GB,1,multiclass,,neg_logloss,local,stable,{'_backend': 'weka'},2.0.5,2022-06-02T11:35:03,0.6,,,,1603473829,NoResultError: list index out of range,,,,
openml.org/t/9981,cnae-9,MLPlanWEKA,6m_10F_2c_8GB,2,multiclass,,neg_logloss,local,stable,{'_backend': 'weka'},2.0.5,2022-06-02T11:35:04,0.6,,,,1603473830,NoResultError: list index out of range,,,,
openml.org/t/9981,cnae-9,MLPlanWEKA,6m_10F_2c_8GB,3,multiclass,,neg_logloss,local,stable,{'_backend': 'weka'},2.0.5,2022-06-02T11:35:05,0.6,,,,1603473831,NoResultError: list index out of range,,,,
openml.org/t/9981,cnae-9,MLPlanWEKA,6m_10F_2c_8GB,4,multiclass,,neg_logloss,local,stable,{'_backend': 'weka'},2.0.5,2022-06-02T11:35:05,0.6,,,,1603473832,NoResultError: list index out of range,,,,
openml.org/t/9981,cnae-9,MLPlanWEKA,6m_10F_2c_8GB,5,multiclass,,neg_logloss,local,stable,{'_backend': 'weka'},2.0.5,2022-06-02T11:35:06,0.6,,,,1603473833,NoResultError: list index out of range,,,,
openml.org/t/9981,cnae-9,MLPlanWEKA,6m_10F_2c_8GB,6,multiclass,,neg_logloss,local,stable,{'_backend': 'weka'},2.0.5,2022-06-02T11:35:06,0.6,,,,1603473834,NoResultError: list index out of range,,,,
openml.org/t/9981,cnae-9,MLPlanWEKA,6m_10F_2c_8GB,7,multiclass,,neg_logloss,local,stable,{'_backend': 'weka'},2.0.5,2022-06-02T11:35:07,0.6,,,,1603473835,NoResultError: list index out of range,,,,
openml.org/t/9981,cnae-9,MLPlanWEKA,6m_10F_2c_8GB,8,multiclass,,neg_logloss,local,stable,{'_backend': 'weka'},2.0.5,2022-06-02T11:35:08,0.6,,,,1603473836,NoResultError: list index out of range,,,,
openml.org/t/9981,cnae-9,MLPlanWEKA,6m_10F_2c_8GB,9,multiclass,,neg_logloss,local,stable,{'_backend': 'weka'},2.0.5,2022-06-02T11:35:08,0.6,,,,1603473837,NoResultError: list index out of range,,,,
openml.org/t/31,credit-g,MLPlanWEKA,6m_10F_2c_8GB,0,binary,,auc,local,stable,{'_backend': 'weka'},2.0.5,2022-06-02T11:35:10,0.2,,,,1603473828,NoResultError: list index out of range,,,,
openml.org/t/31,credit-g,MLPlanWEKA,6m_10F_2c_8GB,1,binary,,auc,local,stable,{'_backend': 'weka'},2.0.5,2022-06-02T11:35:10,0.2,,,,1603473829,NoResultError: list index out of range,,,,
openml.org/t/31,credit-g,MLPlanWEKA,6m_10F_2c_8GB,2,binary,,auc,local,stable,{'_backend': 'weka'},2.0.5,2022-06-02T11:35:10,0.2,,,,1603473830,NoResultError: list index out of range,,,,
openml.org/t/31,credit-g,MLPlanWEKA,6m_10F_2c_8GB,3,binary,,auc,local,stable,{'_backend': 'weka'},2.0.5,2022-06-02T11:35:11,0.2,,,,1603473831,NoResultError: list index out of range,,,,
openml.org/t/31,credit-g,MLPlanWEKA,6m_10F_2c_8GB,4,binary,,auc,local,stable,{'_backend': 'weka'},2.0.5,2022-06-02T11:35:11,0.2,,,,1603473832,NoResultError: list index out of range,,,,
openml.org/t/31,credit-g,MLPlanWEKA,6m_10F_2c_8GB,5,binary,,auc,local,stable,{'_backend': 'weka'},2.0.5,2022-06-02T11:35:11,0.2,,,,1603473833,NoResultError: list index out of range,,,,
openml.org/t/31,credit-g,MLPlanWEKA,6m_10F_2c_8GB,6,binary,,auc,local,stable,{'_backend': 'weka'},2.0.5,2022-06-02T11:35:11,0.2,,,,1603473834,NoResultError: list index out of range,,,,
openml.org/t/31,credit-g,MLPlanWEKA,6m_10F_2c_8GB,7,binary,,auc,local,stable,{'_backend': 'weka'},2.0.5,2022-06-02T11:35:11,0.2,,,,1603473835,NoResultError: list index out of range,,,,
openml.org/t/31,credit-g,MLPlanWEKA,6m_10F_2c_8GB,8,binary,,auc,local,stable,{'_backend': 'weka'},2.0.5,2022-06-02T11:35:12,0.2,,,,1603473836,NoResultError: list index out of range,,,,
openml.org/t/31,credit-g,MLPlanWEKA,6m_10F_2c_8GB,9,binary,,auc,local,stable,{'_backend': 'weka'},2.0.5,2022-06-02T11:35:12,0.2,,,,1603473837,NoResultError: list index out of range,,,,
openml.org/t/168909,dilbert,MLPlanWEKA,6m_10F_2c_8GB,0,multiclass,,neg_logloss,local,stable,{'_backend': 'weka'},2.0.5,2022-06-02T11:36:26,47.3,,,,1603473828,NoResultError: list index out of range,,,,
openml.org/t/168909,dilbert,MLPlanWEKA,6m_10F_2c_8GB,1,multiclass,,neg_logloss,local,stable,{'_backend': 'weka'},2.0.5,2022-06-02T11:37:13,46.6,,,,1603473829,NoResultError: list index out of range,,,,
openml.org/t/168909,dilbert,MLPlanWEKA,6m_10F_2c_8GB,2,multiclass,,neg_logloss,local,stable,{'_backend': 'weka'},2.0.5,2022-06-02T11:38:00,47.6,,,,1603473830,NoResultError: list index out of range,,,,
openml.org/t/168909,dilbert,MLPlanWEKA,6m_10F_2c_8GB,3,multiclass,,neg_logloss,local,stable,{'_backend': 'weka'},2.0.5,2022-06-02T11:38:47,47.2,,,,1603473831,NoResultError: list index out of range,,,,
openml.org/t/168909,dilbert,MLPlanWEKA,6m_10F_2c_8GB,4,multiclass,,neg_logloss,local,stable,{'_backend': 'weka'},2.0.5,2022-06-02T11:39:33,45.7,,,,1603473832,NoResultError: list index out of range,,,,
openml.org/t/168909,dilbert,MLPlanWEKA,6m_10F_2c_8GB,5,multiclass,,neg_logloss,local,stable,{'_backend': 'weka'},2.0.5,2022-06-02T11:40:21,47.5,,,,1603473833,NoResultError: list index out of range,,,,
openml.org/t/168909,dilbert,MLPlanWEKA,6m_10F_2c_8GB,6,multiclass,,neg_logloss,local,stable,{'_backend': 'weka'},2.0.5,2022-06-02T11:41:10,49.1,,,,1603473834,NoResultError: list index out of range,,,,
openml.org/t/168909,dilbert,MLPlanWEKA,6m_10F_2c_8GB,7,multiclass,,neg_logloss,local,stable,{'_backend': 'weka'},2.0.5,2022-06-02T11:41:56,46.4,,,,1603473835,NoResultError: list index out of range,,,,
openml.org/t/168909,dilbert,MLPlanWEKA,6m_10F_2c_8GB,8,multiclass,,neg_logloss,local,stable,{'_backend': 'weka'},2.0.5,2022-06-02T11:42:43,47.0,,,,1603473836,NoResultError: list index out of range,,,,
openml.org/t/168909,dilbert,MLPlanWEKA,6m_10F_2c_8GB,9,multiclass,,neg_logloss,local,stable,{'_backend': 'weka'},2.0.5,2022-06-02T11:43:31,47.4,,,,1603473837,NoResultError: list index out of range,,,,
openml.org/t/168910,fabert,MLPlanWEKA,6m_10F_2c_8GB,0,multiclass,,neg_logloss,local,stable,{'_backend': 'weka'},2.0.5,2022-06-02T11:43:44,10.5,,,,1603473828,NoResultError: list index out of range,,,,
openml.org/t/168910,fabert,MLPlanWEKA,6m_10F_2c_8GB,1,multiclass,,neg_logloss,local,stable,{'_backend': 'weka'},2.0.5,2022-06-02T11:43:55,11.5,,,,1603473829,NoResultError: list index out of range,,,,
openml.org/t/168910,fabert,MLPlanWEKA,6m_10F_2c_8GB,2,multiclass,,neg_logloss,local,stable,{'_backend': 'weka'},2.0.5,2022-06-02T11:44:06,10.5,,,,1603473830,NoResultError: list index out of range,,,,
openml.org/t/168910,fabert,MLPlanWEKA,6m_10F_2c_8GB,3,multiclass,,neg_logloss,local,stable,{'_backend': 'weka'},2.0.5,2022-06-02T11:44:16,10.5,,,,1603473831,NoResultError: list index out of range,,,,
openml.org/t/168910,fabert,MLPlanWEKA,6m_10F_2c_8GB,4,multiclass,,neg_logloss,local,stable,{'_backend': 'weka'},2.0.5,2022-06-02T11:44:27,10.6,,,,1603473832,NoResultError: list index out of range,,,,
openml.org/t/168910,fabert,MLPlanWEKA,6m_10F_2c_8GB,5,multiclass,,neg_logloss,local,stable,{'_backend': 'weka'},2.0.5,2022-06-02T11:44:37,10.4,,,,1603473833,NoResultError: list index out of range,,,,
openml.org/t/168910,fabert,MLPlanWEKA,6m_10F_2c_8GB,6,multiclass,,neg_logloss,local,stable,{'_backend': 'weka'},2.0.5,2022-06-02T11:44:48,10.4,,,,1603473834,NoResultError: list index out of range,,,,
openml.org/t/168910,fabert,MLPlanWEKA,6m_10F_2c_8GB,7,multiclass,,neg_logloss,local,stable,{'_backend': 'weka'},2.0.5,2022-06-02T11:44:58,11.0,,,,1603473835,NoResultError: list index out of range,,,,
openml.org/t/168910,fabert,MLPlanWEKA,6m_10F_2c_8GB,8,multiclass,,neg_logloss,local,stable,{'_backend': 'weka'},2.0.5,2022-06-02T11:45:09,10.7,,,,1603473836,NoResultError: list index out of range,,,,
openml.org/t/168910,fabert,MLPlanWEKA,6m_10F_2c_8GB,9,multiclass,,neg_logloss,local,stable,{'_backend': 'weka'},2.0.5,2022-06-02T11:45:20,10.7,,,,1603473837,NoResultError: list index out of range,,,,
openml.org/t/168911,jasmine,MLPlanWEKA,6m_10F_2c_8GB,0,binary,,auc,local,stable,{'_backend': 'weka'},2.0.5,2022-06-02T11:45:22,0.8,,,,1603473828,NoResultError: list index out of range,,,,
openml.org/t/168911,jasmine,MLPlanWEKA,6m_10F_2c_8GB,1,binary,,auc,local,stable,{'_backend': 'weka'},2.0.5,2022-06-02T11:45:23,0.8,,,,1603473829,NoResultError: list index out of range,,,,
openml.org/t/168911,jasmine,MLPlanWEKA,6m_10F_2c_8GB,2,binary,,auc,local,stable,{'_backend': 'weka'},2.0.5,2022-06-02T11:45:24,0.8,,,,1603473830,NoResultError: list index out of range,,,,
openml.org/t/168911,jasmine,MLPlanWEKA,6m_10F_2c_8GB,3,binary,,auc,local,stable,{'_backend': 'weka'},2.0.5,2022-06-02T11:45:25,0.8,,,,1603473831,NoResultError: list index out of range,,,,
openml.org/t/168911,jasmine,MLPlanWEKA,6m_10F_2c_8GB,4,binary,,auc,local,stable,{'_backend': 'weka'},2.0.5,2022-06-02T11:45:26,0.8,,,,1603473832,NoResultError: list index out of range,,,,
openml.org/t/168911,jasmine,MLPlanWEKA,6m_10F_2c_8GB,5,binary,,auc,local,stable,{'_backend': 'weka'},2.0.5,2022-06-02T11:45:26,0.9,,,,1603473833,NoResultError: list index out of range,,,,
openml.org/t/168911,jasmine,MLPlanWEKA,6m_10F_2c_8GB,6,binary,,auc,local,stable,{'_backend': 'weka'},2.0.5,2022-06-02T11:45:27,0.9,,,,1603473834,NoResultError: list index out of range,,,,
openml.org/t/168911,jasmine,MLPlanWEKA,6m_10F_2c_8GB,7,binary,,auc,local,stable,{'_backend': 'weka'},2.0.5,2022-06-02T11:45:28,0.8,,,,1603473835,NoResultError: list index out of range,,,,
openml.org/t/168911,jasmine,MLPlanWEKA,6m_10F_2c_8GB,8,binary,,auc,local,stable,{'_backend': 'weka'},2.0.5,2022-06-02T11:45:29,0.9,,,,1603473836,NoResultError: list index out of range,,,,
openml.org/t/168911,jasmine,MLPlanWEKA,6m_10F_2c_8GB,9,binary,,auc,local,stable,{'_backend': 'weka'},2.0.5,2022-06-02T11:45:30,0.8,,,,1603473837,NoResultError: list index out of range,,,,
openml.org/t/3917,kc1,MLPlanWEKA,6m_10F_2c_8GB,0,binary,,auc,local,stable,{'_backend': 'weka'},2.0.5,2022-06-02T11:45:32,0.3,,,,1603473828,NoResultError: list index out of range,,,,
openml.org/t/3917,kc1,MLPlanWEKA,6m_10F_2c_8GB,1,binary,,auc,local,stable,{'_backend': 'weka'},2.0.5,2022-06-02T11:45:32,0.2,,,,1603473829,NoResultError: list index out of range,,,,
openml.org/t/3917,kc1,MLPlanWEKA,6m_10F_2c_8GB,2,binary,,auc,local,stable,{'_backend': 'weka'},2.0.5,2022-06-02T11:45:32,0.2,,,,1603473830,NoResultError: list index out of range,,,,
openml.org/t/3917,kc1,MLPlanWEKA,6m_10F_2c_8GB,3,binary,,auc,local,stable,{'_backend': 'weka'},2.0.5,2022-06-02T11:45:32,0.2,,,,1603473831,NoResultError: list index out of range,,,,
openml.org/t/3917,kc1,MLPlanWEKA,6m_10F_2c_8GB,4,binary,,auc,local,stable,{'_backend': 'weka'},2.0.5,2022-06-02T11:45:33,0.2,,,,1603473832,NoResultError: list index out of range,,,,
openml.org/t/3917,kc1,MLPlanWEKA,6m_10F_2c_8GB,5,binary,,auc,local,stable,{'_backend': 'weka'},2.0.5,2022-06-02T11:45:33,0.2,,,,1603473833,NoResultError: list index out of range,,,,
openml.org/t/3917,kc1,MLPlanWEKA,6m_10F_2c_8GB,6,binary,,auc,local,stable,{'_backend': 'weka'},2.0.5,2022-06-02T11:45:33,0.2,,,,1603473834,NoResultError: list index out of range,,,,
openml.org/t/3917,kc1,MLPlanWEKA,6m_10F_2c_8GB,7,binary,,auc,local,stable,{'_backend': 'weka'},2.0.5,2022-06-02T11:45:33,0.2,,,,1603473835,NoResultError: list index out of range,,,,
openml.org/t/3917,kc1,MLPlanWEKA,6m_10F_2c_8GB,8,binary,,auc,local,stable,{'_backend': 'weka'},2.0.5,2022-06-02T11:45:34,0.3,,,,1603473836,NoResultError: list index out of range,,,,
openml.org/t/3917,kc1,MLPlanWEKA,6m_10F_2c_8GB,9,binary,,auc,local,stable,{'_backend': 'weka'},2.0.5,2022-06-02T11:45:34,0.3,,,,1603473837,NoResultError: list index out of range,,,,
openml.org/t/3,kr-vs-kp,MLPlanWEKA,6m_10F_2c_8GB,0,binary,,auc,local,stable,{'_backend': 'weka'},2.0.5,2022-06-02T11:45:35,0.3,,,,1603473828,NoResultError: list index out of range,,,,
openml.org/t/3,kr-vs-kp,MLPlanWEKA,6m_10F_2c_8GB,1,binary,,auc,local,stable,{'_backend': 'weka'},2.0.5,2022-06-02T11:45:36,0.3,,,,1603473829,NoResultError: list index out of range,,,,
openml.org/t/3,kr-vs-kp,MLPlanWEKA,6m_10F_2c_8GB,2,binary,,auc,local,stable,{'_backend': 'weka'},2.0.5,2022-06-02T11:45:36,0.3,,,,1603473830,NoResultError: list index out of range,,,,
openml.org/t/3,kr-vs-kp,MLPlanWEKA,6m_10F_2c_8GB,3,binary,,auc,local,stable,{'_backend': 'weka'},2.0.5,2022-06-02T11:45:36,0.3,,,,1603473831,NoResultError: list index out of range,,,,
openml.org/t/3,kr-vs-kp,MLPlanWEKA,6m_10F_2c_8GB,4,binary,,auc,local,stable,{'_backend': 'weka'},2.0.5,2022-06-02T11:45:37,0.4,,,,1603473832,NoResultError: list index out of range,,,,
openml.org/t/3,kr-vs-kp,MLPlanWEKA,6m_10F_2c_8GB,5,binary,,auc,local,stable,{'_backend': 'weka'},2.0.5,2022-06-02T11:45:37,0.3,,,,1603473833,NoResultError: list index out of range,,,,
openml.org/t/3,kr-vs-kp,MLPlanWEKA,6m_10F_2c_8GB,6,binary,,auc,local,stable,{'_backend': 'weka'},2.0.5,2022-06-02T11:45:37,0.3,,,,1603473834,NoResultError: list index out of range,,,,
openml.org/t/3,kr-vs-kp,MLPlanWEKA,6m_10F_2c_8GB,7,binary,,auc,local,stable,{'_backend': 'weka'},2.0.5,2022-06-02T11:45:38,0.3,,,,1603473835,NoResultError: list index out of range,,,,
openml.org/t/3,kr-vs-kp,MLPlanWEKA,6m_10F_2c_8GB,8,binary,,auc,local,stable,{'_backend': 'weka'},2.0.5,2022-06-02T11:45:38,0.3,,,,1603473836,NoResultError: list index out of range,,,,
openml.org/t/3,kr-vs-kp,MLPlanWEKA,6m_10F_2c_8GB,9,binary,,auc,local,stable,{'_backend': 'weka'},2.0.5,2022-06-02T11:45:38,0.3,,,,1603473837,NoResultError: list index out of range,,,,
openml.org/t/12,mfeat-factors,MLPlanWEKA,6m_10F_2c_8GB,0,multiclass,,neg_logloss,local,stable,{'_backend': 'weka'},2.0.5,2022-06-02T11:45:41,0.4,,,,1603473828,NoResultError: list index out of range,,,,
openml.org/t/12,mfeat-factors,MLPlanWEKA,6m_10F_2c_8GB,1,multiclass,,neg_logloss,local,stable,{'_backend': 'weka'},2.0.5,2022-06-02T11:45:42,0.4,,,,1603473829,NoResultError: list index out of range,,,,
openml.org/t/12,mfeat-factors,MLPlanWEKA,6m_10F_2c_8GB,2,multiclass,,neg_logloss,local,stable,{'_backend': 'weka'},2.0.5,2022-06-02T11:45:42,0.4,,,,1603473830,NoResultError: list index out of range,,,,
openml.org/t/12,mfeat-factors,MLPlanWEKA,6m_10F_2c_8GB,3,multiclass,,neg_logloss,local,stable,{'_backend': 'weka'},2.0.5,2022-06-02T11:45:42,0.4,,,,1603473831,NoResultError: list index out of range,,,,
openml.org/t/12,mfeat-factors,MLPlanWEKA,6m_10F_2c_8GB,4,multiclass,,neg_logloss,local,stable,{'_backend': 'weka'},2.0.5,2022-06-02T11:45:43,0.5,,,,1603473832,NoResultError: list index out of range,,,,
openml.org/t/12,mfeat-factors,MLPlanWEKA,6m_10F_2c_8GB,5,multiclass,,neg_logloss,local,stable,{'_backend': 'weka'},2.0.5,2022-06-02T11:45:43,0.4,,,,1603473833,NoResultError: list index out of range,,,,
openml.org/t/12,mfeat-factors,MLPlanWEKA,6m_10F_2c_8GB,6,multiclass,,neg_logloss,local,stable,{'_backend': 'weka'},2.0.5,2022-06-02T11:45:44,0.4,,,,1603473834,NoResultError: list index out of range,,,,
openml.org/t/12,mfeat-factors,MLPlanWEKA,6m_10F_2c_8GB,7,multiclass,,neg_logloss,local,stable,{'_backend': 'weka'},2.0.5,2022-06-02T11:45:44,0.4,,,,1603473835,NoResultError: list index out of range,,,,
openml.org/t/12,mfeat-factors,MLPlanWEKA,6m_10F_2c_8GB,8,multiclass,,neg_logloss,local,stable,{'_backend': 'weka'},2.0.5,2022-06-02T11:45:45,0.4,,,,1603473836,NoResultError: list index out of range,,,,
openml.org/t/12,mfeat-factors,MLPlanWEKA,6m_10F_2c_8GB,9,multiclass,,neg_logloss,local,stable,{'_backend': 'weka'},2.0.5,2022-06-02T11:45:45,0.4,,,,1603473837,NoResultError: list index out of range,,,,
openml.org/t/9952,phoneme,MLPlanWEKA,6m_10F_2c_8GB,0,binary,,auc,local,stable,{'_backend': 'weka'},2.0.5,2022-06-02T11:45:47,0.3,,,,1603473828,NoResultError: list index out of range,,,,
openml.org/t/9952,phoneme,MLPlanWEKA,6m_10F_2c_8GB,1,binary,,auc,local,stable,{'_backend': 'weka'},2.0.5,2022-06-02T11:45:47,0.2,,,,1603473829,NoResultError: list index out of range,,,,
openml.org/t/9952,phoneme,MLPlanWEKA,6m_10F_2c_8GB,2,binary,,auc,local,stable,{'_backend': 'weka'},2.0.5,2022-06-02T11:45:48,0.3,,,,1603473830,NoResultError: list index out of range,,,,
openml.org/t/9952,phoneme,MLPlanWEKA,6m_10F_2c_8GB,3,binary,,auc,local,stable,{'_backend': 'weka'},2.0.5,2022-06-02T11:45:48,0.3,,,,1603473831,NoResultError: list index out of range,,,,
openml.org/t/9952,phoneme,MLPlanWEKA,6m_10F_2c_8GB,4,binary,,auc,local,stable,{'_backend': 'weka'},2.0.5,2022-06-02T11:45:48,0.2,,,,1603473832,NoResultError: list index out of range,,,,
openml.org/t/9952,phoneme,MLPlanWEKA,6m_10F_2c_8GB,5,binary,,auc,local,stable,{'_backend': 'weka'},2.0.5,2022-06-02T11:45:48,0.2,,,,1603473833,NoResultError: list index out of range,,,,
openml.org/t/9952,phoneme,MLPlanWEKA,6m_10F_2c_8GB,6,binary,,auc,local,stable,{'_backend': 'weka'},2.0.5,2022-06-02T11:45:49,0.2,,,,1603473834,NoResultError: list index out of range,,,,
openml.org/t/9952,phoneme,MLPlanWEKA,6m_10F_2c_8GB,7,binary,,auc,local,stable,{'_backend': 'weka'},2.0.5,2022-06-02T11:45:49,0.2,,,,1603473835,NoResultError: list index out of range,,,,
openml.org/t/9952,phoneme,MLPlanWEKA,6m_10F_2c_8GB,8,binary,,auc,local,stable,{'_backend': 'weka'},2.0.5,2022-06-02T11:45:49,0.2,,,,1603473836,NoResultError: list index out of range,,,,
openml.org/t/9952,phoneme,MLPlanWEKA,6m_10F_2c_8GB,9,binary,,auc,local,stable,{'_backend': 'weka'},2.0.5,2022-06-02T11:45:49,0.3,,,,1603473837,NoResultError: list index out of range,,,,
openml.org/t/146822,segment,MLPlanWEKA,6m_10F_2c_8GB,0,multiclass,,neg_logloss,local,stable,{'_backend': 'weka'},2.0.5,2022-06-02T11:45:51,0.2,,,,1603473828,NoResultError: list index out of range,,,,
openml.org/t/146822,segment,MLPlanWEKA,6m_10F_2c_8GB,1,multiclass,,neg_logloss,local,stable,{'_backend': 'weka'},2.0.5,2022-06-02T11:45:51,0.2,,,,1603473829,NoResultError: list index out of range,,,,
openml.org/t/146822,segment,MLPlanWEKA,6m_10F_2c_8GB,2,multiclass,,neg_logloss,local,stable,{'_backend': 'weka'},2.0.5,2022-06-02T11:45:51,0.2,,,,1603473830,NoResultError: list index out of range,,,,
openml.org/t/146822,segment,MLPlanWEKA,6m_10F_2c_8GB,3,multiclass,,neg_logloss,local,stable,{'_backend': 'weka'},2.0.5,2022-06-02T11:45:52,0.2,,,,1603473831,NoResultError: list index out of range,,,,
openml.org/t/146822,segment,MLPlanWEKA,6m_10F_2c_8GB,4,multiclass,,neg_logloss,local,stable,{'_backend': 'weka'},2.0.5,2022-06-02T11:45:52,0.2,,,,1603473832,NoResultError: list index out of range,,,,
openml.org/t/146822,segment,MLPlanWEKA,6m_10F_2c_8GB,5,multiclass,,neg_logloss,local,stable,{'_backend': 'weka'},2.0.5,2022-06-02T11:45:52,0.2,,,,1603473833,NoResultError: list index out of range,,,,
openml.org/t/146822,segment,MLPlanWEKA,6m_10F_2c_8GB,6,multiclass,,neg_logloss,local,stable,{'_backend': 'weka'},2.0.5,2022-06-02T11:45:52,0.2,,,,1603473834,NoResultError: list index out of range,,,,
openml.org/t/146822,segment,MLPlanWEKA,6m_10F_2c_8GB,7,multiclass,,neg_logloss,local,stable,{'_backend': 'weka'},2.0.5,2022-06-02T11:45:53,0.3,,,,1603473835,NoResultError: list index out of range,,,,
openml.org/t/146822,segment,MLPlanWEKA,6m_10F_2c_8GB,8,multiclass,,neg_logloss,local,stable,{'_backend': 'weka'},2.0.5,2022-06-02T11:45:53,0.2,,,,1603473836,NoResultError: list index out of range,,,,
openml.org/t/146822,segment,MLPlanWEKA,6m_10F_2c_8GB,9,multiclass,,neg_logloss,local,stable,{'_backend': 'weka'},2.0.5,2022-06-02T11:45:53,0.2,,,,1603473837,NoResultError: list index out of range,,,,
openml.org/t/168912,sylvine,MLPlanWEKA,6m_10F_2c_8GB,0,binary,,auc,local,stable,{'_backend': 'weka'},2.0.5,2022-06-02T11:45:55,0.4,,,,1603473828,NoResultError: list index out of range,,,,
openml.org/t/168912,sylvine,MLPlanWEKA,6m_10F_2c_8GB,1,binary,,auc,local,stable,{'_backend': 'weka'},2.0.5,2022-06-02T11:45:56,0.4,,,,1603473829,NoResultError: list index out of range,,,,
openml.org/t/168912,sylvine,MLPlanWEKA,6m_10F_2c_8GB,2,binary,,auc,local,stable,{'_backend': 'weka'},2.0.5,2022-06-02T11:45:56,0.4,,,,1603473830,NoResultError: list index out of range,,,,
openml.org/t/168912,sylvine,MLPlanWEKA,6m_10F_2c_8GB,3,binary,,auc,local,stable,{'_backend': 'weka'},2.0.5,2022-06-02T11:45:56,0.4,,,,1603473831,NoResultError: list index out of range,,,,
openml.org/t/168912,sylvine,MLPlanWEKA,6m_10F_2c_8GB,4,binary,,auc,local,stable,{'_backend': 'weka'},2.0.5,2022-06-02T11:45:57,0.4,,,,1603473832,NoResultError: list index out of range,,,,
openml.org/t/168912,sylvine,MLPlanWEKA,6m_10F_2c_8GB,5,binary,,auc,local,stable,{'_backend': 'weka'},2.0.5,2022-06-02T11:45:57,0.4,,,,1603473833,NoResultError: list index out of range,,,,
openml.org/t/168912,sylvine,MLPlanWEKA,6m_10F_2c_8GB,6,binary,,auc,local,stable,{'_backend': 'weka'},2.0.5,2022-06-02T11:45:58,0.4,,,,1603473834,NoResultError: list index out of range,,,,
openml.org/t/168912,sylvine,MLPlanWEKA,6m_10F_2c_8GB,7,binary,,auc,local,stable,{'_backend': 'weka'},2.0.5,2022-06-02T11:45:58,0.4,,,,1603473835,NoResultError: list index out of range,,,,
openml.org/t/168912,sylvine,MLPlanWEKA,6m_10F_2c_8GB,8,binary,,auc,local,stable,{'_backend': 'weka'},2.0.5,2022-06-02T11:45:58,0.4,,,,1603473836,NoResultError: list index out of range,,,,
openml.org/t/168912,sylvine,MLPlanWEKA,6m_10F_2c_8GB,9,binary,,auc,local,stable,{'_backend': 'weka'},2.0.5,2022-06-02T11:45:59,0.4,,,,1603473837,NoResultError: list index out of range,,,,
openml.org/t/53,vehicle,MLPlanWEKA,6m_10F_2c_8GB,0,multiclass,,neg_logloss,local,stable,{'_backend': 'weka'},2.0.5,2022-06-02T11:46:00,0.2,,,,1603473828,NoResultError: list index out of range,,,,
openml.org/t/53,vehicle,MLPlanWEKA,6m_10F_2c_8GB,1,multiclass,,neg_logloss,local,stable,{'_backend': 'weka'},2.0.5,2022-06-02T11:46:00,0.2,,,,1603473829,NoResultError: list index out of range,,,,
openml.org/t/53,vehicle,MLPlanWEKA,6m_10F_2c_8GB,2,multiclass,,neg_logloss,local,stable,{'_backend': 'weka'},2.0.5,2022-06-02T11:46:01,0.2,,,,1603473830,NoResultError: list index out of range,,,,
openml.org/t/53,vehicle,MLPlanWEKA,6m_10F_2c_8GB,3,multiclass,,neg_logloss,local,stable,{'_backend': 'weka'},2.0.5,2022-06-02T11:46:01,0.2,,,,1603473831,NoResultError: list index out of range,,,,
openml.org/t/53,vehicle,MLPlanWEKA,6m_10F_2c_8GB,4,multiclass,,neg_logloss,local,stable,{'_backend': 'weka'},2.0.5,2022-06-02T11:46:01,0.2,,,,1603473832,NoResultError: list index out of range,,,,
openml.org/t/53,vehicle,MLPlanWEKA,6m_10F_2c_8GB,5,multiclass,,neg_logloss,local,stable,{'_backend': 'weka'},2.0.5,2022-06-02T11:46:01,0.2,,,,1603473833,NoResultError: list index out of range,,,,
openml.org/t/53,vehicle,MLPlanWEKA,6m_10F_2c_8GB,6,multiclass,,neg_logloss,local,stable,{'_backend': 'weka'},2.0.5,2022-06-02T11:46:02,0.2,,,,1603473834,NoResultError: list index out of range,,,,
openml.org/t/53,vehicle,MLPlanWEKA,6m_10F_2c_8GB,7,multiclass,,neg_logloss,local,stable,{'_backend': 'weka'},2.0.5,2022-06-02T11:46:02,0.2,,,,1603473835,NoResultError: list index out of range,,,,
openml.org/t/53,vehicle,MLPlanWEKA,6m_10F_2c_8GB,8,multiclass,,neg_logloss,local,stable,{'_backend': 'weka'},2.0.5,2022-06-02T11:46:02,0.2,,,,1603473836,NoResultError: list index out of range,,,,
openml.org/t/53,vehicle,MLPlanWEKA,6m_10F_2c_8GB,9,multiclass,,neg_logloss,local,stable,{'_backend': 'weka'},2.0.5,2022-06-02T11:46:02,0.2,,,,1603473837,NoResultError: list index out of range,,,,
