id,task,framework,constraint,fold,type,result,metric,mode,version,params,app_version,utc,duration,training_duration,predict_duration,models_count,seed,info,acc,auc,balacc,logloss
openml.org/t/146818,Australian,oboe,6m_10F_2c_8GB,0,binary,,auc,local,latest,,2.0.5,2022-05-30T16:27:38,0.2,,,,939904446,CalledProcessError: Command '/plx-context/artifacts/automl/frameworks/oboe/venv/bin/python -W ignore /plx-context/artifacts/automl/frameworks/oboe/exec.py' returned non-zero exit status 1.,,,,
openml.org/t/146818,Australian,oboe,6m_10F_2c_8GB,1,binary,,auc,local,latest,,2.0.5,2022-05-30T16:27:38,0.1,,,,939904447,CalledProcessError: Command '/plx-context/artifacts/automl/frameworks/oboe/venv/bin/python -W ignore /plx-context/artifacts/automl/frameworks/oboe/exec.py' returned non-zero exit status 1.,,,,
openml.org/t/146818,Australian,oboe,6m_10F_2c_8GB,2,binary,,auc,local,latest,,2.0.5,2022-05-30T16:27:38,0.2,,,,939904448,CalledProcessError: Command '/plx-context/artifacts/automl/frameworks/oboe/venv/bin/python -W ignore /plx-context/artifacts/automl/frameworks/oboe/exec.py' returned non-zero exit status 1.,,,,
openml.org/t/146818,Australian,oboe,6m_10F_2c_8GB,3,binary,,auc,local,latest,,2.0.5,2022-05-30T16:27:38,0.1,,,,939904449,CalledProcessError: Command '/plx-context/artifacts/automl/frameworks/oboe/venv/bin/python -W ignore /plx-context/artifacts/automl/frameworks/oboe/exec.py' returned non-zero exit status 1.,,,,
openml.org/t/146818,Australian,oboe,6m_10F_2c_8GB,4,binary,,auc,local,latest,,2.0.5,2022-05-30T16:27:39,0.1,,,,939904450,CalledProcessError: Command '/plx-context/artifacts/automl/frameworks/oboe/venv/bin/python -W ignore /plx-context/artifacts/automl/frameworks/oboe/exec.py' returned non-zero exit status 1.,,,,
openml.org/t/146818,Australian,oboe,6m_10F_2c_8GB,5,binary,,auc,local,latest,,2.0.5,2022-05-30T16:27:39,0.1,,,,939904451,CalledProcessError: Command '/plx-context/artifacts/automl/frameworks/oboe/venv/bin/python -W ignore /plx-context/artifacts/automl/frameworks/oboe/exec.py' returned non-zero exit status 1.,,,,
openml.org/t/146818,Australian,oboe,6m_10F_2c_8GB,6,binary,,auc,local,latest,,2.0.5,2022-05-30T16:27:39,0.1,,,,939904452,CalledProcessError: Command '/plx-context/artifacts/automl/frameworks/oboe/venv/bin/python -W ignore /plx-context/artifacts/automl/frameworks/oboe/exec.py' returned non-zero exit status 1.,,,,
openml.org/t/146818,Australian,oboe,6m_10F_2c_8GB,7,binary,,auc,local,latest,,2.0.5,2022-05-30T16:27:39,0.1,,,,939904453,CalledProcessError: Command '/plx-context/artifacts/automl/frameworks/oboe/venv/bin/python -W ignore /plx-context/artifacts/automl/frameworks/oboe/exec.py' returned non-zero exit status 1.,,,,
openml.org/t/146818,Australian,oboe,6m_10F_2c_8GB,8,binary,,auc,local,latest,,2.0.5,2022-05-30T16:27:39,0.1,,,,939904454,CalledProcessError: Command '/plx-context/artifacts/automl/frameworks/oboe/venv/bin/python -W ignore /plx-context/artifacts/automl/frameworks/oboe/exec.py' returned non-zero exit status 1.,,,,
openml.org/t/146818,Australian,oboe,6m_10F_2c_8GB,9,binary,,auc,local,latest,,2.0.5,2022-05-30T16:27:39,0.1,,,,939904455,CalledProcessError: Command '/plx-context/artifacts/automl/frameworks/oboe/venv/bin/python -W ignore /plx-context/artifacts/automl/frameworks/oboe/exec.py' returned non-zero exit status 1.,,,,
openml.org/t/10101,blood-transfusion,oboe,6m_10F_2c_8GB,0,binary,,auc,local,latest,,2.0.5,2022-05-30T16:27:57,0.1,,,,939904446,CalledProcessError: Command '/plx-context/artifacts/automl/frameworks/oboe/venv/bin/python -W ignore /plx-context/artifacts/automl/frameworks/oboe/exec.py' returned non-zero exit status 1.,,,,
openml.org/t/10101,blood-transfusion,oboe,6m_10F_2c_8GB,1,binary,,auc,local,latest,,2.0.5,2022-05-30T16:27:58,0.1,,,,939904447,CalledProcessError: Command '/plx-context/artifacts/automl/frameworks/oboe/venv/bin/python -W ignore /plx-context/artifacts/automl/frameworks/oboe/exec.py' returned non-zero exit status 1.,,,,
openml.org/t/10101,blood-transfusion,oboe,6m_10F_2c_8GB,2,binary,,auc,local,latest,,2.0.5,2022-05-30T16:27:58,0.1,,,,939904448,CalledProcessError: Command '/plx-context/artifacts/automl/frameworks/oboe/venv/bin/python -W ignore /plx-context/artifacts/automl/frameworks/oboe/exec.py' returned non-zero exit status 1.,,,,
openml.org/t/10101,blood-transfusion,oboe,6m_10F_2c_8GB,3,binary,,auc,local,latest,,2.0.5,2022-05-30T16:27:58,0.1,,,,939904449,CalledProcessError: Command '/plx-context/artifacts/automl/frameworks/oboe/venv/bin/python -W ignore /plx-context/artifacts/automl/frameworks/oboe/exec.py' returned non-zero exit status 1.,,,,
openml.org/t/10101,blood-transfusion,oboe,6m_10F_2c_8GB,4,binary,,auc,local,latest,,2.0.5,2022-05-30T16:27:58,0.1,,,,939904450,CalledProcessError: Command '/plx-context/artifacts/automl/frameworks/oboe/venv/bin/python -W ignore /plx-context/artifacts/automl/frameworks/oboe/exec.py' returned non-zero exit status 1.,,,,
openml.org/t/10101,blood-transfusion,oboe,6m_10F_2c_8GB,5,binary,,auc,local,latest,,2.0.5,2022-05-30T16:27:58,0.1,,,,939904451,CalledProcessError: Command '/plx-context/artifacts/automl/frameworks/oboe/venv/bin/python -W ignore /plx-context/artifacts/automl/frameworks/oboe/exec.py' returned non-zero exit status 1.,,,,
openml.org/t/10101,blood-transfusion,oboe,6m_10F_2c_8GB,6,binary,,auc,local,latest,,2.0.5,2022-05-30T16:27:58,0.1,,,,939904452,CalledProcessError: Command '/plx-context/artifacts/automl/frameworks/oboe/venv/bin/python -W ignore /plx-context/artifacts/automl/frameworks/oboe/exec.py' returned non-zero exit status 1.,,,,
openml.org/t/10101,blood-transfusion,oboe,6m_10F_2c_8GB,7,binary,,auc,local,latest,,2.0.5,2022-05-30T16:27:58,0.1,,,,939904453,CalledProcessError: Command '/plx-context/artifacts/automl/frameworks/oboe/venv/bin/python -W ignore /plx-context/artifacts/automl/frameworks/oboe/exec.py' returned non-zero exit status 1.,,,,
openml.org/t/10101,blood-transfusion,oboe,6m_10F_2c_8GB,8,binary,,auc,local,latest,,2.0.5,2022-05-30T16:27:59,0.1,,,,939904454,CalledProcessError: Command '/plx-context/artifacts/automl/frameworks/oboe/venv/bin/python -W ignore /plx-context/artifacts/automl/frameworks/oboe/exec.py' returned non-zero exit status 1.,,,,
openml.org/t/10101,blood-transfusion,oboe,6m_10F_2c_8GB,9,binary,,auc,local,latest,,2.0.5,2022-05-30T16:27:59,0.1,,,,939904455,CalledProcessError: Command '/plx-context/artifacts/automl/frameworks/oboe/venv/bin/python -W ignore /plx-context/artifacts/automl/frameworks/oboe/exec.py' returned non-zero exit status 1.,,,,
openml.org/t/146821,car,oboe,6m_10F_2c_8GB,0,multiclass,,neg_logloss,local,latest,,2.0.5,2022-05-30T16:28:22,0.1,,,,939904446,CalledProcessError: Command '/plx-context/artifacts/automl/frameworks/oboe/venv/bin/python -W ignore /plx-context/artifacts/automl/frameworks/oboe/exec.py' returned non-zero exit status 1.,,,,
openml.org/t/146821,car,oboe,6m_10F_2c_8GB,1,multiclass,,neg_logloss,local,latest,,2.0.5,2022-05-30T16:28:22,0.1,,,,939904447,CalledProcessError: Command '/plx-context/artifacts/automl/frameworks/oboe/venv/bin/python -W ignore /plx-context/artifacts/automl/frameworks/oboe/exec.py' returned non-zero exit status 1.,,,,
openml.org/t/146821,car,oboe,6m_10F_2c_8GB,2,multiclass,,neg_logloss,local,latest,,2.0.5,2022-05-30T16:28:23,0.1,,,,939904448,CalledProcessError: Command '/plx-context/artifacts/automl/frameworks/oboe/venv/bin/python -W ignore /plx-context/artifacts/automl/frameworks/oboe/exec.py' returned non-zero exit status 1.,,,,
openml.org/t/146821,car,oboe,6m_10F_2c_8GB,3,multiclass,,neg_logloss,local,latest,,2.0.5,2022-05-30T16:28:23,0.1,,,,939904449,CalledProcessError: Command '/plx-context/artifacts/automl/frameworks/oboe/venv/bin/python -W ignore /plx-context/artifacts/automl/frameworks/oboe/exec.py' returned non-zero exit status 1.,,,,
openml.org/t/146821,car,oboe,6m_10F_2c_8GB,4,multiclass,,neg_logloss,local,latest,,2.0.5,2022-05-30T16:28:23,0.1,,,,939904450,CalledProcessError: Command '/plx-context/artifacts/automl/frameworks/oboe/venv/bin/python -W ignore /plx-context/artifacts/automl/frameworks/oboe/exec.py' returned non-zero exit status 1.,,,,
openml.org/t/146821,car,oboe,6m_10F_2c_8GB,5,multiclass,,neg_logloss,local,latest,,2.0.5,2022-05-30T16:28:23,0.1,,,,939904451,CalledProcessError: Command '/plx-context/artifacts/automl/frameworks/oboe/venv/bin/python -W ignore /plx-context/artifacts/automl/frameworks/oboe/exec.py' returned non-zero exit status 1.,,,,
openml.org/t/146821,car,oboe,6m_10F_2c_8GB,6,multiclass,,neg_logloss,local,latest,,2.0.5,2022-05-30T16:28:23,0.1,,,,939904452,CalledProcessError: Command '/plx-context/artifacts/automl/frameworks/oboe/venv/bin/python -W ignore /plx-context/artifacts/automl/frameworks/oboe/exec.py' returned non-zero exit status 1.,,,,
openml.org/t/146821,car,oboe,6m_10F_2c_8GB,7,multiclass,,neg_logloss,local,latest,,2.0.5,2022-05-30T16:28:23,0.1,,,,939904453,CalledProcessError: Command '/plx-context/artifacts/automl/frameworks/oboe/venv/bin/python -W ignore /plx-context/artifacts/automl/frameworks/oboe/exec.py' returned non-zero exit status 1.,,,,
openml.org/t/146821,car,oboe,6m_10F_2c_8GB,8,multiclass,,neg_logloss,local,latest,,2.0.5,2022-05-30T16:28:23,0.1,,,,939904454,CalledProcessError: Command '/plx-context/artifacts/automl/frameworks/oboe/venv/bin/python -W ignore /plx-context/artifacts/automl/frameworks/oboe/exec.py' returned non-zero exit status 1.,,,,
openml.org/t/146821,car,oboe,6m_10F_2c_8GB,9,multiclass,,neg_logloss,local,latest,,2.0.5,2022-05-30T16:28:24,0.1,,,,939904455,CalledProcessError: Command '/plx-context/artifacts/automl/frameworks/oboe/venv/bin/python -W ignore /plx-context/artifacts/automl/frameworks/oboe/exec.py' returned non-zero exit status 1.,,,,
openml.org/t/168908,christine,oboe,6m_10F_2c_8GB,0,binary,,auc,local,latest,,2.0.5,2022-05-30T16:28:34,0.9,,,,939904446,CalledProcessError: Command '/plx-context/artifacts/automl/frameworks/oboe/venv/bin/python -W ignore /plx-context/artifacts/automl/frameworks/oboe/exec.py' returned non-zero exit status 1.,,,,
openml.org/t/168908,christine,oboe,6m_10F_2c_8GB,1,binary,,auc,local,latest,,2.0.5,2022-05-30T16:28:34,0.7,,,,939904447,CalledProcessError: Command '/plx-context/artifacts/automl/frameworks/oboe/venv/bin/python -W ignore /plx-context/artifacts/automl/frameworks/oboe/exec.py' returned non-zero exit status 1.,,,,
openml.org/t/168908,christine,oboe,6m_10F_2c_8GB,2,binary,,auc,local,latest,,2.0.5,2022-05-30T16:28:35,0.7,,,,939904448,CalledProcessError: Command '/plx-context/artifacts/automl/frameworks/oboe/venv/bin/python -W ignore /plx-context/artifacts/automl/frameworks/oboe/exec.py' returned non-zero exit status 1.,,,,
openml.org/t/168908,christine,oboe,6m_10F_2c_8GB,3,binary,,auc,local,latest,,2.0.5,2022-05-30T16:28:36,0.6,,,,939904449,CalledProcessError: Command '/plx-context/artifacts/automl/frameworks/oboe/venv/bin/python -W ignore /plx-context/artifacts/automl/frameworks/oboe/exec.py' returned non-zero exit status 1.,,,,
openml.org/t/168908,christine,oboe,6m_10F_2c_8GB,4,binary,,auc,local,latest,,2.0.5,2022-05-30T16:28:36,0.7,,,,939904450,CalledProcessError: Command '/plx-context/artifacts/automl/frameworks/oboe/venv/bin/python -W ignore /plx-context/artifacts/automl/frameworks/oboe/exec.py' returned non-zero exit status 1.,,,,
openml.org/t/168908,christine,oboe,6m_10F_2c_8GB,5,binary,,auc,local,latest,,2.0.5,2022-05-30T16:28:37,0.7,,,,939904451,CalledProcessError: Command '/plx-context/artifacts/automl/frameworks/oboe/venv/bin/python -W ignore /plx-context/artifacts/automl/frameworks/oboe/exec.py' returned non-zero exit status 1.,,,,
openml.org/t/168908,christine,oboe,6m_10F_2c_8GB,6,binary,,auc,local,latest,,2.0.5,2022-05-30T16:28:38,0.7,,,,939904452,CalledProcessError: Command '/plx-context/artifacts/automl/frameworks/oboe/venv/bin/python -W ignore /plx-context/artifacts/automl/frameworks/oboe/exec.py' returned non-zero exit status 1.,,,,
openml.org/t/168908,christine,oboe,6m_10F_2c_8GB,7,binary,,auc,local,latest,,2.0.5,2022-05-30T16:28:38,0.7,,,,939904453,CalledProcessError: Command '/plx-context/artifacts/automl/frameworks/oboe/venv/bin/python -W ignore /plx-context/artifacts/automl/frameworks/oboe/exec.py' returned non-zero exit status 1.,,,,
openml.org/t/168908,christine,oboe,6m_10F_2c_8GB,8,binary,,auc,local,latest,,2.0.5,2022-05-30T16:28:39,0.7,,,,939904454,CalledProcessError: Command '/plx-context/artifacts/automl/frameworks/oboe/venv/bin/python -W ignore /plx-context/artifacts/automl/frameworks/oboe/exec.py' returned non-zero exit status 1.,,,,
openml.org/t/168908,christine,oboe,6m_10F_2c_8GB,9,binary,,auc,local,latest,,2.0.5,2022-05-30T16:28:40,0.7,,,,939904455,CalledProcessError: Command '/plx-context/artifacts/automl/frameworks/oboe/venv/bin/python -W ignore /plx-context/artifacts/automl/frameworks/oboe/exec.py' returned non-zero exit status 1.,,,,
openml.org/t/9981,cnae-9,oboe,6m_10F_2c_8GB,0,multiclass,,neg_logloss,local,latest,,2.0.5,2022-05-30T16:28:42,0.3,,,,939904446,CalledProcessError: Command '/plx-context/artifacts/automl/frameworks/oboe/venv/bin/python -W ignore /plx-context/artifacts/automl/frameworks/oboe/exec.py' returned non-zero exit status 1.,,,,
openml.org/t/9981,cnae-9,oboe,6m_10F_2c_8GB,1,multiclass,,neg_logloss,local,latest,,2.0.5,2022-05-30T16:28:42,0.2,,,,939904447,CalledProcessError: Command '/plx-context/artifacts/automl/frameworks/oboe/venv/bin/python -W ignore /plx-context/artifacts/automl/frameworks/oboe/exec.py' returned non-zero exit status 1.,,,,
openml.org/t/9981,cnae-9,oboe,6m_10F_2c_8GB,2,multiclass,,neg_logloss,local,latest,,2.0.5,2022-05-30T16:28:42,0.2,,,,939904448,CalledProcessError: Command '/plx-context/artifacts/automl/frameworks/oboe/venv/bin/python -W ignore /plx-context/artifacts/automl/frameworks/oboe/exec.py' returned non-zero exit status 1.,,,,
openml.org/t/9981,cnae-9,oboe,6m_10F_2c_8GB,3,multiclass,,neg_logloss,local,latest,,2.0.5,2022-05-30T16:28:42,0.2,,,,939904449,CalledProcessError: Command '/plx-context/artifacts/automl/frameworks/oboe/venv/bin/python -W ignore /plx-context/artifacts/automl/frameworks/oboe/exec.py' returned non-zero exit status 1.,,,,
openml.org/t/9981,cnae-9,oboe,6m_10F_2c_8GB,4,multiclass,,neg_logloss,local,latest,,2.0.5,2022-05-30T16:28:43,0.2,,,,939904450,CalledProcessError: Command '/plx-context/artifacts/automl/frameworks/oboe/venv/bin/python -W ignore /plx-context/artifacts/automl/frameworks/oboe/exec.py' returned non-zero exit status 1.,,,,
openml.org/t/9981,cnae-9,oboe,6m_10F_2c_8GB,5,multiclass,,neg_logloss,local,latest,,2.0.5,2022-05-30T16:28:43,0.2,,,,939904451,CalledProcessError: Command '/plx-context/artifacts/automl/frameworks/oboe/venv/bin/python -W ignore /plx-context/artifacts/automl/frameworks/oboe/exec.py' returned non-zero exit status 1.,,,,
openml.org/t/9981,cnae-9,oboe,6m_10F_2c_8GB,6,multiclass,,neg_logloss,local,latest,,2.0.5,2022-05-30T16:28:43,0.2,,,,939904452,CalledProcessError: Command '/plx-context/artifacts/automl/frameworks/oboe/venv/bin/python -W ignore /plx-context/artifacts/automl/frameworks/oboe/exec.py' returned non-zero exit status 1.,,,,
openml.org/t/9981,cnae-9,oboe,6m_10F_2c_8GB,7,multiclass,,neg_logloss,local,latest,,2.0.5,2022-05-30T16:28:43,0.2,,,,939904453,CalledProcessError: Command '/plx-context/artifacts/automl/frameworks/oboe/venv/bin/python -W ignore /plx-context/artifacts/automl/frameworks/oboe/exec.py' returned non-zero exit status 1.,,,,
openml.org/t/9981,cnae-9,oboe,6m_10F_2c_8GB,8,multiclass,,neg_logloss,local,latest,,2.0.5,2022-05-30T16:28:43,0.2,,,,939904454,CalledProcessError: Command '/plx-context/artifacts/automl/frameworks/oboe/venv/bin/python -W ignore /plx-context/artifacts/automl/frameworks/oboe/exec.py' returned non-zero exit status 1.,,,,
openml.org/t/9981,cnae-9,oboe,6m_10F_2c_8GB,9,multiclass,,neg_logloss,local,latest,,2.0.5,2022-05-30T16:28:44,0.2,,,,939904455,CalledProcessError: Command '/plx-context/artifacts/automl/frameworks/oboe/venv/bin/python -W ignore /plx-context/artifacts/automl/frameworks/oboe/exec.py' returned non-zero exit status 1.,,,,
openml.org/t/31,credit-g,oboe,6m_10F_2c_8GB,0,binary,,auc,local,latest,,2.0.5,2022-05-30T16:28:47,0.2,,,,939904446,CalledProcessError: Command '/plx-context/artifacts/automl/frameworks/oboe/venv/bin/python -W ignore /plx-context/artifacts/automl/frameworks/oboe/exec.py' returned non-zero exit status 1.,,,,
openml.org/t/31,credit-g,oboe,6m_10F_2c_8GB,1,binary,,auc,local,latest,,2.0.5,2022-05-30T16:28:47,0.2,,,,939904447,CalledProcessError: Command '/plx-context/artifacts/automl/frameworks/oboe/venv/bin/python -W ignore /plx-context/artifacts/automl/frameworks/oboe/exec.py' returned non-zero exit status 1.,,,,
openml.org/t/31,credit-g,oboe,6m_10F_2c_8GB,2,binary,,auc,local,latest,,2.0.5,2022-05-30T16:28:47,0.2,,,,939904448,CalledProcessError: Command '/plx-context/artifacts/automl/frameworks/oboe/venv/bin/python -W ignore /plx-context/artifacts/automl/frameworks/oboe/exec.py' returned non-zero exit status 1.,,,,
openml.org/t/31,credit-g,oboe,6m_10F_2c_8GB,3,binary,,auc,local,latest,,2.0.5,2022-05-30T16:28:47,0.2,,,,939904449,CalledProcessError: Command '/plx-context/artifacts/automl/frameworks/oboe/venv/bin/python -W ignore /plx-context/artifacts/automl/frameworks/oboe/exec.py' returned non-zero exit status 1.,,,,
openml.org/t/31,credit-g,oboe,6m_10F_2c_8GB,4,binary,,auc,local,latest,,2.0.5,2022-05-30T16:28:47,0.2,,,,939904450,CalledProcessError: Command '/plx-context/artifacts/automl/frameworks/oboe/venv/bin/python -W ignore /plx-context/artifacts/automl/frameworks/oboe/exec.py' returned non-zero exit status 1.,,,,
openml.org/t/31,credit-g,oboe,6m_10F_2c_8GB,5,binary,,auc,local,latest,,2.0.5,2022-05-30T16:28:48,0.2,,,,939904451,CalledProcessError: Command '/plx-context/artifacts/automl/frameworks/oboe/venv/bin/python -W ignore /plx-context/artifacts/automl/frameworks/oboe/exec.py' returned non-zero exit status 1.,,,,
openml.org/t/31,credit-g,oboe,6m_10F_2c_8GB,6,binary,,auc,local,latest,,2.0.5,2022-05-30T16:28:48,0.2,,,,939904452,CalledProcessError: Command '/plx-context/artifacts/automl/frameworks/oboe/venv/bin/python -W ignore /plx-context/artifacts/automl/frameworks/oboe/exec.py' returned non-zero exit status 1.,,,,
openml.org/t/31,credit-g,oboe,6m_10F_2c_8GB,7,binary,,auc,local,latest,,2.0.5,2022-05-30T16:28:48,0.2,,,,939904453,CalledProcessError: Command '/plx-context/artifacts/automl/frameworks/oboe/venv/bin/python -W ignore /plx-context/artifacts/automl/frameworks/oboe/exec.py' returned non-zero exit status 1.,,,,
openml.org/t/31,credit-g,oboe,6m_10F_2c_8GB,8,binary,,auc,local,latest,,2.0.5,2022-05-30T16:28:48,0.2,,,,939904454,CalledProcessError: Command '/plx-context/artifacts/automl/frameworks/oboe/venv/bin/python -W ignore /plx-context/artifacts/automl/frameworks/oboe/exec.py' returned non-zero exit status 1.,,,,
openml.org/t/31,credit-g,oboe,6m_10F_2c_8GB,9,binary,,auc,local,latest,,2.0.5,2022-05-30T16:28:48,0.2,,,,939904455,CalledProcessError: Command '/plx-context/artifacts/automl/frameworks/oboe/venv/bin/python -W ignore /plx-context/artifacts/automl/frameworks/oboe/exec.py' returned non-zero exit status 1.,,,,
openml.org/t/168909,dilbert,oboe,6m_10F_2c_8GB,0,multiclass,,neg_logloss,local,latest,,2.0.5,2022-05-30T16:29:28,3.9,,,,939904446,CalledProcessError: Command '/plx-context/artifacts/automl/frameworks/oboe/venv/bin/python -W ignore /plx-context/artifacts/automl/frameworks/oboe/exec.py' returned non-zero exit status 1.,,,,
openml.org/t/168909,dilbert,oboe,6m_10F_2c_8GB,1,multiclass,,neg_logloss,local,latest,,2.0.5,2022-05-30T16:29:30,2.0,,,,939904447,CalledProcessError: Command '/plx-context/artifacts/automl/frameworks/oboe/venv/bin/python -W ignore /plx-context/artifacts/automl/frameworks/oboe/exec.py' returned non-zero exit status 1.,,,,
openml.org/t/168909,dilbert,oboe,6m_10F_2c_8GB,2,multiclass,,neg_logloss,local,latest,,2.0.5,2022-05-30T16:29:32,1.8,,,,939904448,CalledProcessError: Command '/plx-context/artifacts/automl/frameworks/oboe/venv/bin/python -W ignore /plx-context/artifacts/automl/frameworks/oboe/exec.py' returned non-zero exit status 1.,,,,
openml.org/t/168909,dilbert,oboe,6m_10F_2c_8GB,3,multiclass,,neg_logloss,local,latest,,2.0.5,2022-05-30T16:29:34,1.9,,,,939904449,CalledProcessError: Command '/plx-context/artifacts/automl/frameworks/oboe/venv/bin/python -W ignore /plx-context/artifacts/automl/frameworks/oboe/exec.py' returned non-zero exit status 1.,,,,
openml.org/t/168909,dilbert,oboe,6m_10F_2c_8GB,4,multiclass,,neg_logloss,local,latest,,2.0.5,2022-05-30T16:29:36,1.7,,,,939904450,CalledProcessError: Command '/plx-context/artifacts/automl/frameworks/oboe/venv/bin/python -W ignore /plx-context/artifacts/automl/frameworks/oboe/exec.py' returned non-zero exit status 1.,,,,
openml.org/t/168909,dilbert,oboe,6m_10F_2c_8GB,5,multiclass,,neg_logloss,local,latest,,2.0.5,2022-05-30T16:29:37,1.7,,,,939904451,CalledProcessError: Command '/plx-context/artifacts/automl/frameworks/oboe/venv/bin/python -W ignore /plx-context/artifacts/automl/frameworks/oboe/exec.py' returned non-zero exit status 1.,,,,
openml.org/t/168909,dilbert,oboe,6m_10F_2c_8GB,6,multiclass,,neg_logloss,local,latest,,2.0.5,2022-05-30T16:29:39,1.9,,,,939904452,CalledProcessError: Command '/plx-context/artifacts/automl/frameworks/oboe/venv/bin/python -W ignore /plx-context/artifacts/automl/frameworks/oboe/exec.py' returned non-zero exit status 1.,,,,
openml.org/t/168909,dilbert,oboe,6m_10F_2c_8GB,7,multiclass,,neg_logloss,local,latest,,2.0.5,2022-05-30T16:29:40,1.2,,,,939904453,CalledProcessError: Command '/plx-context/artifacts/automl/frameworks/oboe/venv/bin/python -W ignore /plx-context/artifacts/automl/frameworks/oboe/exec.py' returned non-zero exit status 1.,,,,
openml.org/t/168909,dilbert,oboe,6m_10F_2c_8GB,8,multiclass,,neg_logloss,local,latest,,2.0.5,2022-05-30T16:29:42,1.3,,,,939904454,CalledProcessError: Command '/plx-context/artifacts/automl/frameworks/oboe/venv/bin/python -W ignore /plx-context/artifacts/automl/frameworks/oboe/exec.py' returned non-zero exit status 1.,,,,
openml.org/t/168909,dilbert,oboe,6m_10F_2c_8GB,9,multiclass,,neg_logloss,local,latest,,2.0.5,2022-05-30T16:29:43,1.1,,,,939904455,CalledProcessError: Command '/plx-context/artifacts/automl/frameworks/oboe/venv/bin/python -W ignore /plx-context/artifacts/automl/frameworks/oboe/exec.py' returned non-zero exit status 1.,,,,
openml.org/t/168910,fabert,oboe,6m_10F_2c_8GB,0,multiclass,,neg_logloss,local,latest,,2.0.5,2022-05-30T16:29:53,0.5,,,,939904446,CalledProcessError: Command '/plx-context/artifacts/automl/frameworks/oboe/venv/bin/python -W ignore /plx-context/artifacts/automl/frameworks/oboe/exec.py' returned non-zero exit status 1.,,,,
openml.org/t/168910,fabert,oboe,6m_10F_2c_8GB,1,multiclass,,neg_logloss,local,latest,,2.0.5,2022-05-30T16:29:54,0.5,,,,939904447,CalledProcessError: Command '/plx-context/artifacts/automl/frameworks/oboe/venv/bin/python -W ignore /plx-context/artifacts/automl/frameworks/oboe/exec.py' returned non-zero exit status 1.,,,,
openml.org/t/168910,fabert,oboe,6m_10F_2c_8GB,2,multiclass,,neg_logloss,local,latest,,2.0.5,2022-05-30T16:29:54,0.5,,,,939904448,CalledProcessError: Command '/plx-context/artifacts/automl/frameworks/oboe/venv/bin/python -W ignore /plx-context/artifacts/automl/frameworks/oboe/exec.py' returned non-zero exit status 1.,,,,
openml.org/t/168910,fabert,oboe,6m_10F_2c_8GB,3,multiclass,,neg_logloss,local,latest,,2.0.5,2022-05-30T16:29:55,0.5,,,,939904449,CalledProcessError: Command '/plx-context/artifacts/automl/frameworks/oboe/venv/bin/python -W ignore /plx-context/artifacts/automl/frameworks/oboe/exec.py' returned non-zero exit status 1.,,,,
openml.org/t/168910,fabert,oboe,6m_10F_2c_8GB,4,multiclass,,neg_logloss,local,latest,,2.0.5,2022-05-30T16:29:55,0.4,,,,939904450,CalledProcessError: Command '/plx-context/artifacts/automl/frameworks/oboe/venv/bin/python -W ignore /plx-context/artifacts/automl/frameworks/oboe/exec.py' returned non-zero exit status 1.,,,,
openml.org/t/168910,fabert,oboe,6m_10F_2c_8GB,5,multiclass,,neg_logloss,local,latest,,2.0.5,2022-05-30T16:29:56,0.4,,,,939904451,CalledProcessError: Command '/plx-context/artifacts/automl/frameworks/oboe/venv/bin/python -W ignore /plx-context/artifacts/automl/frameworks/oboe/exec.py' returned non-zero exit status 1.,,,,
openml.org/t/168910,fabert,oboe,6m_10F_2c_8GB,6,multiclass,,neg_logloss,local,latest,,2.0.5,2022-05-30T16:29:56,0.4,,,,939904452,CalledProcessError: Command '/plx-context/artifacts/automl/frameworks/oboe/venv/bin/python -W ignore /plx-context/artifacts/automl/frameworks/oboe/exec.py' returned non-zero exit status 1.,,,,
openml.org/t/168910,fabert,oboe,6m_10F_2c_8GB,7,multiclass,,neg_logloss,local,latest,,2.0.5,2022-05-30T16:29:57,0.5,,,,939904453,CalledProcessError: Command '/plx-context/artifacts/automl/frameworks/oboe/venv/bin/python -W ignore /plx-context/artifacts/automl/frameworks/oboe/exec.py' returned non-zero exit status 1.,,,,
openml.org/t/168910,fabert,oboe,6m_10F_2c_8GB,8,multiclass,,neg_logloss,local,latest,,2.0.5,2022-05-30T16:29:57,0.5,,,,939904454,CalledProcessError: Command '/plx-context/artifacts/automl/frameworks/oboe/venv/bin/python -W ignore /plx-context/artifacts/automl/frameworks/oboe/exec.py' returned non-zero exit status 1.,,,,
openml.org/t/168910,fabert,oboe,6m_10F_2c_8GB,9,multiclass,,neg_logloss,local,latest,,2.0.5,2022-05-30T16:29:58,0.5,,,,939904455,CalledProcessError: Command '/plx-context/artifacts/automl/frameworks/oboe/venv/bin/python -W ignore /plx-context/artifacts/automl/frameworks/oboe/exec.py' returned non-zero exit status 1.,,,,
openml.org/t/168911,jasmine,oboe,6m_10F_2c_8GB,0,binary,,auc,local,latest,,2.0.5,2022-05-30T16:30:09,0.4,,,,939904446,CalledProcessError: Command '/plx-context/artifacts/automl/frameworks/oboe/venv/bin/python -W ignore /plx-context/artifacts/automl/frameworks/oboe/exec.py' returned non-zero exit status 1.,,,,
openml.org/t/168911,jasmine,oboe,6m_10F_2c_8GB,1,binary,,auc,local,latest,,2.0.5,2022-05-30T16:30:10,0.4,,,,939904447,CalledProcessError: Command '/plx-context/artifacts/automl/frameworks/oboe/venv/bin/python -W ignore /plx-context/artifacts/automl/frameworks/oboe/exec.py' returned non-zero exit status 1.,,,,
openml.org/t/168911,jasmine,oboe,6m_10F_2c_8GB,2,binary,,auc,local,latest,,2.0.5,2022-05-30T16:30:10,0.4,,,,939904448,CalledProcessError: Command '/plx-context/artifacts/automl/frameworks/oboe/venv/bin/python -W ignore /plx-context/artifacts/automl/frameworks/oboe/exec.py' returned non-zero exit status 1.,,,,
openml.org/t/168911,jasmine,oboe,6m_10F_2c_8GB,3,binary,,auc,local,latest,,2.0.5,2022-05-30T16:30:10,0.4,,,,939904449,CalledProcessError: Command '/plx-context/artifacts/automl/frameworks/oboe/venv/bin/python -W ignore /plx-context/artifacts/automl/frameworks/oboe/exec.py' returned non-zero exit status 1.,,,,
openml.org/t/168911,jasmine,oboe,6m_10F_2c_8GB,4,binary,,auc,local,latest,,2.0.5,2022-05-30T16:30:11,0.4,,,,939904450,CalledProcessError: Command '/plx-context/artifacts/automl/frameworks/oboe/venv/bin/python -W ignore /plx-context/artifacts/automl/frameworks/oboe/exec.py' returned non-zero exit status 1.,,,,
openml.org/t/168911,jasmine,oboe,6m_10F_2c_8GB,5,binary,,auc,local,latest,,2.0.5,2022-05-30T16:30:11,0.4,,,,939904451,CalledProcessError: Command '/plx-context/artifacts/automl/frameworks/oboe/venv/bin/python -W ignore /plx-context/artifacts/automl/frameworks/oboe/exec.py' returned non-zero exit status 1.,,,,
openml.org/t/168911,jasmine,oboe,6m_10F_2c_8GB,6,binary,,auc,local,latest,,2.0.5,2022-05-30T16:30:12,0.4,,,,939904452,CalledProcessError: Command '/plx-context/artifacts/automl/frameworks/oboe/venv/bin/python -W ignore /plx-context/artifacts/automl/frameworks/oboe/exec.py' returned non-zero exit status 1.,,,,
openml.org/t/168911,jasmine,oboe,6m_10F_2c_8GB,7,binary,,auc,local,latest,,2.0.5,2022-05-30T16:30:12,0.4,,,,939904453,CalledProcessError: Command '/plx-context/artifacts/automl/frameworks/oboe/venv/bin/python -W ignore /plx-context/artifacts/automl/frameworks/oboe/exec.py' returned non-zero exit status 1.,,,,
openml.org/t/168911,jasmine,oboe,6m_10F_2c_8GB,8,binary,,auc,local,latest,,2.0.5,2022-05-30T16:30:12,0.4,,,,939904454,CalledProcessError: Command '/plx-context/artifacts/automl/frameworks/oboe/venv/bin/python -W ignore /plx-context/artifacts/automl/frameworks/oboe/exec.py' returned non-zero exit status 1.,,,,
openml.org/t/168911,jasmine,oboe,6m_10F_2c_8GB,9,binary,,auc,local,latest,,2.0.5,2022-05-30T16:30:13,0.4,,,,939904455,CalledProcessError: Command '/plx-context/artifacts/automl/frameworks/oboe/venv/bin/python -W ignore /plx-context/artifacts/automl/frameworks/oboe/exec.py' returned non-zero exit status 1.,,,,
openml.org/t/3917,kc1,oboe,6m_10F_2c_8GB,0,binary,,auc,local,latest,,2.0.5,2022-05-30T16:30:19,0.2,,,,939904446,CalledProcessError: Command '/plx-context/artifacts/automl/frameworks/oboe/venv/bin/python -W ignore /plx-context/artifacts/automl/frameworks/oboe/exec.py' returned non-zero exit status 1.,,,,
openml.org/t/3917,kc1,oboe,6m_10F_2c_8GB,1,binary,,auc,local,latest,,2.0.5,2022-05-30T16:30:20,0.2,,,,939904447,CalledProcessError: Command '/plx-context/artifacts/automl/frameworks/oboe/venv/bin/python -W ignore /plx-context/artifacts/automl/frameworks/oboe/exec.py' returned non-zero exit status 1.,,,,
openml.org/t/3917,kc1,oboe,6m_10F_2c_8GB,2,binary,,auc,local,latest,,2.0.5,2022-05-30T16:30:20,0.2,,,,939904448,CalledProcessError: Command '/plx-context/artifacts/automl/frameworks/oboe/venv/bin/python -W ignore /plx-context/artifacts/automl/frameworks/oboe/exec.py' returned non-zero exit status 1.,,,,
openml.org/t/3917,kc1,oboe,6m_10F_2c_8GB,3,binary,,auc,local,latest,,2.0.5,2022-05-30T16:30:20,0.2,,,,939904449,CalledProcessError: Command '/plx-context/artifacts/automl/frameworks/oboe/venv/bin/python -W ignore /plx-context/artifacts/automl/frameworks/oboe/exec.py' returned non-zero exit status 1.,,,,
openml.org/t/3917,kc1,oboe,6m_10F_2c_8GB,4,binary,,auc,local,latest,,2.0.5,2022-05-30T16:30:20,0.2,,,,939904450,CalledProcessError: Command '/plx-context/artifacts/automl/frameworks/oboe/venv/bin/python -W ignore /plx-context/artifacts/automl/frameworks/oboe/exec.py' returned non-zero exit status 1.,,,,
openml.org/t/3917,kc1,oboe,6m_10F_2c_8GB,5,binary,,auc,local,latest,,2.0.5,2022-05-30T16:30:20,0.2,,,,939904451,CalledProcessError: Command '/plx-context/artifacts/automl/frameworks/oboe/venv/bin/python -W ignore /plx-context/artifacts/automl/frameworks/oboe/exec.py' returned non-zero exit status 1.,,,,
openml.org/t/3917,kc1,oboe,6m_10F_2c_8GB,6,binary,,auc,local,latest,,2.0.5,2022-05-30T16:30:20,0.2,,,,939904452,CalledProcessError: Command '/plx-context/artifacts/automl/frameworks/oboe/venv/bin/python -W ignore /plx-context/artifacts/automl/frameworks/oboe/exec.py' returned non-zero exit status 1.,,,,
openml.org/t/3917,kc1,oboe,6m_10F_2c_8GB,7,binary,,auc,local,latest,,2.0.5,2022-05-30T16:30:21,0.1,,,,939904453,CalledProcessError: Command '/plx-context/artifacts/automl/frameworks/oboe/venv/bin/python -W ignore /plx-context/artifacts/automl/frameworks/oboe/exec.py' returned non-zero exit status 1.,,,,
openml.org/t/3917,kc1,oboe,6m_10F_2c_8GB,8,binary,,auc,local,latest,,2.0.5,2022-05-30T16:30:21,0.2,,,,939904454,CalledProcessError: Command '/plx-context/artifacts/automl/frameworks/oboe/venv/bin/python -W ignore /plx-context/artifacts/automl/frameworks/oboe/exec.py' returned non-zero exit status 1.,,,,
openml.org/t/3917,kc1,oboe,6m_10F_2c_8GB,9,binary,,auc,local,latest,,2.0.5,2022-05-30T16:30:21,0.1,,,,939904455,CalledProcessError: Command '/plx-context/artifacts/automl/frameworks/oboe/venv/bin/python -W ignore /plx-context/artifacts/automl/frameworks/oboe/exec.py' returned non-zero exit status 1.,,,,
openml.org/t/3,kr-vs-kp,oboe,6m_10F_2c_8GB,0,binary,,auc,local,latest,,2.0.5,2022-05-30T16:30:52,0.2,,,,939904446,CalledProcessError: Command '/plx-context/artifacts/automl/frameworks/oboe/venv/bin/python -W ignore /plx-context/artifacts/automl/frameworks/oboe/exec.py' returned non-zero exit status 1.,,,,
openml.org/t/3,kr-vs-kp,oboe,6m_10F_2c_8GB,1,binary,,auc,local,latest,,2.0.5,2022-05-30T16:30:52,0.2,,,,939904447,CalledProcessError: Command '/plx-context/artifacts/automl/frameworks/oboe/venv/bin/python -W ignore /plx-context/artifacts/automl/frameworks/oboe/exec.py' returned non-zero exit status 1.,,,,
openml.org/t/3,kr-vs-kp,oboe,6m_10F_2c_8GB,2,binary,,auc,local,latest,,2.0.5,2022-05-30T16:30:52,0.2,,,,939904448,CalledProcessError: Command '/plx-context/artifacts/automl/frameworks/oboe/venv/bin/python -W ignore /plx-context/artifacts/automl/frameworks/oboe/exec.py' returned non-zero exit status 1.,,,,
openml.org/t/3,kr-vs-kp,oboe,6m_10F_2c_8GB,3,binary,,auc,local,latest,,2.0.5,2022-05-30T16:30:53,0.2,,,,939904449,CalledProcessError: Command '/plx-context/artifacts/automl/frameworks/oboe/venv/bin/python -W ignore /plx-context/artifacts/automl/frameworks/oboe/exec.py' returned non-zero exit status 1.,,,,
openml.org/t/3,kr-vs-kp,oboe,6m_10F_2c_8GB,4,binary,,auc,local,latest,,2.0.5,2022-05-30T16:30:53,0.3,,,,939904450,CalledProcessError: Command '/plx-context/artifacts/automl/frameworks/oboe/venv/bin/python -W ignore /plx-context/artifacts/automl/frameworks/oboe/exec.py' returned non-zero exit status 1.,,,,
openml.org/t/3,kr-vs-kp,oboe,6m_10F_2c_8GB,5,binary,,auc,local,latest,,2.0.5,2022-05-30T16:30:53,0.2,,,,939904451,CalledProcessError: Command '/plx-context/artifacts/automl/frameworks/oboe/venv/bin/python -W ignore /plx-context/artifacts/automl/frameworks/oboe/exec.py' returned non-zero exit status 1.,,,,
openml.org/t/3,kr-vs-kp,oboe,6m_10F_2c_8GB,6,binary,,auc,local,latest,,2.0.5,2022-05-30T16:30:53,0.2,,,,939904452,CalledProcessError: Command '/plx-context/artifacts/automl/frameworks/oboe/venv/bin/python -W ignore /plx-context/artifacts/automl/frameworks/oboe/exec.py' returned non-zero exit status 1.,,,,
openml.org/t/3,kr-vs-kp,oboe,6m_10F_2c_8GB,7,binary,,auc,local,latest,,2.0.5,2022-05-30T16:30:53,0.2,,,,939904453,CalledProcessError: Command '/plx-context/artifacts/automl/frameworks/oboe/venv/bin/python -W ignore /plx-context/artifacts/automl/frameworks/oboe/exec.py' returned non-zero exit status 1.,,,,
openml.org/t/3,kr-vs-kp,oboe,6m_10F_2c_8GB,8,binary,,auc,local,latest,,2.0.5,2022-05-30T16:30:54,0.2,,,,939904454,CalledProcessError: Command '/plx-context/artifacts/automl/frameworks/oboe/venv/bin/python -W ignore /plx-context/artifacts/automl/frameworks/oboe/exec.py' returned non-zero exit status 1.,,,,
openml.org/t/3,kr-vs-kp,oboe,6m_10F_2c_8GB,9,binary,,auc,local,latest,,2.0.5,2022-05-30T16:30:54,0.2,,,,939904455,CalledProcessError: Command '/plx-context/artifacts/automl/frameworks/oboe/venv/bin/python -W ignore /plx-context/artifacts/automl/frameworks/oboe/exec.py' returned non-zero exit status 1.,,,,
openml.org/t/12,mfeat-factors,oboe,6m_10F_2c_8GB,0,multiclass,,neg_logloss,local,latest,,2.0.5,2022-05-30T16:30:56,0.2,,,,939904446,CalledProcessError: Command '/plx-context/artifacts/automl/frameworks/oboe/venv/bin/python -W ignore /plx-context/artifacts/automl/frameworks/oboe/exec.py' returned non-zero exit status 1.,,,,
openml.org/t/12,mfeat-factors,oboe,6m_10F_2c_8GB,1,multiclass,,neg_logloss,local,latest,,2.0.5,2022-05-30T16:30:56,0.2,,,,939904447,CalledProcessError: Command '/plx-context/artifacts/automl/frameworks/oboe/venv/bin/python -W ignore /plx-context/artifacts/automl/frameworks/oboe/exec.py' returned non-zero exit status 1.,,,,
openml.org/t/12,mfeat-factors,oboe,6m_10F_2c_8GB,2,multiclass,,neg_logloss,local,latest,,2.0.5,2022-05-30T16:30:57,0.2,,,,939904448,CalledProcessError: Command '/plx-context/artifacts/automl/frameworks/oboe/venv/bin/python -W ignore /plx-context/artifacts/automl/frameworks/oboe/exec.py' returned non-zero exit status 1.,,,,
openml.org/t/12,mfeat-factors,oboe,6m_10F_2c_8GB,3,multiclass,,neg_logloss,local,latest,,2.0.5,2022-05-30T16:30:57,0.2,,,,939904449,CalledProcessError: Command '/plx-context/artifacts/automl/frameworks/oboe/venv/bin/python -W ignore /plx-context/artifacts/automl/frameworks/oboe/exec.py' returned non-zero exit status 1.,,,,
openml.org/t/12,mfeat-factors,oboe,6m_10F_2c_8GB,4,multiclass,,neg_logloss,local,latest,,2.0.5,2022-05-30T16:30:57,0.2,,,,939904450,CalledProcessError: Command '/plx-context/artifacts/automl/frameworks/oboe/venv/bin/python -W ignore /plx-context/artifacts/automl/frameworks/oboe/exec.py' returned non-zero exit status 1.,,,,
openml.org/t/12,mfeat-factors,oboe,6m_10F_2c_8GB,5,multiclass,,neg_logloss,local,latest,,2.0.5,2022-05-30T16:30:57,0.2,,,,939904451,CalledProcessError: Command '/plx-context/artifacts/automl/frameworks/oboe/venv/bin/python -W ignore /plx-context/artifacts/automl/frameworks/oboe/exec.py' returned non-zero exit status 1.,,,,
openml.org/t/12,mfeat-factors,oboe,6m_10F_2c_8GB,6,multiclass,,neg_logloss,local,latest,,2.0.5,2022-05-30T16:30:57,0.2,,,,939904452,CalledProcessError: Command '/plx-context/artifacts/automl/frameworks/oboe/venv/bin/python -W ignore /plx-context/artifacts/automl/frameworks/oboe/exec.py' returned non-zero exit status 1.,,,,
openml.org/t/12,mfeat-factors,oboe,6m_10F_2c_8GB,7,multiclass,,neg_logloss,local,latest,,2.0.5,2022-05-30T16:30:58,0.3,,,,939904453,CalledProcessError: Command '/plx-context/artifacts/automl/frameworks/oboe/venv/bin/python -W ignore /plx-context/artifacts/automl/frameworks/oboe/exec.py' returned non-zero exit status 1.,,,,
openml.org/t/12,mfeat-factors,oboe,6m_10F_2c_8GB,8,multiclass,,neg_logloss,local,latest,,2.0.5,2022-05-30T16:30:58,0.2,,,,939904454,CalledProcessError: Command '/plx-context/artifacts/automl/frameworks/oboe/venv/bin/python -W ignore /plx-context/artifacts/automl/frameworks/oboe/exec.py' returned non-zero exit status 1.,,,,
openml.org/t/12,mfeat-factors,oboe,6m_10F_2c_8GB,9,multiclass,,neg_logloss,local,latest,,2.0.5,2022-05-30T16:30:58,0.2,,,,939904455,CalledProcessError: Command '/plx-context/artifacts/automl/frameworks/oboe/venv/bin/python -W ignore /plx-context/artifacts/automl/frameworks/oboe/exec.py' returned non-zero exit status 1.,,,,
openml.org/t/9952,phoneme,oboe,6m_10F_2c_8GB,0,binary,,auc,local,latest,,2.0.5,2022-05-30T16:31:00,0.2,,,,939904446,CalledProcessError: Command '/plx-context/artifacts/automl/frameworks/oboe/venv/bin/python -W ignore /plx-context/artifacts/automl/frameworks/oboe/exec.py' returned non-zero exit status 1.,,,,
openml.org/t/9952,phoneme,oboe,6m_10F_2c_8GB,1,binary,,auc,local,latest,,2.0.5,2022-05-30T16:31:00,0.2,,,,939904447,CalledProcessError: Command '/plx-context/artifacts/automl/frameworks/oboe/venv/bin/python -W ignore /plx-context/artifacts/automl/frameworks/oboe/exec.py' returned non-zero exit status 1.,,,,
openml.org/t/9952,phoneme,oboe,6m_10F_2c_8GB,2,binary,,auc,local,latest,,2.0.5,2022-05-30T16:31:00,0.2,,,,939904448,CalledProcessError: Command '/plx-context/artifacts/automl/frameworks/oboe/venv/bin/python -W ignore /plx-context/artifacts/automl/frameworks/oboe/exec.py' returned non-zero exit status 1.,,,,
openml.org/t/9952,phoneme,oboe,6m_10F_2c_8GB,3,binary,,auc,local,latest,,2.0.5,2022-05-30T16:31:00,0.2,,,,939904449,CalledProcessError: Command '/plx-context/artifacts/automl/frameworks/oboe/venv/bin/python -W ignore /plx-context/artifacts/automl/frameworks/oboe/exec.py' returned non-zero exit status 1.,,,,
openml.org/t/9952,phoneme,oboe,6m_10F_2c_8GB,4,binary,,auc,local,latest,,2.0.5,2022-05-30T16:31:01,0.2,,,,939904450,CalledProcessError: Command '/plx-context/artifacts/automl/frameworks/oboe/venv/bin/python -W ignore /plx-context/artifacts/automl/frameworks/oboe/exec.py' returned non-zero exit status 1.,,,,
openml.org/t/9952,phoneme,oboe,6m_10F_2c_8GB,5,binary,,auc,local,latest,,2.0.5,2022-05-30T16:31:01,0.2,,,,939904451,CalledProcessError: Command '/plx-context/artifacts/automl/frameworks/oboe/venv/bin/python -W ignore /plx-context/artifacts/automl/frameworks/oboe/exec.py' returned non-zero exit status 1.,,,,
openml.org/t/9952,phoneme,oboe,6m_10F_2c_8GB,6,binary,,auc,local,latest,,2.0.5,2022-05-30T16:31:01,0.2,,,,939904452,CalledProcessError: Command '/plx-context/artifacts/automl/frameworks/oboe/venv/bin/python -W ignore /plx-context/artifacts/automl/frameworks/oboe/exec.py' returned non-zero exit status 1.,,,,
openml.org/t/9952,phoneme,oboe,6m_10F_2c_8GB,7,binary,,auc,local,latest,,2.0.5,2022-05-30T16:31:01,0.2,,,,939904453,CalledProcessError: Command '/plx-context/artifacts/automl/frameworks/oboe/venv/bin/python -W ignore /plx-context/artifacts/automl/frameworks/oboe/exec.py' returned non-zero exit status 1.,,,,
openml.org/t/9952,phoneme,oboe,6m_10F_2c_8GB,8,binary,,auc,local,latest,,2.0.5,2022-05-30T16:31:01,0.2,,,,939904454,CalledProcessError: Command '/plx-context/artifacts/automl/frameworks/oboe/venv/bin/python -W ignore /plx-context/artifacts/automl/frameworks/oboe/exec.py' returned non-zero exit status 1.,,,,
openml.org/t/9952,phoneme,oboe,6m_10F_2c_8GB,9,binary,,auc,local,latest,,2.0.5,2022-05-30T16:31:02,0.2,,,,939904455,CalledProcessError: Command '/plx-context/artifacts/automl/frameworks/oboe/venv/bin/python -W ignore /plx-context/artifacts/automl/frameworks/oboe/exec.py' returned non-zero exit status 1.,,,,
openml.org/t/146822,segment,oboe,6m_10F_2c_8GB,0,multiclass,,neg_logloss,local,latest,,2.0.5,2022-05-30T16:31:05,0.2,,,,939904446,CalledProcessError: Command '/plx-context/artifacts/automl/frameworks/oboe/venv/bin/python -W ignore /plx-context/artifacts/automl/frameworks/oboe/exec.py' returned non-zero exit status 1.,,,,
openml.org/t/146822,segment,oboe,6m_10F_2c_8GB,1,multiclass,,neg_logloss,local,latest,,2.0.5,2022-05-30T16:31:05,0.2,,,,939904447,CalledProcessError: Command '/plx-context/artifacts/automl/frameworks/oboe/venv/bin/python -W ignore /plx-context/artifacts/automl/frameworks/oboe/exec.py' returned non-zero exit status 1.,,,,
openml.org/t/146822,segment,oboe,6m_10F_2c_8GB,2,multiclass,,neg_logloss,local,latest,,2.0.5,2022-05-30T16:31:06,0.2,,,,939904448,CalledProcessError: Command '/plx-context/artifacts/automl/frameworks/oboe/venv/bin/python -W ignore /plx-context/artifacts/automl/frameworks/oboe/exec.py' returned non-zero exit status 1.,,,,
openml.org/t/146822,segment,oboe,6m_10F_2c_8GB,3,multiclass,,neg_logloss,local,latest,,2.0.5,2022-05-30T16:31:06,0.2,,,,939904449,CalledProcessError: Command '/plx-context/artifacts/automl/frameworks/oboe/venv/bin/python -W ignore /plx-context/artifacts/automl/frameworks/oboe/exec.py' returned non-zero exit status 1.,,,,
openml.org/t/146822,segment,oboe,6m_10F_2c_8GB,4,multiclass,,neg_logloss,local,latest,,2.0.5,2022-05-30T16:31:06,0.2,,,,939904450,CalledProcessError: Command '/plx-context/artifacts/automl/frameworks/oboe/venv/bin/python -W ignore /plx-context/artifacts/automl/frameworks/oboe/exec.py' returned non-zero exit status 1.,,,,
openml.org/t/146822,segment,oboe,6m_10F_2c_8GB,5,multiclass,,neg_logloss,local,latest,,2.0.5,2022-05-30T16:31:06,0.2,,,,939904451,CalledProcessError: Command '/plx-context/artifacts/automl/frameworks/oboe/venv/bin/python -W ignore /plx-context/artifacts/automl/frameworks/oboe/exec.py' returned non-zero exit status 1.,,,,
openml.org/t/146822,segment,oboe,6m_10F_2c_8GB,6,multiclass,,neg_logloss,local,latest,,2.0.5,2022-05-30T16:31:06,0.2,,,,939904452,CalledProcessError: Command '/plx-context/artifacts/automl/frameworks/oboe/venv/bin/python -W ignore /plx-context/artifacts/automl/frameworks/oboe/exec.py' returned non-zero exit status 1.,,,,
openml.org/t/146822,segment,oboe,6m_10F_2c_8GB,7,multiclass,,neg_logloss,local,latest,,2.0.5,2022-05-30T16:31:06,0.2,,,,939904453,CalledProcessError: Command '/plx-context/artifacts/automl/frameworks/oboe/venv/bin/python -W ignore /plx-context/artifacts/automl/frameworks/oboe/exec.py' returned non-zero exit status 1.,,,,
openml.org/t/146822,segment,oboe,6m_10F_2c_8GB,8,multiclass,,neg_logloss,local,latest,,2.0.5,2022-05-30T16:31:07,0.2,,,,939904454,CalledProcessError: Command '/plx-context/artifacts/automl/frameworks/oboe/venv/bin/python -W ignore /plx-context/artifacts/automl/frameworks/oboe/exec.py' returned non-zero exit status 1.,,,,
openml.org/t/146822,segment,oboe,6m_10F_2c_8GB,9,multiclass,,neg_logloss,local,latest,,2.0.5,2022-05-30T16:31:07,0.2,,,,939904455,CalledProcessError: Command '/plx-context/artifacts/automl/frameworks/oboe/venv/bin/python -W ignore /plx-context/artifacts/automl/frameworks/oboe/exec.py' returned non-zero exit status 1.,,,,
openml.org/t/168912,sylvine,oboe,6m_10F_2c_8GB,0,binary,,auc,local,latest,,2.0.5,2022-05-30T16:31:35,0.2,,,,939904446,CalledProcessError: Command '/plx-context/artifacts/automl/frameworks/oboe/venv/bin/python -W ignore /plx-context/artifacts/automl/frameworks/oboe/exec.py' returned non-zero exit status 1.,,,,
openml.org/t/168912,sylvine,oboe,6m_10F_2c_8GB,1,binary,,auc,local,latest,,2.0.5,2022-05-30T16:31:35,0.2,,,,939904447,CalledProcessError: Command '/plx-context/artifacts/automl/frameworks/oboe/venv/bin/python -W ignore /plx-context/artifacts/automl/frameworks/oboe/exec.py' returned non-zero exit status 1.,,,,
openml.org/t/168912,sylvine,oboe,6m_10F_2c_8GB,2,binary,,auc,local,latest,,2.0.5,2022-05-30T16:31:35,0.2,,,,939904448,CalledProcessError: Command '/plx-context/artifacts/automl/frameworks/oboe/venv/bin/python -W ignore /plx-context/artifacts/automl/frameworks/oboe/exec.py' returned non-zero exit status 1.,,,,
openml.org/t/168912,sylvine,oboe,6m_10F_2c_8GB,3,binary,,auc,local,latest,,2.0.5,2022-05-30T16:31:35,0.2,,,,939904449,CalledProcessError: Command '/plx-context/artifacts/automl/frameworks/oboe/venv/bin/python -W ignore /plx-context/artifacts/automl/frameworks/oboe/exec.py' returned non-zero exit status 1.,,,,
openml.org/t/168912,sylvine,oboe,6m_10F_2c_8GB,4,binary,,auc,local,latest,,2.0.5,2022-05-30T16:31:35,0.2,,,,939904450,CalledProcessError: Command '/plx-context/artifacts/automl/frameworks/oboe/venv/bin/python -W ignore /plx-context/artifacts/automl/frameworks/oboe/exec.py' returned non-zero exit status 1.,,,,
openml.org/t/168912,sylvine,oboe,6m_10F_2c_8GB,5,binary,,auc,local,latest,,2.0.5,2022-05-30T16:31:36,0.2,,,,939904451,CalledProcessError: Command '/plx-context/artifacts/automl/frameworks/oboe/venv/bin/python -W ignore /plx-context/artifacts/automl/frameworks/oboe/exec.py' returned non-zero exit status 1.,,,,
openml.org/t/168912,sylvine,oboe,6m_10F_2c_8GB,6,binary,,auc,local,latest,,2.0.5,2022-05-30T16:31:36,0.2,,,,939904452,CalledProcessError: Command '/plx-context/artifacts/automl/frameworks/oboe/venv/bin/python -W ignore /plx-context/artifacts/automl/frameworks/oboe/exec.py' returned non-zero exit status 1.,,,,
openml.org/t/168912,sylvine,oboe,6m_10F_2c_8GB,7,binary,,auc,local,latest,,2.0.5,2022-05-30T16:31:36,0.2,,,,939904453,CalledProcessError: Command '/plx-context/artifacts/automl/frameworks/oboe/venv/bin/python -W ignore /plx-context/artifacts/automl/frameworks/oboe/exec.py' returned non-zero exit status 1.,,,,
openml.org/t/168912,sylvine,oboe,6m_10F_2c_8GB,8,binary,,auc,local,latest,,2.0.5,2022-05-30T16:31:36,0.2,,,,939904454,CalledProcessError: Command '/plx-context/artifacts/automl/frameworks/oboe/venv/bin/python -W ignore /plx-context/artifacts/automl/frameworks/oboe/exec.py' returned non-zero exit status 1.,,,,
openml.org/t/168912,sylvine,oboe,6m_10F_2c_8GB,9,binary,,auc,local,latest,,2.0.5,2022-05-30T16:31:36,0.2,,,,939904455,CalledProcessError: Command '/plx-context/artifacts/automl/frameworks/oboe/venv/bin/python -W ignore /plx-context/artifacts/automl/frameworks/oboe/exec.py' returned non-zero exit status 1.,,,,
openml.org/t/53,vehicle,oboe,6m_10F_2c_8GB,0,multiclass,,neg_logloss,local,latest,,2.0.5,2022-05-30T16:31:42,0.2,,,,939904446,CalledProcessError: Command '/plx-context/artifacts/automl/frameworks/oboe/venv/bin/python -W ignore /plx-context/artifacts/automl/frameworks/oboe/exec.py' returned non-zero exit status 1.,,,,
openml.org/t/53,vehicle,oboe,6m_10F_2c_8GB,1,multiclass,,neg_logloss,local,latest,,2.0.5,2022-05-30T16:31:42,0.2,,,,939904447,CalledProcessError: Command '/plx-context/artifacts/automl/frameworks/oboe/venv/bin/python -W ignore /plx-context/artifacts/automl/frameworks/oboe/exec.py' returned non-zero exit status 1.,,,,
openml.org/t/53,vehicle,oboe,6m_10F_2c_8GB,2,multiclass,,neg_logloss,local,latest,,2.0.5,2022-05-30T16:31:42,0.2,,,,939904448,CalledProcessError: Command '/plx-context/artifacts/automl/frameworks/oboe/venv/bin/python -W ignore /plx-context/artifacts/automl/frameworks/oboe/exec.py' returned non-zero exit status 1.,,,,
openml.org/t/53,vehicle,oboe,6m_10F_2c_8GB,3,multiclass,,neg_logloss,local,latest,,2.0.5,2022-05-30T16:31:42,0.2,,,,939904449,CalledProcessError: Command '/plx-context/artifacts/automl/frameworks/oboe/venv/bin/python -W ignore /plx-context/artifacts/automl/frameworks/oboe/exec.py' returned non-zero exit status 1.,,,,
openml.org/t/53,vehicle,oboe,6m_10F_2c_8GB,4,multiclass,,neg_logloss,local,latest,,2.0.5,2022-05-30T16:31:42,0.2,,,,939904450,CalledProcessError: Command '/plx-context/artifacts/automl/frameworks/oboe/venv/bin/python -W ignore /plx-context/artifacts/automl/frameworks/oboe/exec.py' returned non-zero exit status 1.,,,,
openml.org/t/53,vehicle,oboe,6m_10F_2c_8GB,5,multiclass,,neg_logloss,local,latest,,2.0.5,2022-05-30T16:31:43,0.2,,,,939904451,CalledProcessError: Command '/plx-context/artifacts/automl/frameworks/oboe/venv/bin/python -W ignore /plx-context/artifacts/automl/frameworks/oboe/exec.py' returned non-zero exit status 1.,,,,
openml.org/t/53,vehicle,oboe,6m_10F_2c_8GB,6,multiclass,,neg_logloss,local,latest,,2.0.5,2022-05-30T16:31:43,0.2,,,,939904452,CalledProcessError: Command '/plx-context/artifacts/automl/frameworks/oboe/venv/bin/python -W ignore /plx-context/artifacts/automl/frameworks/oboe/exec.py' returned non-zero exit status 1.,,,,
openml.org/t/53,vehicle,oboe,6m_10F_2c_8GB,7,multiclass,,neg_logloss,local,latest,,2.0.5,2022-05-30T16:31:43,0.2,,,,939904453,CalledProcessError: Command '/plx-context/artifacts/automl/frameworks/oboe/venv/bin/python -W ignore /plx-context/artifacts/automl/frameworks/oboe/exec.py' returned non-zero exit status 1.,,,,
openml.org/t/53,vehicle,oboe,6m_10F_2c_8GB,8,multiclass,,neg_logloss,local,latest,,2.0.5,2022-05-30T16:31:43,0.2,,,,939904454,CalledProcessError: Command '/plx-context/artifacts/automl/frameworks/oboe/venv/bin/python -W ignore /plx-context/artifacts/automl/frameworks/oboe/exec.py' returned non-zero exit status 1.,,,,
openml.org/t/53,vehicle,oboe,6m_10F_2c_8GB,9,multiclass,,neg_logloss,local,latest,,2.0.5,2022-05-30T16:31:43,0.2,,,,939904455,CalledProcessError: Command '/plx-context/artifacts/automl/frameworks/oboe/venv/bin/python -W ignore /plx-context/artifacts/automl/frameworks/oboe/exec.py' returned non-zero exit status 1.,,,,
