id,task,framework,constraint,fold,type,result,metric,mode,version,params,app_version,utc,duration,training_duration,predict_duration,models_count,seed,info,acc,auc,balacc,logloss
openml.org/t/146818,Australian,DecisionTree,6m_10F_2c_8GB,0,binary,0.888795,auc,local,0.24.2,,2.0.5,2022-06-02T12:59:47,0.1,0.003,0.0003,1,1908032091,,0.884058,0.888795,0.888795,4.0045
openml.org/t/146818,Australian,DecisionTree,6m_10F_2c_8GB,1,binary,0.837436,auc,local,0.24.2,,2.0.5,2022-06-02T12:59:47,0.06,0.003,0.0002,1,1908032092,,0.84058,0.837436,0.837436,5.50618
openml.org/t/146818,Australian,DecisionTree,6m_10F_2c_8GB,2,binary,0.789049,auc,local,0.24.2,,2.0.5,2022-06-02T12:59:47,0.04,0.002,0.0001,1,1908032093,,0.797101,0.789049,0.789049,7.00787
openml.org/t/146818,Australian,DecisionTree,6m_10F_2c_8GB,3,binary,0.749576,auc,local,0.24.2,,2.0.5,2022-06-02T12:59:47,0.04,0.002,0.0001,1,1908032094,,0.753623,0.749576,0.749576,8.50955
openml.org/t/146818,Australian,DecisionTree,6m_10F_2c_8GB,4,binary,0.869694,auc,local,0.24.2,,2.0.5,2022-06-02T12:59:47,0.04,0.002,0.0002,1,1908032095,,0.869565,0.869694,0.869694,4.50506
openml.org/t/146818,Australian,DecisionTree,6m_10F_2c_8GB,5,binary,0.872666,auc,local,0.24.2,,2.0.5,2022-06-02T12:59:47,0.04,0.002,0.0002,1,1908032096,,0.869565,0.872666,0.872666,4.50506
openml.org/t/146818,Australian,DecisionTree,6m_10F_2c_8GB,6,binary,0.787776,auc,local,0.24.2,,2.0.5,2022-06-02T12:59:47,0.04,0.002,0.0001,1,1908032097,,0.782609,0.787776,0.787776,7.50843
openml.org/t/146818,Australian,DecisionTree,6m_10F_2c_8GB,7,binary,0.885897,auc,local,0.24.2,,2.0.5,2022-06-02T12:59:47,0.04,0.002,0.0001,1,1908032098,,0.884058,0.885897,0.885897,4.0045
openml.org/t/146818,Australian,DecisionTree,6m_10F_2c_8GB,8,binary,0.861538,auc,local,0.24.2,,2.0.5,2022-06-02T12:59:47,0.04,0.002,0.0001,1,1908032099,,0.869565,0.861538,0.861538,4.50506
openml.org/t/146818,Australian,DecisionTree,6m_10F_2c_8GB,9,binary,0.767949,auc,local,0.24.2,,2.0.5,2022-06-02T12:59:47,0.04,0.002,0.0002,1,1908032100,,0.768116,0.767949,0.767949,8.00899
openml.org/t/10101,blood-transfusion,DecisionTree,6m_10F_2c_8GB,0,binary,0.528752,auc,local,0.24.2,,2.0.5,2022-06-02T12:59:49,0.02,0.001,0.0001,1,1908032091,,0.626667,0.528752,0.488304,10.735
openml.org/t/10101,blood-transfusion,DecisionTree,6m_10F_2c_8GB,1,binary,0.529727,auc,local,0.24.2,,2.0.5,2022-06-02T12:59:49,0.02,0.001,0.0001,1,1908032092,,0.733333,0.529727,0.539474,7.48836
openml.org/t/10101,blood-transfusion,DecisionTree,6m_10F_2c_8GB,2,binary,0.615984,auc,local,0.24.2,,2.0.5,2022-06-02T12:59:49,0.09,0.001,0.0001,1,1908032093,,0.706667,0.615984,0.540936,7.08963
openml.org/t/10101,blood-transfusion,DecisionTree,6m_10F_2c_8GB,3,binary,0.573587,auc,local,0.24.2,,2.0.5,2022-06-02T12:59:49,0.02,0.001,0.0001,1,1908032094,,0.706667,0.573587,0.578947,8.83757
openml.org/t/10101,blood-transfusion,DecisionTree,6m_10F_2c_8GB,4,binary,0.553119,auc,local,0.24.2,,2.0.5,2022-06-02T12:59:49,0.02,0.001,0.0001,1,1908032095,,0.76,0.553119,0.633041,7.92898
openml.org/t/10101,blood-transfusion,DecisionTree,6m_10F_2c_8GB,5,binary,0.595029,auc,local,0.24.2,,2.0.5,2022-06-02T12:59:49,0.02,0.001,0.0001,1,1908032096,,0.68,0.595029,0.523392,7.547
openml.org/t/10101,blood-transfusion,DecisionTree,6m_10F_2c_8GB,6,binary,0.60575,auc,local,0.24.2,,2.0.5,2022-06-02T12:59:49,0.02,0.001,0.0001,1,1908032097,,0.746667,0.60575,0.605263,7.91117
openml.org/t/10101,blood-transfusion,DecisionTree,6m_10F_2c_8GB,7,binary,0.523879,auc,local,0.24.2,,2.0.5,2022-06-02T12:59:49,0.03,0.002,0.0002,1,1908032098,,0.706667,0.523879,0.578947,8.86767
openml.org/t/10101,blood-transfusion,DecisionTree,6m_10F_2c_8GB,8,binary,0.781218,auc,local,0.24.2,,2.0.5,2022-06-02T12:59:49,0.03,0.002,0.0002,1,1908032099,,0.851351,0.781218,0.77967,4.72345
openml.org/t/10101,blood-transfusion,DecisionTree,6m_10F_2c_8GB,9,binary,0.518576,auc,local,0.24.2,,2.0.5,2022-06-02T12:59:49,0.03,0.002,0.0001,1,1908032100,,0.635135,0.518576,0.4742,10.8324
openml.org/t/146821,car,DecisionTree,6m_10F_2c_8GB,0,multiclass,-0.798584,neg_logloss,local,0.24.2,,2.0.5,2022-06-02T12:59:50,0.06,0.002,0.0002,1,1908032091,,0.976879,,0.949399,0.798584
openml.org/t/146821,car,DecisionTree,6m_10F_2c_8GB,1,multiclass,-0.798584,neg_logloss,local,0.24.2,,2.0.5,2022-06-02T12:59:50,0.05,0.002,0.0002,1,1908032092,,0.976879,,0.924439,0.798584
openml.org/t/146821,car,DecisionTree,6m_10F_2c_8GB,2,multiclass,-1.19788,neg_logloss,local,0.24.2,,2.0.5,2022-06-02T12:59:50,0.05,0.002,0.0001,1,1908032093,,0.965318,,0.945267,1.19788
openml.org/t/146821,car,DecisionTree,6m_10F_2c_8GB,3,multiclass,-0.399292,neg_logloss,local,0.24.2,,2.0.5,2022-06-02T12:59:50,0.05,0.002,0.0002,1,1908032094,,0.988439,,0.987179,0.399292
openml.org/t/146821,car,DecisionTree,6m_10F_2c_8GB,4,multiclass,-0.399292,neg_logloss,local,0.24.2,,2.0.5,2022-06-02T12:59:51,0.04,0.001,0.0001,1,1908032095,,0.988439,,0.957707,0.399292
openml.org/t/146821,car,DecisionTree,6m_10F_2c_8GB,5,multiclass,-0.998231,neg_logloss,local,0.24.2,,2.0.5,2022-06-02T12:59:51,0.04,0.001,0.0002,1,1908032096,,0.971098,,0.879699,0.998231
openml.org/t/146821,car,DecisionTree,6m_10F_2c_8GB,6,multiclass,-0.399292,neg_logloss,local,0.24.2,,2.0.5,2022-06-02T12:59:51,0.04,0.001,0.0001,1,1908032097,,0.988439,,0.957707,0.399292
openml.org/t/146821,car,DecisionTree,6m_10F_2c_8GB,7,multiclass,-1.19788,neg_logloss,local,0.24.2,,2.0.5,2022-06-02T12:59:51,0.03,0.001,0.0001,1,1908032098,,0.965318,,0.974065,1.19788
openml.org/t/146821,car,DecisionTree,6m_10F_2c_8GB,8,multiclass,-0.602421,neg_logloss,local,0.24.2,,2.0.5,2022-06-02T12:59:51,0.03,0.001,0.0001,1,1908032099,,0.982558,,0.955641,0.602421
openml.org/t/146821,car,DecisionTree,6m_10F_2c_8GB,9,multiclass,-3.2119e-15,neg_logloss,local,0.24.2,,2.0.5,2022-06-02T12:59:51,0.03,0.001,0.0001,1,1908032100,,1.0,,1.0,3.2119e-15
openml.org/t/168908,christine,DecisionTree,6m_10F_2c_8GB,0,binary,0.625461,auc,local,0.24.2,,2.0.5,2022-06-02T13:00:07,7.3,6.4,0.001,1,1908032091,,0.625461,0.625461,0.625461,12.9361
openml.org/t/168908,christine,DecisionTree,6m_10F_2c_8GB,1,binary,0.647601,auc,local,0.24.2,,2.0.5,2022-06-02T13:00:14,7.3,6.6,0.001,1,1908032092,,0.647601,0.647601,0.647601,12.1714
openml.org/t/168908,christine,DecisionTree,6m_10F_2c_8GB,2,binary,0.590406,auc,local,0.24.2,,2.0.5,2022-06-02T13:00:23,8.4,7.7,0.001,1,1908032093,,0.590406,0.590406,0.590406,14.1469
openml.org/t/168908,christine,DecisionTree,6m_10F_2c_8GB,3,binary,0.619926,auc,local,0.24.2,,2.0.5,2022-06-02T13:00:30,7.5,6.8,0.0009,1,1908032094,,0.619926,0.619926,0.619926,13.1273
openml.org/t/168908,christine,DecisionTree,6m_10F_2c_8GB,4,binary,0.608856,auc,local,0.24.2,,2.0.5,2022-06-02T13:00:38,8.2,7.6,0.0009,1,1908032095,,0.608856,0.608856,0.608856,13.5096
openml.org/t/168908,christine,DecisionTree,6m_10F_2c_8GB,5,binary,0.621771,auc,local,0.24.2,,2.0.5,2022-06-02T13:00:46,7.9,7.3,0.0009,1,1908032096,,0.621771,0.621771,0.621771,13.0636
openml.org/t/168908,christine,DecisionTree,6m_10F_2c_8GB,6,binary,0.653137,auc,local,0.24.2,,2.0.5,2022-06-02T13:00:55,9.2,8.6,0.001,1,1908032097,,0.653137,0.653137,0.653137,11.9802
openml.org/t/168908,christine,DecisionTree,6m_10F_2c_8GB,7,binary,0.640221,auc,local,0.24.2,,2.0.5,2022-06-02T13:01:04,8.3,7.6,0.001,1,1908032098,,0.640221,0.640221,0.640221,12.4263
openml.org/t/168908,christine,DecisionTree,6m_10F_2c_8GB,8,binary,0.630299,auc,local,0.24.2,,2.0.5,2022-06-02T13:01:11,7.4,6.8,0.0009,1,1908032099,,0.630314,0.630299,0.630299,12.7685
openml.org/t/168908,christine,DecisionTree,6m_10F_2c_8GB,9,binary,0.613687,auc,local,0.24.2,,2.0.5,2022-06-02T13:01:20,8.5,8.0,0.001,1,1908032100,,0.613678,0.613687,0.613687,13.3431
openml.org/t/9981,cnae-9,DecisionTree,6m_10F_2c_8GB,0,multiclass,-3.51784,neg_logloss,local,0.24.2,,2.0.5,2022-06-02T13:01:22,0.3,0.02,0.0003,1,1908032091,,0.898148,,0.898148,3.51784
openml.org/t/9981,cnae-9,DecisionTree,6m_10F_2c_8GB,1,multiclass,-6.39607,neg_logloss,local,0.24.2,,2.0.5,2022-06-02T13:01:22,0.2,0.02,0.0003,1,1908032092,,0.814815,,0.814815,6.39607
openml.org/t/9981,cnae-9,DecisionTree,6m_10F_2c_8GB,2,multiclass,-3.51784,neg_logloss,local,0.24.2,,2.0.5,2022-06-02T13:01:22,0.2,0.02,0.0003,1,1908032093,,0.898148,,0.898148,3.51784
openml.org/t/9981,cnae-9,DecisionTree,6m_10F_2c_8GB,3,multiclass,-6.39607,neg_logloss,local,0.24.2,,2.0.5,2022-06-02T13:01:22,0.1,0.02,0.0003,1,1908032094,,0.814815,,0.814815,6.39607
openml.org/t/9981,cnae-9,DecisionTree,6m_10F_2c_8GB,4,multiclass,-3.19803,neg_logloss,local,0.24.2,,2.0.5,2022-06-02T13:01:22,0.1,0.02,0.0003,1,1908032095,,0.907407,,0.907407,3.19803
openml.org/t/9981,cnae-9,DecisionTree,6m_10F_2c_8GB,5,multiclass,-3.83764,neg_logloss,local,0.24.2,,2.0.5,2022-06-02T13:01:23,0.1,0.02,0.0003,1,1908032096,,0.888889,,0.888889,3.83764
openml.org/t/9981,cnae-9,DecisionTree,6m_10F_2c_8GB,6,multiclass,-4.15745,neg_logloss,local,0.24.2,,2.0.5,2022-06-02T13:01:23,0.1,0.02,0.0003,1,1908032097,,0.87963,,0.87963,4.15745
openml.org/t/9981,cnae-9,DecisionTree,6m_10F_2c_8GB,7,multiclass,-5.11686,neg_logloss,local,0.24.2,,2.0.5,2022-06-02T13:01:23,0.1,0.02,0.0003,1,1908032098,,0.851852,,0.851852,5.11686
openml.org/t/9981,cnae-9,DecisionTree,6m_10F_2c_8GB,8,multiclass,-5.11686,neg_logloss,local,0.24.2,,2.0.5,2022-06-02T13:01:23,0.2,0.03,0.0005,1,1908032099,,0.851852,,0.851852,5.11686
openml.org/t/9981,cnae-9,DecisionTree,6m_10F_2c_8GB,9,multiclass,-3.83764,neg_logloss,local,0.24.2,,2.0.5,2022-06-02T13:01:23,0.1,0.02,0.0003,1,1908032100,,0.888889,,0.888889,3.83764
openml.org/t/31,credit-g,DecisionTree,6m_10F_2c_8GB,0,binary,0.716667,auc,local,0.24.2,,2.0.5,2022-06-02T13:01:25,0.07,0.005,0.0002,1,1908032091,,0.71,0.716667,0.716667,10.0162
openml.org/t/31,credit-g,DecisionTree,6m_10F_2c_8GB,1,binary,0.659524,auc,local,0.24.2,,2.0.5,2022-06-02T13:01:25,0.05,0.003,0.0001,1,1908032092,,0.71,0.659524,0.659524,10.0162
openml.org/t/31,credit-g,DecisionTree,6m_10F_2c_8GB,2,binary,0.621429,auc,local,0.24.2,,2.0.5,2022-06-02T13:01:25,0.04,0.003,0.0001,1,1908032093,,0.67,0.621429,0.621429,11.3978
openml.org/t/31,credit-g,DecisionTree,6m_10F_2c_8GB,3,binary,0.678571,auc,local,0.24.2,,2.0.5,2022-06-02T13:01:25,0.05,0.003,0.0002,1,1908032094,,0.71,0.678571,0.678571,10.0162
openml.org/t/31,credit-g,DecisionTree,6m_10F_2c_8GB,4,binary,0.628571,auc,local,0.24.2,,2.0.5,2022-06-02T13:01:25,0.05,0.003,0.0002,1,1908032095,,0.68,0.628571,0.628571,11.0524
openml.org/t/31,credit-g,DecisionTree,6m_10F_2c_8GB,5,binary,0.652381,auc,local,0.24.2,,2.0.5,2022-06-02T13:01:25,0.05,0.003,0.0001,1,1908032096,,0.7,0.652381,0.652381,10.3616
openml.org/t/31,credit-g,DecisionTree,6m_10F_2c_8GB,6,binary,0.697619,auc,local,0.24.2,,2.0.5,2022-06-02T13:01:25,0.05,0.003,0.0002,1,1908032097,,0.71,0.697619,0.697619,10.0162
openml.org/t/31,credit-g,DecisionTree,6m_10F_2c_8GB,7,binary,0.67381,auc,local,0.24.2,,2.0.5,2022-06-02T13:01:25,0.05,0.005,0.0003,1,1908032098,,0.69,0.67381,0.67381,10.707
openml.org/t/31,credit-g,DecisionTree,6m_10F_2c_8GB,8,binary,0.588095,auc,local,0.24.2,,2.0.5,2022-06-02T13:01:25,0.05,0.003,0.0002,1,1908032099,,0.65,0.588095,0.588095,12.0886
openml.org/t/31,credit-g,DecisionTree,6m_10F_2c_8GB,9,binary,0.578571,auc,local,0.24.2,,2.0.5,2022-06-02T13:01:25,0.05,0.003,0.0001,1,1908032100,,0.61,0.578571,0.578571,13.4701
openml.org/t/168909,dilbert,DecisionTree,6m_10F_2c_8GB,0,multiclass,-7.14953,neg_logloss,local,0.24.2,,2.0.5,2022-06-02T13:02:27,25.6,24.1,0.002,1,1908032091,,0.793,,0.79292,7.14953
openml.org/t/168909,dilbert,DecisionTree,6m_10F_2c_8GB,1,multiclass,-6.59691,neg_logloss,local,0.24.2,,2.0.5,2022-06-02T13:02:56,28.7,27.9,0.003,1,1908032092,,0.809,,0.807875,6.59691
openml.org/t/168909,dilbert,DecisionTree,6m_10F_2c_8GB,2,multiclass,-7.2186,neg_logloss,local,0.24.2,,2.0.5,2022-06-02T13:03:22,25.8,24.8,0.002,1,1908032093,,0.791,,0.790399,7.2186
openml.org/t/168909,dilbert,DecisionTree,6m_10F_2c_8GB,3,multiclass,-6.45875,neg_logloss,local,0.24.2,,2.0.5,2022-06-02T13:03:49,27.3,26.4,0.002,1,1908032094,,0.813,,0.812168,6.45875
openml.org/t/168909,dilbert,DecisionTree,6m_10F_2c_8GB,4,multiclass,-5.5262,neg_logloss,local,0.24.2,,2.0.5,2022-06-02T13:04:18,29.1,28.1,0.002,1,1908032095,,0.84,,0.839284,5.5262
openml.org/t/168909,dilbert,DecisionTree,6m_10F_2c_8GB,5,multiclass,-7.04591,neg_logloss,local,0.24.2,,2.0.5,2022-06-02T13:04:44,26.0,24.9,0.002,1,1908032096,,0.796,,0.79522,7.04591
openml.org/t/168909,dilbert,DecisionTree,6m_10F_2c_8GB,6,multiclass,-6.52783,neg_logloss,local,0.24.2,,2.0.5,2022-06-02T13:05:09,25.2,24.3,0.002,1,1908032097,,0.811,,0.810352,6.52783
openml.org/t/168909,dilbert,DecisionTree,6m_10F_2c_8GB,7,multiclass,-7.14953,neg_logloss,local,0.24.2,,2.0.5,2022-06-02T13:05:35,26.4,25.3,0.002,1,1908032098,,0.793,,0.792602,7.14953
openml.org/t/168909,dilbert,DecisionTree,6m_10F_2c_8GB,8,multiclass,-5.73344,neg_logloss,local,0.24.2,,2.0.5,2022-06-02T13:06:02,26.9,26.0,0.002,1,1908032099,,0.834,,0.833833,5.73344
openml.org/t/168909,dilbert,DecisionTree,6m_10F_2c_8GB,9,multiclass,-6.28606,neg_logloss,local,0.24.2,,2.0.5,2022-06-02T13:06:29,26.8,25.9,0.002,1,1908032100,,0.818,,0.817296,6.28606
openml.org/t/168910,fabert,DecisionTree,6m_10F_2c_8GB,0,multiclass,-11.3173,neg_logloss,local,0.24.2,,2.0.5,2022-06-02T13:06:34,2.3,1.9,0.001,1,1908032091,,0.67233,,0.652642,11.3173
openml.org/t/168910,fabert,DecisionTree,6m_10F_2c_8GB,1,multiclass,-11.485,neg_logloss,local,0.24.2,,2.0.5,2022-06-02T13:06:36,2.4,2.1,0.001,1,1908032092,,0.667476,,0.649346,11.485
openml.org/t/168910,fabert,DecisionTree,6m_10F_2c_8GB,2,multiclass,-11.5269,neg_logloss,local,0.24.2,,2.0.5,2022-06-02T13:06:39,2.4,2.1,0.001,1,1908032093,,0.666262,,0.655619,11.5269
openml.org/t/168910,fabert,DecisionTree,6m_10F_2c_8GB,3,multiclass,-12.5748,neg_logloss,local,0.24.2,,2.0.5,2022-06-02T13:06:41,2.7,2.4,0.001,1,1908032094,,0.635922,,0.63411,12.5748
openml.org/t/168910,fabert,DecisionTree,6m_10F_2c_8GB,4,multiclass,-12.0718,neg_logloss,local,0.24.2,,2.0.5,2022-06-02T13:06:44,2.5,2.1,0.001,1,1908032095,,0.650485,,0.629698,12.0718
openml.org/t/168910,fabert,DecisionTree,6m_10F_2c_8GB,5,multiclass,-10.3952,neg_logloss,local,0.24.2,,2.0.5,2022-06-02T13:06:46,2.7,2.4,0.001,1,1908032096,,0.699029,,0.677543,10.3952
openml.org/t/168910,fabert,DecisionTree,6m_10F_2c_8GB,6,multiclass,-11.5688,neg_logloss,local,0.24.2,,2.0.5,2022-06-02T13:06:49,3.0,2.7,0.002,1,1908032097,,0.665049,,0.652587,11.5688
openml.org/t/168910,fabert,DecisionTree,6m_10F_2c_8GB,7,multiclass,-11.8766,neg_logloss,local,0.24.2,,2.0.5,2022-06-02T13:06:52,2.9,2.4,0.001,1,1908032098,,0.656136,,0.639804,11.8766
openml.org/t/168910,fabert,DecisionTree,6m_10F_2c_8GB,8,multiclass,-12.716,neg_logloss,local,0.24.2,,2.0.5,2022-06-02T13:06:55,2.5,2.2,0.001,1,1908032099,,0.631835,,0.611968,12.716
openml.org/t/168910,fabert,DecisionTree,6m_10F_2c_8GB,9,multiclass,-11.5829,neg_logloss,local,0.24.2,,2.0.5,2022-06-02T13:06:57,2.4,2.0,0.001,1,1908032100,,0.664642,,0.646345,11.5829
openml.org/t/168911,jasmine,DecisionTree,6m_10F_2c_8GB,0,binary,0.785973,auc,local,0.24.2,,2.0.5,2022-06-02T13:07:00,0.5,0.04,0.0003,1,1908032091,,0.785953,0.785973,0.785973,7.39292
openml.org/t/168911,jasmine,DecisionTree,6m_10F_2c_8GB,1,binary,0.759306,auc,local,0.24.2,,2.0.5,2022-06-02T13:07:00,0.3,0.04,0.0003,1,1908032092,,0.759197,0.759306,0.759306,8.31703
openml.org/t/168911,jasmine,DecisionTree,6m_10F_2c_8GB,2,binary,0.742416,auc,local,0.24.2,,2.0.5,2022-06-02T13:07:00,0.3,0.03,0.0003,1,1908032093,,0.742475,0.742416,0.742416,8.8946
openml.org/t/168911,jasmine,DecisionTree,6m_10F_2c_8GB,3,binary,0.759172,auc,local,0.24.2,,2.0.5,2022-06-02T13:07:00,0.3,0.03,0.0003,1,1908032094,,0.759197,0.759172,0.759172,8.31703
openml.org/t/168911,jasmine,DecisionTree,6m_10F_2c_8GB,4,binary,0.704698,auc,local,0.24.2,,2.0.5,2022-06-02T13:07:01,0.3,0.03,0.0002,1,1908032095,,0.704698,0.704698,0.704698,10.1994
openml.org/t/168911,jasmine,DecisionTree,6m_10F_2c_8GB,5,binary,0.718121,auc,local,0.24.2,,2.0.5,2022-06-02T13:07:01,0.3,0.03,0.0003,1,1908032096,,0.718121,0.718121,0.718121,9.73576
openml.org/t/168911,jasmine,DecisionTree,6m_10F_2c_8GB,6,binary,0.728188,auc,local,0.24.2,,2.0.5,2022-06-02T13:07:01,0.3,0.03,0.0003,1,1908032097,,0.728188,0.728188,0.728188,9.38806
openml.org/t/168911,jasmine,DecisionTree,6m_10F_2c_8GB,7,binary,0.731544,auc,local,0.24.2,,2.0.5,2022-06-02T13:07:01,0.3,0.03,0.0003,1,1908032098,,0.731544,0.731544,0.731544,9.27215
openml.org/t/168911,jasmine,DecisionTree,6m_10F_2c_8GB,8,binary,0.744966,auc,local,0.24.2,,2.0.5,2022-06-02T13:07:02,0.3,0.03,0.0003,1,1908032099,,0.744966,0.744966,0.744966,8.80855
openml.org/t/168911,jasmine,DecisionTree,6m_10F_2c_8GB,9,binary,0.748322,auc,local,0.24.2,,2.0.5,2022-06-02T13:07:02,0.5,0.03,0.0003,1,1908032100,,0.748322,0.748322,0.748322,8.69265
openml.org/t/3917,kc1,DecisionTree,6m_10F_2c_8GB,0,binary,0.667074,auc,local,0.24.2,,2.0.5,2022-06-02T13:07:06,0.04,0.01,0.0002,1,1908032091,,0.838863,0.667074,0.686889,5.43545
openml.org/t/3917,kc1,DecisionTree,6m_10F_2c_8GB,1,binary,0.619937,auc,local,0.24.2,,2.0.5,2022-06-02T13:07:06,0.03,0.01,0.0002,1,1908032092,,0.834123,0.619937,0.632769,5.41967
openml.org/t/3917,kc1,DecisionTree,6m_10F_2c_8GB,2,binary,0.607018,auc,local,0.24.2,,2.0.5,2022-06-02T13:07:06,0.03,0.01,0.0002,1,1908032093,,0.819905,0.607018,0.637221,6.07746
openml.org/t/3917,kc1,DecisionTree,6m_10F_2c_8GB,3,binary,0.590909,auc,local,0.24.2,,2.0.5,2022-06-02T13:07:06,0.03,0.01,0.0002,1,1908032094,,0.819905,0.590909,0.597038,5.77559
openml.org/t/3917,kc1,DecisionTree,6m_10F_2c_8GB,4,binary,0.58095,auc,local,0.24.2,,2.0.5,2022-06-02T13:07:06,0.03,0.01,0.0002,1,1908032095,,0.772512,0.58095,0.605975,7.86546
openml.org/t/3917,kc1,DecisionTree,6m_10F_2c_8GB,5,binary,0.608359,auc,local,0.24.2,,2.0.5,2022-06-02T13:07:06,0.03,0.01,0.0002,1,1908032096,,0.810427,0.608359,0.64079,6.40774
openml.org/t/3917,kc1,DecisionTree,6m_10F_2c_8GB,6,binary,0.634321,auc,local,0.24.2,,2.0.5,2022-06-02T13:07:06,0.03,0.009,0.0002,1,1908032097,,0.829384,0.634321,0.652026,5.59617
openml.org/t/3917,kc1,DecisionTree,6m_10F_2c_8GB,7,binary,0.580184,auc,local,0.24.2,,2.0.5,2022-06-02T13:07:06,0.03,0.01,0.0002,1,1908032098,,0.810427,0.580184,0.628447,6.56406
openml.org/t/3917,kc1,DecisionTree,6m_10F_2c_8GB,8,binary,0.59874,auc,local,0.24.2,,2.0.5,2022-06-02T13:07:06,0.03,0.01,0.0002,1,1908032099,,0.838863,0.59874,0.632959,5.42391
openml.org/t/3917,kc1,DecisionTree,6m_10F_2c_8GB,9,binary,0.549684,auc,local,0.24.2,,2.0.5,2022-06-02T13:07:06,0.03,0.009,0.0002,1,1908032100,,0.833333,0.549684,0.581285,5.76578
openml.org/t/3,kr-vs-kp,DecisionTree,6m_10F_2c_8GB,0,binary,0.993738,auc,local,0.24.2,,2.0.5,2022-06-02T13:07:10,0.1,0.003,0.0002,1,1908032091,,0.99375,0.993738,0.993738,0.215867
openml.org/t/3,kr-vs-kp,DecisionTree,6m_10F_2c_8GB,1,binary,0.994012,auc,local,0.24.2,,2.0.5,2022-06-02T13:07:10,0.09,0.003,0.0002,1,1908032092,,0.99375,0.994012,0.994012,0.215867
openml.org/t/3,kr-vs-kp,DecisionTree,6m_10F_2c_8GB,2,binary,0.996732,auc,local,0.24.2,,2.0.5,2022-06-02T13:07:10,0.09,0.003,0.0002,1,1908032093,,0.996875,0.996732,0.996732,0.107934
openml.org/t/3,kr-vs-kp,DecisionTree,6m_10F_2c_8GB,3,binary,1.0,auc,local,0.24.2,,2.0.5,2022-06-02T13:07:10,0.1,0.003,0.0002,1,1908032094,,1.0,1.0,1.0,9.99201e-16
openml.org/t/3,kr-vs-kp,DecisionTree,6m_10F_2c_8GB,4,binary,1.0,auc,local,0.24.2,,2.0.5,2022-06-02T13:07:10,0.08,0.003,0.0002,1,1908032095,,1.0,1.0,1.0,9.99201e-16
openml.org/t/3,kr-vs-kp,DecisionTree,6m_10F_2c_8GB,5,binary,1.0,auc,local,0.24.2,,2.0.5,2022-06-02T13:07:11,0.08,0.003,0.0002,1,1908032096,,1.0,1.0,1.0,9.99201e-16
openml.org/t/3,kr-vs-kp,DecisionTree,6m_10F_2c_8GB,6,binary,0.996732,auc,local,0.24.2,,2.0.5,2022-06-02T13:07:11,0.08,0.003,0.0002,1,1908032097,,0.996865,0.996732,0.996732,0.108272
openml.org/t/3,kr-vs-kp,DecisionTree,6m_10F_2c_8GB,7,binary,0.990132,auc,local,0.24.2,,2.0.5,2022-06-02T13:07:11,0.08,0.003,0.0002,1,1908032098,,0.990596,0.990132,0.990132,0.324816
openml.org/t/3,kr-vs-kp,DecisionTree,6m_10F_2c_8GB,8,binary,0.997006,auc,local,0.24.2,,2.0.5,2022-06-02T13:07:11,0.08,0.003,0.0002,1,1908032099,,0.996865,0.997006,0.997006,0.108272
openml.org/t/3,kr-vs-kp,DecisionTree,6m_10F_2c_8GB,9,binary,0.997006,auc,local,0.24.2,,2.0.5,2022-06-02T13:07:11,0.09,0.003,0.0002,1,1908032100,,0.996865,0.997006,0.997006,0.108272
openml.org/t/12,mfeat-factors,DecisionTree,6m_10F_2c_8GB,0,multiclass,-4.83543,neg_logloss,local,0.24.2,,2.0.5,2022-06-02T13:07:13,0.3,0.2,0.0003,1,1908032091,,0.86,,0.86,4.83543
openml.org/t/12,mfeat-factors,DecisionTree,6m_10F_2c_8GB,1,multiclass,-4.83543,neg_logloss,local,0.24.2,,2.0.5,2022-06-02T13:07:13,0.2,0.1,0.0004,1,1908032092,,0.86,,0.86,4.83543
openml.org/t/12,mfeat-factors,DecisionTree,6m_10F_2c_8GB,2,multiclass,-4.31735,neg_logloss,local,0.24.2,,2.0.5,2022-06-02T13:07:13,0.2,0.1,0.0002,1,1908032093,,0.875,,0.875,4.31735
openml.org/t/12,mfeat-factors,DecisionTree,6m_10F_2c_8GB,3,multiclass,-2.9358,neg_logloss,local,0.24.2,,2.0.5,2022-06-02T13:07:13,0.2,0.1,0.0003,1,1908032094,,0.915,,0.915,2.9358
openml.org/t/12,mfeat-factors,DecisionTree,6m_10F_2c_8GB,4,multiclass,-4.83543,neg_logloss,local,0.24.2,,2.0.5,2022-06-02T13:07:14,0.2,0.1,0.0003,1,1908032095,,0.86,,0.86,4.83543
openml.org/t/12,mfeat-factors,DecisionTree,6m_10F_2c_8GB,5,multiclass,-2.7631,neg_logloss,local,0.24.2,,2.0.5,2022-06-02T13:07:14,0.2,0.2,0.0003,1,1908032096,,0.92,,0.92,2.7631
openml.org/t/12,mfeat-factors,DecisionTree,6m_10F_2c_8GB,6,multiclass,-4.31735,neg_logloss,local,0.24.2,,2.0.5,2022-06-02T13:07:14,0.2,0.2,0.0003,1,1908032097,,0.875,,0.875,4.31735
openml.org/t/12,mfeat-factors,DecisionTree,6m_10F_2c_8GB,7,multiclass,-2.41771,neg_logloss,local,0.24.2,,2.0.5,2022-06-02T13:07:14,0.2,0.2,0.0003,1,1908032098,,0.93,,0.93,2.41771
openml.org/t/12,mfeat-factors,DecisionTree,6m_10F_2c_8GB,8,multiclass,-4.83543,neg_logloss,local,0.24.2,,2.0.5,2022-06-02T13:07:15,0.4,0.1,0.0002,1,1908032099,,0.86,,0.86,4.83543
openml.org/t/12,mfeat-factors,DecisionTree,6m_10F_2c_8GB,9,multiclass,-3.62657,neg_logloss,local,0.24.2,,2.0.5,2022-06-02T13:07:15,0.3,0.1,0.0003,1,1908032100,,0.895,,0.895,3.62657
openml.org/t/9952,phoneme,DecisionTree,6m_10F_2c_8GB,0,binary,0.81924,auc,local,0.24.2,,2.0.5,2022-06-02T13:07:17,0.05,0.02,0.0003,1,1908032091,,0.848429,0.81924,0.81924,5.23508
openml.org/t/9952,phoneme,DecisionTree,6m_10F_2c_8GB,1,binary,0.841253,auc,local,0.24.2,,2.0.5,2022-06-02T13:07:17,0.04,0.02,0.0002,1,1908032092,,0.861368,0.841253,0.841253,4.78819
openml.org/t/9952,phoneme,DecisionTree,6m_10F_2c_8GB,2,binary,0.833111,auc,local,0.24.2,,2.0.5,2022-06-02T13:07:17,0.04,0.02,0.0002,1,1908032093,,0.87061,0.833111,0.833111,4.46897
openml.org/t/9952,phoneme,DecisionTree,6m_10F_2c_8GB,3,binary,0.838635,auc,local,0.24.2,,2.0.5,2022-06-02T13:07:17,0.04,0.02,0.0002,1,1908032094,,0.857671,0.838635,0.838635,4.91587
openml.org/t/9952,phoneme,DecisionTree,6m_10F_2c_8GB,4,binary,0.822155,auc,local,0.24.2,,2.0.5,2022-06-02T13:07:17,0.04,0.02,0.0002,1,1908032095,,0.848148,0.822155,0.822155,5.24478
openml.org/t/9952,phoneme,DecisionTree,6m_10F_2c_8GB,5,binary,0.856087,auc,local,0.24.2,,2.0.5,2022-06-02T13:07:17,0.04,0.02,0.0002,1,1908032096,,0.877778,0.856087,0.856087,4.22141
openml.org/t/9952,phoneme,DecisionTree,6m_10F_2c_8GB,6,binary,0.87529,auc,local,0.24.2,,2.0.5,2022-06-02T13:07:17,0.04,0.02,0.0002,1,1908032097,,0.894444,0.87529,0.87529,3.64576
openml.org/t/9952,phoneme,DecisionTree,6m_10F_2c_8GB,7,binary,0.868414,auc,local,0.24.2,,2.0.5,2022-06-02T13:07:17,0.04,0.02,0.0002,1,1908032098,,0.892593,0.868414,0.868414,3.70972
openml.org/t/9952,phoneme,DecisionTree,6m_10F_2c_8GB,8,binary,0.842965,auc,local,0.24.2,,2.0.5,2022-06-02T13:07:17,0.05,0.02,0.0003,1,1908032099,,0.874074,0.842965,0.842965,4.34933
openml.org/t/9952,phoneme,DecisionTree,6m_10F_2c_8GB,9,binary,0.86317,auc,local,0.24.2,,2.0.5,2022-06-02T13:07:17,0.04,0.02,0.0002,1,1908032100,,0.9,0.86317,0.86317,3.45388
openml.org/t/146822,segment,DecisionTree,6m_10F_2c_8GB,0,multiclass,-1.49643,neg_logloss,local,0.24.2,,2.0.5,2022-06-02T13:07:19,0.06,0.02,0.0003,1,1908032091,,0.95671,,0.95671,1.49643
openml.org/t/146822,segment,DecisionTree,6m_10F_2c_8GB,1,multiclass,-2.09326,neg_logloss,local,0.24.2,,2.0.5,2022-06-02T13:07:19,0.04,0.01,0.0003,1,1908032092,,0.939394,,0.939394,2.09326
openml.org/t/146822,segment,DecisionTree,6m_10F_2c_8GB,2,multiclass,-0.299037,neg_logloss,local,0.24.2,,2.0.5,2022-06-02T13:07:19,0.04,0.01,0.0002,1,1908032093,,0.991342,,0.991342,0.299037
openml.org/t/146822,segment,DecisionTree,6m_10F_2c_8GB,3,multiclass,-1.4987,neg_logloss,local,0.24.2,,2.0.5,2022-06-02T13:07:19,0.04,0.01,0.0002,1,1908032094,,0.95671,,0.95671,1.4987
openml.org/t/146822,segment,DecisionTree,6m_10F_2c_8GB,4,multiclass,-0.599319,neg_logloss,local,0.24.2,,2.0.5,2022-06-02T13:07:19,0.04,0.01,0.0002,1,1908032095,,0.982684,,0.982684,0.599319
openml.org/t/146822,segment,DecisionTree,6m_10F_2c_8GB,5,multiclass,-0.897111,neg_logloss,local,0.24.2,,2.0.5,2022-06-02T13:07:19,0.04,0.01,0.0002,1,1908032096,,0.974026,,0.974026,0.897111
openml.org/t/146822,segment,DecisionTree,6m_10F_2c_8GB,6,multiclass,-1.19615,neg_logloss,local,0.24.2,,2.0.5,2022-06-02T13:07:19,0.04,0.01,0.0003,1,1908032097,,0.965368,,0.965368,1.19615
openml.org/t/146822,segment,DecisionTree,6m_10F_2c_8GB,7,multiclass,-1.49519,neg_logloss,local,0.24.2,,2.0.5,2022-06-02T13:07:19,0.04,0.01,0.0002,1,1908032098,,0.95671,,0.95671,1.49519
openml.org/t/146822,segment,DecisionTree,6m_10F_2c_8GB,8,multiclass,-1.19615,neg_logloss,local,0.24.2,,2.0.5,2022-06-02T13:07:19,0.04,0.01,0.0002,1,1908032099,,0.965368,,0.965368,1.19615
openml.org/t/146822,segment,DecisionTree,6m_10F_2c_8GB,9,multiclass,-1.34567,neg_logloss,local,0.24.2,,2.0.5,2022-06-02T13:07:19,0.04,0.01,0.0002,1,1908032100,,0.961039,,0.961039,1.34567
openml.org/t/168912,sylvine,DecisionTree,6m_10F_2c_8GB,0,binary,0.894706,auc,local,0.24.2,,2.0.5,2022-06-02T13:07:21,0.08,0.05,0.0002,1,1908032091,,0.894737,0.894706,0.894706,3.63566
openml.org/t/168912,sylvine,DecisionTree,6m_10F_2c_8GB,1,binary,0.925895,auc,local,0.24.2,,2.0.5,2022-06-02T13:07:21,0.07,0.04,0.0002,1,1908032092,,0.925926,0.925895,0.925895,2.55843
openml.org/t/168912,sylvine,DecisionTree,6m_10F_2c_8GB,2,binary,0.923957,auc,local,0.24.2,,2.0.5,2022-06-02T13:07:21,0.07,0.05,0.0002,1,1908032093,,0.923977,0.923957,0.923957,2.62575
openml.org/t/168912,sylvine,DecisionTree,6m_10F_2c_8GB,3,binary,0.925979,auc,local,0.24.2,,2.0.5,2022-06-02T13:07:21,0.07,0.04,0.0002,1,1908032094,,0.925926,0.925979,0.925979,2.55843
openml.org/t/168912,sylvine,DecisionTree,6m_10F_2c_8GB,4,binary,0.921875,auc,local,0.24.2,,2.0.5,2022-06-02T13:07:21,0.07,0.05,0.0002,1,1908032095,,0.921875,0.921875,0.921875,2.69834
openml.org/t/168912,sylvine,DecisionTree,6m_10F_2c_8GB,5,binary,0.90625,auc,local,0.24.2,,2.0.5,2022-06-02T13:07:21,0.07,0.04,0.0002,1,1908032096,,0.90625,0.90625,0.90625,3.23801
openml.org/t/168912,sylvine,DecisionTree,6m_10F_2c_8GB,6,binary,0.917969,auc,local,0.24.2,,2.0.5,2022-06-02T13:07:21,0.07,0.04,0.0002,1,1908032097,,0.917969,0.917969,0.917969,2.83326
openml.org/t/168912,sylvine,DecisionTree,6m_10F_2c_8GB,7,binary,0.904297,auc,local,0.24.2,,2.0.5,2022-06-02T13:07:21,0.07,0.04,0.0002,1,1908032098,,0.904297,0.904297,0.904297,3.30547
openml.org/t/168912,sylvine,DecisionTree,6m_10F_2c_8GB,8,binary,0.896484,auc,local,0.24.2,,2.0.5,2022-06-02T13:07:21,0.07,0.05,0.0002,1,1908032099,,0.896484,0.896484,0.896484,3.5753
openml.org/t/168912,sylvine,DecisionTree,6m_10F_2c_8GB,9,binary,0.917969,auc,local,0.24.2,,2.0.5,2022-06-02T13:07:21,0.07,0.04,0.0002,1,1908032100,,0.917969,0.917969,0.917969,2.83326
openml.org/t/53,vehicle,DecisionTree,6m_10F_2c_8GB,0,multiclass,-9.34579,neg_logloss,local,0.24.2,,2.0.5,2022-06-02T13:07:23,0.04,0.006,0.0003,1,1908032091,,0.729412,,0.730411,9.34579
openml.org/t/53,vehicle,DecisionTree,6m_10F_2c_8GB,1,multiclass,-10.1585,neg_logloss,local,0.24.2,,2.0.5,2022-06-02T13:07:23,0.03,0.004,0.0002,1,1908032092,,0.705882,,0.709848,10.1585
openml.org/t/53,vehicle,DecisionTree,6m_10F_2c_8GB,2,multiclass,-9.75213,neg_logloss,local,0.24.2,,2.0.5,2022-06-02T13:07:23,0.03,0.004,0.0002,1,1908032093,,0.717647,,0.719643,9.75213
openml.org/t/53,vehicle,DecisionTree,6m_10F_2c_8GB,3,multiclass,-10.1585,neg_logloss,local,0.24.2,,2.0.5,2022-06-02T13:07:23,0.03,0.005,0.0002,1,1908032094,,0.705882,,0.70882,10.1585
openml.org/t/53,vehicle,DecisionTree,6m_10F_2c_8GB,4,multiclass,-9.75213,neg_logloss,local,0.24.2,,2.0.5,2022-06-02T13:07:23,0.02,0.004,0.0002,1,1908032095,,0.717647,,0.718452,9.75213
openml.org/t/53,vehicle,DecisionTree,6m_10F_2c_8GB,5,multiclass,-9.34579,neg_logloss,local,0.24.2,,2.0.5,2022-06-02T13:07:23,0.03,0.004,0.0002,1,1908032096,,0.729412,,0.731494,9.34579
openml.org/t/53,vehicle,DecisionTree,6m_10F_2c_8GB,6,multiclass,-11.1017,neg_logloss,local,0.24.2,,2.0.5,2022-06-02T13:07:23,0.02,0.004,0.0002,1,1908032097,,0.678571,,0.686717,11.1017
openml.org/t/53,vehicle,DecisionTree,6m_10F_2c_8GB,7,multiclass,-9.04587,neg_logloss,local,0.24.2,,2.0.5,2022-06-02T13:07:23,0.03,0.005,0.0002,1,1908032098,,0.738095,,0.737825,9.04587
openml.org/t/53,vehicle,DecisionTree,6m_10F_2c_8GB,8,multiclass,-9.04587,neg_logloss,local,0.24.2,,2.0.5,2022-06-02T13:07:23,0.03,0.005,0.0002,1,1908032099,,0.738095,,0.738095,9.04587
openml.org/t/53,vehicle,DecisionTree,6m_10F_2c_8GB,9,multiclass,-10.2794,neg_logloss,local,0.24.2,,2.0.5,2022-06-02T13:07:23,0.03,0.004,0.0002,1,1908032100,,0.702381,,0.702273,10.2794
