id,task,framework,constraint,fold,type,result,metric,mode,version,params,app_version,utc,duration,training_duration,predict_duration,models_count,seed,info,acc,auc,balacc,logloss
openml.org/t/146818,Australian,lightautoml,6m_10F_2c_8GB,0,binary,0.949066,auc,local,0.3.4,,2.0.5,2022-06-03T07:39:01,354.4,342.2,0.3,1,1425107285,,0.869565,0.949066,0.872666,0.312682
openml.org/t/146818,Australian,lightautoml,6m_10F_2c_8GB,1,binary,0.931239,auc,local,0.3.4,,2.0.5,2022-06-03T07:44:34,333.5,325.5,0.06,1,1425107286,,0.84058,0.931239,0.831494,0.34229
openml.org/t/146818,Australian,lightautoml,6m_10F_2c_8GB,2,binary,0.936333,auc,local,0.3.4,,2.0.5,2022-06-03T07:50:11,337.0,328.9,0.3,1,1425107287,,0.884058,0.936333,0.885823,0.361667
openml.org/t/146818,Australian,lightautoml,6m_10F_2c_8GB,3,binary,0.94652,auc,local,0.3.4,,2.0.5,2022-06-03T07:55:58,346.8,338.4,0.5,1,1425107288,,0.855072,0.94652,0.856537,0.398566
openml.org/t/146818,Australian,lightautoml,6m_10F_2c_8GB,4,binary,0.955008,auc,local,0.3.4,,2.0.5,2022-06-03T08:01:31,333.2,325.2,0.3,1,1425107289,,0.898551,0.955008,0.898981,0.307998
openml.org/t/146818,Australian,lightautoml,6m_10F_2c_8GB,5,binary,0.977929,auc,local,0.3.4,,2.0.5,2022-06-03T08:07:08,336.7,328.5,0.4,1,1425107290,,0.913043,0.977929,0.91511,0.306438
openml.org/t/146818,Australian,lightautoml,6m_10F_2c_8GB,6,binary,0.910866,auc,local,0.3.4,,2.0.5,2022-06-03T08:12:58,350.1,341.2,0.7,1,1425107291,,0.826087,0.910866,0.824278,0.387256
openml.org/t/146818,Australian,lightautoml,6m_10F_2c_8GB,7,binary,0.938462,auc,local,0.3.4,,2.0.5,2022-06-03T08:18:34,335.7,327.5,0.3,1,1425107292,,0.898551,0.938462,0.894872,0.325342
openml.org/t/146818,Australian,lightautoml,6m_10F_2c_8GB,8,binary,0.97265,auc,local,0.3.4,,2.0.5,2022-06-03T08:24:09,335.5,327.5,0.3,1,1425107293,,0.869565,0.97265,0.857692,0.334406
openml.org/t/146818,Australian,lightautoml,6m_10F_2c_8GB,9,binary,0.92735,auc,local,0.3.4,,2.0.5,2022-06-03T08:29:46,336.7,328.4,0.3,1,1425107294,,0.855072,0.92735,0.85641,0.363396
openml.org/t/10101,blood-transfusion,lightautoml,6m_10F_2c_8GB,0,binary,0.76462,auc,local,0.3.4,,2.0.5,2022-06-03T08:35:32,344.0,335.8,0.2,1,1425107285,,0.76,0.76462,0.5,0.506343
openml.org/t/10101,blood-transfusion,lightautoml,6m_10F_2c_8GB,1,binary,0.864035,auc,local,0.3.4,,2.0.5,2022-06-03T08:41:23,351.0,343.1,0.1,1,1425107286,,0.76,0.864035,0.5,0.489106
openml.org/t/10101,blood-transfusion,lightautoml,6m_10F_2c_8GB,2,binary,0.652047,auc,local,0.3.4,,2.0.5,2022-06-03T08:47:07,344.0,336.2,0.2,1,1425107287,,0.76,0.652047,0.5,0.528316
openml.org/t/10101,blood-transfusion,lightautoml,6m_10F_2c_8GB,3,binary,0.686647,auc,local,0.3.4,,2.0.5,2022-06-03T08:52:52,345.5,334.6,0.3,1,1425107288,,0.733333,0.686647,0.482456,0.522294
openml.org/t/10101,blood-transfusion,lightautoml,6m_10F_2c_8GB,4,binary,0.797271,auc,local,0.3.4,,2.0.5,2022-06-03T08:58:39,347.1,337.2,0.2,1,1425107289,,0.76,0.797271,0.5,0.49
openml.org/t/10101,blood-transfusion,lightautoml,6m_10F_2c_8GB,5,binary,0.717836,auc,local,0.3.4,,2.0.5,2022-06-03T09:04:32,352.6,344.0,0.1,1,1425107290,,0.773333,0.717836,0.527778,0.504999
openml.org/t/10101,blood-transfusion,lightautoml,6m_10F_2c_8GB,6,binary,0.760721,auc,local,0.3.4,,2.0.5,2022-06-03T09:10:18,346.0,337.7,0.4,1,1425107291,,0.76,0.760721,0.5,0.493349
openml.org/t/10101,blood-transfusion,lightautoml,6m_10F_2c_8GB,7,binary,0.746101,auc,local,0.3.4,,2.0.5,2022-06-03T09:16:15,357.3,349.2,0.2,1,1425107292,,0.773333,0.746101,0.546784,0.498215
openml.org/t/10101,blood-transfusion,lightautoml,6m_10F_2c_8GB,8,binary,0.757998,auc,local,0.3.4,,2.0.5,2022-06-03T09:22:09,354.2,346.0,0.3,1,1425107293,,0.77027,0.757998,0.5,0.513336
openml.org/t/10101,blood-transfusion,lightautoml,6m_10F_2c_8GB,9,binary,0.736326,auc,local,0.3.4,,2.0.5,2022-06-03T09:28:11,361.7,353.1,0.1,1,1425107294,,0.756757,0.736326,0.491228,0.477932
openml.org/t/146821,car,lightautoml,6m_10F_2c_8GB,0,multiclass,-0.0268303,neg_logloss,local,0.3.4,,2.0.5,2022-06-03T09:33:05,292.6,283.9,0.7,1,1425107285,,1.0,,1.0,0.0268303
openml.org/t/146821,car,lightautoml,6m_10F_2c_8GB,1,multiclass,-0.00929789,neg_logloss,local,0.3.4,,2.0.5,2022-06-03T09:37:10,244.8,236.0,0.7,1,1425107286,,0.99422,,0.964286,0.00929789
openml.org/t/146821,car,lightautoml,6m_10F_2c_8GB,2,multiclass,-0.00837476,neg_logloss,local,0.3.4,,2.0.5,2022-06-03T09:41:47,276.9,268.4,0.6,1,1425107287,,1.0,,1.0,0.00837476
openml.org/t/146821,car,lightautoml,6m_10F_2c_8GB,3,multiclass,-0.0436599,neg_logloss,local,0.3.4,,2.0.5,2022-06-03T09:45:14,206.8,198.4,0.6,1,1425107288,,0.971098,,0.945725,0.0436599
openml.org/t/146821,car,lightautoml,6m_10F_2c_8GB,4,multiclass,-0.0303459,neg_logloss,local,0.3.4,,2.0.5,2022-06-03T09:49:38,264.0,255.6,0.7,1,1425107289,,0.99422,,0.997934,0.0303459
openml.org/t/146821,car,lightautoml,6m_10F_2c_8GB,5,multiclass,-0.0121758,neg_logloss,local,0.3.4,,2.0.5,2022-06-03T09:54:05,267.3,258.8,0.8,1,1425107290,,1.0,,1.0,0.0121758
openml.org/t/146821,car,lightautoml,6m_10F_2c_8GB,6,multiclass,-0.0461532,neg_logloss,local,0.3.4,,2.0.5,2022-06-03T09:58:14,248.8,240.3,0.6,1,1425107291,,0.982659,,0.980263,0.0461532
openml.org/t/146821,car,lightautoml,6m_10F_2c_8GB,7,multiclass,-0.0308329,neg_logloss,local,0.3.4,,2.0.5,2022-06-03T10:02:42,267.9,259.3,0.7,1,1425107292,,0.982659,,0.989289,0.0308329
openml.org/t/146821,car,lightautoml,6m_10F_2c_8GB,8,multiclass,-0.0160268,neg_logloss,local,0.3.4,,2.0.5,2022-06-03T10:06:58,256.0,247.4,0.8,1,1425107293,,0.994186,,0.964286,0.0160268
openml.org/t/146821,car,lightautoml,6m_10F_2c_8GB,9,multiclass,-0.0169199,neg_logloss,local,0.3.4,,2.0.5,2022-06-03T10:11:07,248.9,240.3,0.9,1,1425107294,,0.994186,,0.997934,0.0169199
openml.org/t/168908,christine,lightautoml,6m_10F_2c_8GB,0,binary,0.845291,auc,local,0.3.4,,2.0.5,2022-06-03T10:15:56,279.7,264.0,6.2,1,1425107285,,0.763838,0.845291,0.763838,0.491693
openml.org/t/168908,christine,lightautoml,6m_10F_2c_8GB,1,binary,0.834602,auc,local,0.3.4,,2.0.5,2022-06-03T10:20:42,286.4,272.2,5.0,1,1425107286,,0.758303,0.834602,0.758303,0.503669
openml.org/t/168908,christine,lightautoml,6m_10F_2c_8GB,2,binary,0.824403,auc,local,0.3.4,,2.0.5,2022-06-03T10:26:14,331.5,316.4,5.3,1,1425107287,,0.741697,0.824403,0.741697,0.518552
openml.org/t/168908,christine,lightautoml,6m_10F_2c_8GB,3,binary,0.826718,auc,local,0.3.4,,2.0.5,2022-06-03T10:31:04,290.6,279.9,1.5,1,1425107288,,0.750923,0.826718,0.750923,0.51364
openml.org/t/168908,christine,lightautoml,6m_10F_2c_8GB,4,binary,0.820577,auc,local,0.3.4,,2.0.5,2022-06-03T10:36:10,305.2,290.5,5.5,1,1425107289,,0.741697,0.820577,0.741697,0.52251
openml.org/t/168908,christine,lightautoml,6m_10F_2c_8GB,5,binary,0.824512,auc,local,0.3.4,,2.0.5,2022-06-03T10:41:38,328.4,314.9,4.3,1,1425107290,,0.763838,0.824512,0.763838,0.518132
openml.org/t/168908,christine,lightautoml,6m_10F_2c_8GB,6,binary,0.837652,auc,local,0.3.4,,2.0.5,2022-06-03T10:46:14,276.0,261.4,4.8,1,1425107291,,0.784133,0.837652,0.784133,0.504051
openml.org/t/168908,christine,lightautoml,6m_10F_2c_8GB,7,binary,0.832478,auc,local,0.3.4,,2.0.5,2022-06-03T10:51:21,306.8,292.3,4.8,1,1425107292,,0.747232,0.832478,0.747232,0.50401
openml.org/t/168908,christine,lightautoml,6m_10F_2c_8GB,8,binary,0.827839,auc,local,0.3.4,,2.0.5,2022-06-03T10:56:29,307.9,296.8,1.8,1,1425107293,,0.759704,0.827839,0.759656,0.516586
openml.org/t/168908,christine,lightautoml,6m_10F_2c_8GB,9,binary,0.793358,auc,local,0.3.4,,2.0.5,2022-06-03T11:02:00,331.6,316.5,5.7,1,1425107294,,0.731978,0.793358,0.732021,0.55469
openml.org/t/9981,cnae-9,lightautoml,6m_10F_2c_8GB,0,multiclass,-0.144326,neg_logloss,local,0.3.4,,2.0.5,2022-06-03T11:07:19,313.5,302.5,2.8,1,1425107285,,0.962963,,0.962963,0.144326
openml.org/t/9981,cnae-9,lightautoml,6m_10F_2c_8GB,1,multiclass,-0.246771,neg_logloss,local,0.3.4,,2.0.5,2022-06-03T11:10:44,205.6,192.0,4.7,1,1425107286,,0.935185,,0.935185,0.246771
openml.org/t/9981,cnae-9,lightautoml,6m_10F_2c_8GB,2,multiclass,-0.163398,neg_logloss,local,0.3.4,,2.0.5,2022-06-03T11:16:02,317.7,306.5,2.1,1,1425107287,,0.953704,,0.953704,0.163398
openml.org/t/9981,cnae-9,lightautoml,6m_10F_2c_8GB,3,multiclass,-0.201714,neg_logloss,local,0.3.4,,2.0.5,2022-06-03T11:19:40,218.2,204.8,4.6,1,1425107288,,0.925926,,0.925926,0.201714
openml.org/t/9981,cnae-9,lightautoml,6m_10F_2c_8GB,4,multiclass,-0.158054,neg_logloss,local,0.3.4,,2.0.5,2022-06-03T11:23:15,215.1,202.0,4.3,1,1425107289,,0.962963,,0.962963,0.158054
openml.org/t/9981,cnae-9,lightautoml,6m_10F_2c_8GB,5,multiclass,-0.109698,neg_logloss,local,0.3.4,,2.0.5,2022-06-03T11:26:42,206.7,194.3,4.1,1,1425107290,,0.972222,,0.972222,0.109698
openml.org/t/9981,cnae-9,lightautoml,6m_10F_2c_8GB,6,multiclass,-0.161883,neg_logloss,local,0.3.4,,2.0.5,2022-06-03T11:30:21,218.6,205.6,4.5,1,1425107291,,0.944444,,0.944444,0.161883
openml.org/t/9981,cnae-9,lightautoml,6m_10F_2c_8GB,7,multiclass,-0.130158,neg_logloss,local,0.3.4,,2.0.5,2022-06-03T11:35:33,311.8,300.7,2.6,1,1425107292,,0.953704,,0.953704,0.130158
openml.org/t/9981,cnae-9,lightautoml,6m_10F_2c_8GB,8,multiclass,-0.123263,neg_logloss,local,0.3.4,,2.0.5,2022-06-03T11:38:57,204.9,191.6,4.7,1,1425107293,,0.981481,,0.981481,0.123263
openml.org/t/9981,cnae-9,lightautoml,6m_10F_2c_8GB,9,multiclass,-0.142085,neg_logloss,local,0.3.4,,2.0.5,2022-06-03T11:42:34,216.7,203.4,4.9,1,1425107294,,0.962963,,0.962963,0.142085
openml.org/t/31,credit-g,lightautoml,6m_10F_2c_8GB,0,binary,0.834286,auc,local,0.3.4,,2.0.5,2022-06-03T11:47:57,320.7,312.0,0.5,1,1425107285,,0.77,0.834286,0.664286,0.469918
openml.org/t/31,credit-g,lightautoml,6m_10F_2c_8GB,1,binary,0.728095,auc,local,0.3.4,,2.0.5,2022-06-03T11:52:37,280.2,271.1,0.4,1,1425107286,,0.77,0.728095,0.635714,0.531168
openml.org/t/31,credit-g,lightautoml,6m_10F_2c_8GB,2,binary,0.768095,auc,local,0.3.4,,2.0.5,2022-06-03T11:57:49,312.2,303.3,0.5,1,1425107287,,0.78,0.768095,0.680952,0.520619
openml.org/t/31,credit-g,lightautoml,6m_10F_2c_8GB,3,binary,0.800952,auc,local,0.3.4,,2.0.5,2022-06-03T12:02:48,298.3,289.6,0.5,1,1425107288,,0.8,0.800952,0.752381,0.484661
openml.org/t/31,credit-g,lightautoml,6m_10F_2c_8GB,4,binary,0.782857,auc,local,0.3.4,,2.0.5,2022-06-03T12:08:01,313.8,304.5,0.6,1,1425107289,,0.7,0.782857,0.566667,0.510539
openml.org/t/31,credit-g,lightautoml,6m_10F_2c_8GB,5,binary,0.811905,auc,local,0.3.4,,2.0.5,2022-06-03T12:13:34,332.9,324.1,0.5,1,1425107290,,0.73,0.811905,0.607143,0.487591
openml.org/t/31,credit-g,lightautoml,6m_10F_2c_8GB,6,binary,0.80619,auc,local,0.3.4,,2.0.5,2022-06-03T12:19:31,356.6,347.7,0.4,1,1425107291,,0.74,0.80619,0.652381,0.47585
openml.org/t/31,credit-g,lightautoml,6m_10F_2c_8GB,7,binary,0.861905,auc,local,0.3.4,,2.0.5,2022-06-03T12:25:28,357.6,349.3,0.4,1,1425107292,,0.79,0.861905,0.669048,0.459878
openml.org/t/31,credit-g,lightautoml,6m_10F_2c_8GB,8,binary,0.797143,auc,local,0.3.4,,2.0.5,2022-06-03T12:31:28,359.9,351.3,0.6,1,1425107293,,0.75,0.797143,0.630952,0.489314
openml.org/t/31,credit-g,lightautoml,6m_10F_2c_8GB,9,binary,0.766667,auc,local,0.3.4,,2.0.5,2022-06-03T12:36:43,314.4,305.6,0.5,1,1425107294,,0.76,0.766667,0.628571,0.510955
openml.org/t/168909,dilbert,lightautoml,6m_10F_2c_8GB,0,multiclass,,neg_logloss,local,0.3.4,,2.0.5,2022-06-03T12:49:29,732.4,,,,1425107285,NoResultError: Interrupting thread MainThread [ident=140458542843712] after 720s timeout.,,,,
openml.org/t/168909,dilbert,lightautoml,6m_10F_2c_8GB,1,multiclass,,neg_logloss,local,0.3.4,,2.0.5,2022-06-03T13:01:40,731.2,,,,1425107286,NoResultError: Interrupting thread MainThread [ident=139627393185600] after 720s timeout.,,,,
openml.org/t/168909,dilbert,lightautoml,6m_10F_2c_8GB,2,multiclass,,neg_logloss,local,0.3.4,,2.0.5,2022-06-03T13:13:52,732.3,,,,1425107287,NoResultError: Interrupting thread MainThread [ident=140596376909632] after 720s timeout.,,,,
openml.org/t/168909,dilbert,lightautoml,6m_10F_2c_8GB,3,multiclass,,neg_logloss,local,0.3.4,,2.0.5,2022-06-03T13:26:04,731.7,,,,1425107288,NoResultError: Interrupting thread MainThread [ident=140197476788032] after 720s timeout.,,,,
openml.org/t/168909,dilbert,lightautoml,6m_10F_2c_8GB,4,multiclass,,neg_logloss,local,0.3.4,,2.0.5,2022-06-03T13:38:15,731.2,,,,1425107289,NoResultError: Interrupting thread MainThread [ident=139790606743360] after 720s timeout.,,,,
openml.org/t/168909,dilbert,lightautoml,6m_10F_2c_8GB,5,multiclass,,neg_logloss,local,0.3.4,,2.0.5,2022-06-03T13:50:26,731.3,,,,1425107290,NoResultError: Interrupting thread MainThread [ident=140666405517120] after 720s timeout.,,,,
openml.org/t/168909,dilbert,lightautoml,6m_10F_2c_8GB,6,multiclass,,neg_logloss,local,0.3.4,,2.0.5,2022-06-03T14:02:38,731.4,,,,1425107291,NoResultError: Interrupting thread MainThread [ident=140315626493760] after 720s timeout.,,,,
openml.org/t/168909,dilbert,lightautoml,6m_10F_2c_8GB,7,multiclass,,neg_logloss,local,0.3.4,,2.0.5,2022-06-03T14:14:49,731.3,,,,1425107292,NoResultError: Interrupting thread MainThread [ident=140373169497920] after 720s timeout.,,,,
openml.org/t/168909,dilbert,lightautoml,6m_10F_2c_8GB,8,multiclass,,neg_logloss,local,0.3.4,,2.0.5,2022-06-03T14:27:01,731.4,,,,1425107293,NoResultError: Interrupting thread MainThread [ident=139650234406720] after 720s timeout.,,,,
openml.org/t/168909,dilbert,lightautoml,6m_10F_2c_8GB,9,multiclass,,neg_logloss,local,0.3.4,,2.0.5,2022-06-03T14:39:12,731.3,,,,1425107294,NoResultError: Interrupting thread MainThread [ident=139644607919936] after 720s timeout.,,,,
openml.org/t/168910,fabert,lightautoml,6m_10F_2c_8GB,0,multiclass,-0.775616,neg_logloss,local,0.3.4,,2.0.5,2022-06-03T14:43:31,256.4,245.7,2.2,1,1425107285,,0.707524,,0.669864,0.775616
openml.org/t/168910,fabert,lightautoml,6m_10F_2c_8GB,1,multiclass,-0.787291,neg_logloss,local,0.3.4,,2.0.5,2022-06-03T14:47:49,258.3,247.9,2.0,1,1425107286,,0.73665,,0.708581,0.787291
openml.org/t/168910,fabert,lightautoml,6m_10F_2c_8GB,2,multiclass,-0.774851,neg_logloss,local,0.3.4,,2.0.5,2022-06-03T14:51:59,249.7,238.7,2.3,1,1425107287,,0.729369,,0.699874,0.774851
openml.org/t/168910,fabert,lightautoml,6m_10F_2c_8GB,3,multiclass,-0.789122,neg_logloss,local,0.3.4,,2.0.5,2022-06-03T14:56:37,278.4,266.7,2.5,1,1425107288,,0.728155,,0.707132,0.789122
openml.org/t/168910,fabert,lightautoml,6m_10F_2c_8GB,4,multiclass,-0.791889,neg_logloss,local,0.3.4,,2.0.5,2022-06-03T15:00:59,261.7,252.1,1.0,1,1425107289,,0.741505,,0.715631,0.791889
openml.org/t/168910,fabert,lightautoml,6m_10F_2c_8GB,5,multiclass,-0.77578,neg_logloss,local,0.3.4,,2.0.5,2022-06-03T15:05:18,258.6,248.7,0.8,1,1425107290,,0.747573,,0.718827,0.77578
openml.org/t/168910,fabert,lightautoml,6m_10F_2c_8GB,6,multiclass,-0.812877,neg_logloss,local,0.3.4,,2.0.5,2022-06-03T15:09:50,272.5,261.5,2.4,1,1425107291,,0.695388,,0.67075,0.812877
openml.org/t/168910,fabert,lightautoml,6m_10F_2c_8GB,7,multiclass,-0.806505,neg_logloss,local,0.3.4,,2.0.5,2022-06-03T15:14:16,266.2,254.7,2.1,1,1425107292,,0.715674,,0.678092,0.806505
openml.org/t/168910,fabert,lightautoml,6m_10F_2c_8GB,8,multiclass,-0.81487,neg_logloss,local,0.3.4,,2.0.5,2022-06-03T15:18:41,264.1,254.7,0.9,1,1425107293,,0.705954,,0.67859,0.81487
openml.org/t/168910,fabert,lightautoml,6m_10F_2c_8GB,9,multiclass,-0.826495,neg_logloss,local,0.3.4,,2.0.5,2022-06-03T15:23:17,276.8,266.1,2.5,1,1425107294,,0.693803,,0.661024,0.826495
openml.org/t/168911,jasmine,lightautoml,6m_10F_2c_8GB,0,binary,0.867114,auc,local,0.3.4,,2.0.5,2022-06-03T15:28:46,326.4,317.7,0.2,1,1425107285,,0.816054,0.867114,0.815615,0.404689
openml.org/t/168911,jasmine,lightautoml,6m_10F_2c_8GB,1,binary,0.886667,auc,local,0.3.4,,2.0.5,2022-06-03T15:32:58,251.4,242.3,0.4,1,1425107286,,0.812709,0.886667,0.812327,0.40159
openml.org/t/168911,jasmine,lightautoml,6m_10F_2c_8GB,2,binary,0.910157,auc,local,0.3.4,,2.0.5,2022-06-03T15:37:01,243.4,234.5,0.6,1,1425107287,,0.852843,0.910157,0.853266,0.371718
openml.org/t/168911,jasmine,lightautoml,6m_10F_2c_8GB,3,binary,0.861298,auc,local,0.3.4,,2.0.5,2022-06-03T15:41:55,294.1,284.7,0.5,1,1425107288,,0.819398,0.861298,0.819866,0.403393
openml.org/t/168911,jasmine,lightautoml,6m_10F_2c_8GB,4,binary,0.880726,auc,local,0.3.4,,2.0.5,2022-06-03T15:47:21,326.2,317.9,0.2,1,1425107289,,0.788591,0.880726,0.788591,0.428686
openml.org/t/168911,jasmine,lightautoml,6m_10F_2c_8GB,5,binary,0.871853,auc,local,0.3.4,,2.0.5,2022-06-03T15:50:45,204.0,195.3,0.3,1,1425107290,,0.791946,0.871853,0.791946,0.435427
openml.org/t/168911,jasmine,lightautoml,6m_10F_2c_8GB,6,binary,0.886447,auc,local,0.3.4,,2.0.5,2022-06-03T15:56:03,317.4,308.7,0.3,1,1425107291,,0.828859,0.886447,0.828859,0.392835
openml.org/t/168911,jasmine,lightautoml,6m_10F_2c_8GB,7,binary,0.847034,auc,local,0.3.4,,2.0.5,2022-06-03T15:59:35,212.3,203.5,0.4,1,1425107292,,0.791946,0.847034,0.791946,0.440835
openml.org/t/168911,jasmine,lightautoml,6m_10F_2c_8GB,8,binary,0.899599,auc,local,0.3.4,,2.0.5,2022-06-03T16:04:37,301.8,293.3,0.5,1,1425107293,,0.838926,0.899599,0.838926,0.390361
openml.org/t/168911,jasmine,lightautoml,6m_10F_2c_8GB,9,binary,0.881762,auc,local,0.3.4,,2.0.5,2022-06-03T16:09:24,287.6,279.1,0.3,1,1425107294,,0.808725,0.881762,0.808725,0.396637
openml.org/t/3917,kc1,lightautoml,6m_10F_2c_8GB,0,binary,0.826728,auc,local,0.3.4,,2.0.5,2022-06-03T16:14:25,298.8,290.4,0.2,1,1425107285,,0.872038,0.826728,0.61662,0.330423
openml.org/t/3917,kc1,lightautoml,6m_10F_2c_8GB,1,binary,0.835719,auc,local,0.3.4,,2.0.5,2022-06-03T16:19:04,279.7,271.2,0.4,1,1425107286,,0.876777,0.835719,0.619413,0.325866
openml.org/t/3917,kc1,lightautoml,6m_10F_2c_8GB,2,binary,0.848376,auc,local,0.3.4,,2.0.5,2022-06-03T16:24:34,330.2,321.8,0.2,1,1425107287,,0.848341,0.848376,0.564159,0.334868
openml.org/t/3917,kc1,lightautoml,6m_10F_2c_8GB,3,binary,0.840398,auc,local,0.3.4,,2.0.5,2022-06-03T16:29:45,310.3,302.0,0.3,1,1425107288,,0.876777,0.840398,0.643088,0.326297
openml.org/t/3917,kc1,lightautoml,6m_10F_2c_8GB,4,binary,0.770344,auc,local,0.3.4,,2.0.5,2022-06-03T16:35:01,316.7,308.6,0.2,1,1425107289,,0.85782,0.770344,0.557797,0.366898
openml.org/t/3917,kc1,lightautoml,6m_10F_2c_8GB,5,binary,0.811713,auc,local,0.3.4,,2.0.5,2022-06-03T16:40:18,316.6,308.2,0.3,1,1425107290,,0.848341,0.811713,0.564522,0.351904
openml.org/t/3917,kc1,lightautoml,6m_10F_2c_8GB,6,binary,0.827886,auc,local,0.3.4,,2.0.5,2022-06-03T16:44:58,279.4,271.1,0.3,1,1425107291,,0.872038,0.827886,0.603252,0.330449
openml.org/t/3917,kc1,lightautoml,6m_10F_2c_8GB,7,binary,0.847974,auc,local,0.3.4,,2.0.5,2022-06-03T16:49:39,281.5,273.3,0.4,1,1425107292,,0.862559,0.847974,0.609976,0.324844
openml.org/t/3917,kc1,lightautoml,6m_10F_2c_8GB,8,binary,0.878107,auc,local,0.3.4,,2.0.5,2022-06-03T16:54:21,282.4,274.3,0.5,1,1425107293,,0.876777,0.878107,0.618403,0.308019
openml.org/t/3917,kc1,lightautoml,6m_10F_2c_8GB,9,binary,0.787219,auc,local,0.3.4,,2.0.5,2022-06-03T16:59:20,298.3,290.1,0.3,1,1425107294,,0.852381,0.787219,0.554073,0.359217
openml.org/t/3,kr-vs-kp,lightautoml,6m_10F_2c_8GB,0,binary,0.999804,auc,local,0.3.4,,2.0.5,2022-06-03T17:02:40,194.0,185.5,0.2,1,1425107285,,0.99375,0.999804,0.993738,0.0237973
openml.org/t/3,kr-vs-kp,lightautoml,6m_10F_2c_8GB,1,binary,0.997065,auc,local,0.3.4,,2.0.5,2022-06-03T17:07:31,291.8,283.0,0.2,1,1425107286,,0.98125,0.997065,0.982036,0.063184
openml.org/t/3,kr-vs-kp,lightautoml,6m_10F_2c_8GB,2,binary,0.998865,auc,local,0.3.4,,2.0.5,2022-06-03T17:11:09,217.8,209.2,0.2,1,1425107287,,0.990625,0.998865,0.99047,0.05041
openml.org/t/3,kr-vs-kp,lightautoml,6m_10F_2c_8GB,3,binary,1.0,auc,local,0.3.4,,2.0.5,2022-06-03T17:14:39,209.8,201.7,0.2,1,1425107288,,1.0,1.0,1.0,0.0281247
openml.org/t/3,kr-vs-kp,lightautoml,6m_10F_2c_8GB,4,binary,0.999883,auc,local,0.3.4,,2.0.5,2022-06-03T17:19:42,303.1,294.2,0.4,1,1425107289,,0.996875,0.999883,0.996732,0.033243
openml.org/t/3,kr-vs-kp,lightautoml,6m_10F_2c_8GB,5,binary,1.0,auc,local,0.3.4,,2.0.5,2022-06-03T17:23:29,227.1,218.9,0.4,1,1425107290,,0.99375,1.0,0.994012,0.0166432
openml.org/t/3,kr-vs-kp,lightautoml,6m_10F_2c_8GB,6,binary,0.99937,auc,local,0.3.4,,2.0.5,2022-06-03T17:27:11,221.4,213.4,0.2,1,1425107291,,0.990596,0.99937,0.990452,0.033208
openml.org/t/3,kr-vs-kp,lightautoml,6m_10F_2c_8GB,7,binary,0.999271,auc,local,0.3.4,,2.0.5,2022-06-03T17:30:35,204.8,196.4,0.1,1,1425107292,,0.990596,0.999271,0.990427,0.036251
openml.org/t/3,kr-vs-kp,lightautoml,6m_10F_2c_8GB,8,binary,1.0,auc,local,0.3.4,,2.0.5,2022-06-03T17:34:06,210.1,202.2,0.2,1,1425107293,,0.996865,1.0,0.996711,0.0196007
openml.org/t/3,kr-vs-kp,lightautoml,6m_10F_2c_8GB,9,binary,0.999921,auc,local,0.3.4,,2.0.5,2022-06-03T17:37:41,215.0,206.8,0.1,1,1425107294,,0.99373,0.999921,0.994012,0.0229048
openml.org/t/12,mfeat-factors,lightautoml,6m_10F_2c_8GB,0,multiclass,-0.131174,neg_logloss,local,0.3.4,,2.0.5,2022-06-03T17:41:57,254.1,245.4,0.2,1,1425107285,,0.98,,0.98,0.131174
openml.org/t/12,mfeat-factors,lightautoml,6m_10F_2c_8GB,1,multiclass,-0.0608445,neg_logloss,local,0.3.4,,2.0.5,2022-06-03T17:47:27,330.4,322.5,0.3,1,1425107286,,0.97,,0.97,0.0608445
openml.org/t/12,mfeat-factors,lightautoml,6m_10F_2c_8GB,2,multiclass,-0.0519733,neg_logloss,local,0.3.4,,2.0.5,2022-06-03T17:52:54,326.8,317.5,0.6,1,1425107287,,0.985,,0.985,0.0519733
openml.org/t/12,mfeat-factors,lightautoml,6m_10F_2c_8GB,3,multiclass,-0.155136,neg_logloss,local,0.3.4,,2.0.5,2022-06-03T17:58:20,326.4,318.0,0.3,1,1425107288,,0.97,,0.97,0.155136
openml.org/t/12,mfeat-factors,lightautoml,6m_10F_2c_8GB,4,multiclass,-0.125346,neg_logloss,local,0.3.4,,2.0.5,2022-06-03T18:02:50,269.3,260.7,0.5,1,1425107289,,0.97,,0.97,0.125346
openml.org/t/12,mfeat-factors,lightautoml,6m_10F_2c_8GB,5,multiclass,-0.0619298,neg_logloss,local,0.3.4,,2.0.5,2022-06-03T18:06:29,219.0,210.1,0.2,1,1425107290,,0.98,,0.98,0.0619298
openml.org/t/12,mfeat-factors,lightautoml,6m_10F_2c_8GB,6,multiclass,-0.0631117,neg_logloss,local,0.3.4,,2.0.5,2022-06-03T18:11:45,316.0,307.1,0.7,1,1425107291,,0.975,,0.975,0.0631117
openml.org/t/12,mfeat-factors,lightautoml,6m_10F_2c_8GB,7,multiclass,-0.0904044,neg_logloss,local,0.3.4,,2.0.5,2022-06-03T18:15:21,216.1,207.2,0.5,1,1425107292,,0.97,,0.97,0.0904044
openml.org/t/12,mfeat-factors,lightautoml,6m_10F_2c_8GB,8,multiclass,-0.0806953,neg_logloss,local,0.3.4,,2.0.5,2022-06-03T18:18:47,206.0,197.7,0.5,1,1425107293,,0.985,,0.985,0.0806953
openml.org/t/12,mfeat-factors,lightautoml,6m_10F_2c_8GB,9,multiclass,-0.0535578,neg_logloss,local,0.3.4,,2.0.5,2022-06-03T18:23:37,289.7,281.8,0.1,1,1425107294,,0.99,,0.99,0.0535578
openml.org/t/9952,phoneme,lightautoml,6m_10F_2c_8GB,0,binary,0.966726,auc,local,0.3.4,,2.0.5,2022-06-03T18:29:04,324.7,316.2,0.9,1,1425107285,,0.916821,0.966726,0.898877,0.211327
openml.org/t/9952,phoneme,lightautoml,6m_10F_2c_8GB,1,binary,0.971122,auc,local,0.3.4,,2.0.5,2022-06-03T18:34:19,315.0,306.6,0.6,1,1425107286,,0.924214,0.971122,0.90962,0.197276
openml.org/t/9952,phoneme,lightautoml,6m_10F_2c_8GB,2,binary,0.961935,auc,local,0.3.4,,2.0.5,2022-06-03T18:39:35,316.3,307.8,0.7,1,1425107287,,0.907579,0.961935,0.875811,0.235083
openml.org/t/9952,phoneme,lightautoml,6m_10F_2c_8GB,3,binary,0.959531,auc,local,0.3.4,,2.0.5,2022-06-03T18:44:57,321.4,313.2,0.4,1,1425107288,,0.90573,0.959531,0.885516,0.235297
openml.org/t/9952,phoneme,lightautoml,6m_10F_2c_8GB,4,binary,0.950378,auc,local,0.3.4,,2.0.5,2022-06-03T18:50:24,327.7,318.7,0.9,1,1425107289,,0.898148,0.950378,0.874196,0.265033
openml.org/t/9952,phoneme,lightautoml,6m_10F_2c_8GB,5,binary,0.971751,auc,local,0.3.4,,2.0.5,2022-06-03T18:55:42,317.9,309.6,0.6,1,1425107290,,0.925926,0.971751,0.910531,0.194603
openml.org/t/9952,phoneme,lightautoml,6m_10F_2c_8GB,6,binary,0.978859,auc,local,0.3.4,,2.0.5,2022-06-03T19:01:03,321.0,312.3,0.7,1,1425107291,,0.935185,0.978859,0.924498,0.167166
openml.org/t/9952,phoneme,lightautoml,6m_10F_2c_8GB,7,binary,0.965256,auc,local,0.3.4,,2.0.5,2022-06-03T19:06:32,328.6,319.6,0.9,1,1425107292,,0.92037,0.965256,0.89547,0.21812
openml.org/t/9952,phoneme,lightautoml,6m_10F_2c_8GB,8,binary,0.961736,auc,local,0.3.4,,2.0.5,2022-06-03T19:11:50,317.7,309.2,0.6,1,1425107293,,0.905556,0.961736,0.879934,0.232183
openml.org/t/9952,phoneme,lightautoml,6m_10F_2c_8GB,9,binary,0.964905,auc,local,0.3.4,,2.0.5,2022-06-03T19:17:12,322.2,313.3,0.9,1,1425107294,,0.92037,0.964905,0.890432,0.221121
openml.org/t/146822,segment,lightautoml,6m_10F_2c_8GB,0,multiclass,-0.0699085,neg_logloss,local,0.3.4,,2.0.5,2022-06-03T19:22:09,294.9,286.7,0.1,1,1425107285,,0.978355,,0.978355,0.0699085
openml.org/t/146822,segment,lightautoml,6m_10F_2c_8GB,1,multiclass,-0.0534448,neg_logloss,local,0.3.4,,2.0.5,2022-06-03T19:26:33,264.3,255.5,1.0,1,1425107286,,0.987013,,0.987013,0.0534448
openml.org/t/146822,segment,lightautoml,6m_10F_2c_8GB,2,multiclass,-0.0494771,neg_logloss,local,0.3.4,,2.0.5,2022-06-03T19:30:42,248.6,239.5,1.1,1,1425107287,,0.978355,,0.978355,0.0494771
openml.org/t/146822,segment,lightautoml,6m_10F_2c_8GB,3,multiclass,-0.0521932,neg_logloss,local,0.3.4,,2.0.5,2022-06-03T19:35:27,284.7,275.7,0.9,1,1425107288,,0.978355,,0.978355,0.0521932
openml.org/t/146822,segment,lightautoml,6m_10F_2c_8GB,4,multiclass,-0.0279304,neg_logloss,local,0.3.4,,2.0.5,2022-06-03T19:40:09,282.9,274.2,1.0,1,1425107289,,1.0,,1.0,0.0279304
openml.org/t/146822,segment,lightautoml,6m_10F_2c_8GB,5,multiclass,-0.0717686,neg_logloss,local,0.3.4,,2.0.5,2022-06-03T19:44:54,284.6,275.3,1.1,1,1425107290,,0.974026,,0.974026,0.0717686
openml.org/t/146822,segment,lightautoml,6m_10F_2c_8GB,6,multiclass,-0.061235,neg_logloss,local,0.3.4,,2.0.5,2022-06-03T19:49:41,286.9,277.3,1.1,1,1425107291,,0.982684,,0.982684,0.061235
openml.org/t/146822,segment,lightautoml,6m_10F_2c_8GB,7,multiclass,-0.0936812,neg_logloss,local,0.3.4,,2.0.5,2022-06-03T19:53:55,254.5,244.9,1.0,1,1425107292,,0.965368,,0.965368,0.0936812
openml.org/t/146822,segment,lightautoml,6m_10F_2c_8GB,8,multiclass,-0.0444806,neg_logloss,local,0.3.4,,2.0.5,2022-06-03T19:59:06,310.4,301.2,1.2,1,1425107293,,0.987013,,0.987013,0.0444806
openml.org/t/146822,segment,lightautoml,6m_10F_2c_8GB,9,multiclass,-0.0714262,neg_logloss,local,0.3.4,,2.0.5,2022-06-03T20:03:45,279.5,270.4,1.2,1,1425107294,,0.982684,,0.982684,0.0714262
openml.org/t/168912,sylvine,lightautoml,6m_10F_2c_8GB,0,binary,0.981897,auc,local,0.3.4,,2.0.5,2022-06-03T20:08:32,284.2,275.1,0.4,1,1425107285,,0.937622,0.981897,0.937553,0.173925
openml.org/t/168912,sylvine,lightautoml,6m_10F_2c_8GB,1,binary,0.988768,auc,local,0.3.4,,2.0.5,2022-06-03T20:13:04,272.6,263.6,0.5,1,1425107286,,0.949318,0.988768,0.949257,0.124972
openml.org/t/168912,sylvine,lightautoml,6m_10F_2c_8GB,2,binary,0.988464,auc,local,0.3.4,,2.0.5,2022-06-03T20:17:52,288.0,279.4,0.5,1,1425107287,,0.953216,0.988464,0.953262,0.129929
openml.org/t/168912,sylvine,lightautoml,6m_10F_2c_8GB,3,binary,0.985606,auc,local,0.3.4,,2.0.5,2022-06-03T20:22:34,281.5,273.4,0.1,1,1425107288,,0.94347,0.985606,0.943504,0.169732
openml.org/t/168912,sylvine,lightautoml,6m_10F_2c_8GB,4,binary,0.988327,auc,local,0.3.4,,2.0.5,2022-06-03T20:27:22,288.1,279.4,0.5,1,1425107289,,0.951172,0.988327,0.951172,0.132928
openml.org/t/168912,sylvine,lightautoml,6m_10F_2c_8GB,5,binary,0.985214,auc,local,0.3.4,,2.0.5,2022-06-03T20:31:47,265.5,257.0,0.4,1,1425107290,,0.943359,0.985214,0.943359,0.148731
openml.org/t/168912,sylvine,lightautoml,6m_10F_2c_8GB,6,binary,0.989395,auc,local,0.3.4,,2.0.5,2022-06-03T20:36:19,271.5,262.8,0.3,1,1425107291,,0.947266,0.989395,0.947266,0.134956
openml.org/t/168912,sylvine,lightautoml,6m_10F_2c_8GB,7,binary,0.98497,auc,local,0.3.4,,2.0.5,2022-06-03T20:41:04,285.6,277.4,0.3,1,1425107292,,0.945312,0.98497,0.945312,0.14501
openml.org/t/168912,sylvine,lightautoml,6m_10F_2c_8GB,8,binary,0.989151,auc,local,0.3.4,,2.0.5,2022-06-03T20:46:00,295.5,287.5,0.3,1,1425107293,,0.958984,0.989151,0.958984,0.129695
openml.org/t/168912,sylvine,lightautoml,6m_10F_2c_8GB,9,binary,0.991486,auc,local,0.3.4,,2.0.5,2022-06-03T20:50:44,284.6,276.8,0.1,1,1425107294,,0.953125,0.991486,0.953125,0.111419
openml.org/t/53,vehicle,lightautoml,6m_10F_2c_8GB,0,multiclass,-0.446597,neg_logloss,local,0.3.4,,2.0.5,2022-06-03T20:54:22,215.4,206.9,0.3,1,1425107285,,0.788235,,0.789989,0.446597
openml.org/t/53,vehicle,lightautoml,6m_10F_2c_8GB,1,multiclass,-0.476743,neg_logloss,local,0.3.4,,2.0.5,2022-06-03T20:57:45,203.2,194.2,0.4,1,1425107286,,0.788235,,0.79053,0.476743
openml.org/t/53,vehicle,lightautoml,6m_10F_2c_8GB,2,multiclass,-0.458205,neg_logloss,local,0.3.4,,2.0.5,2022-06-03T21:01:08,202.9,185.4,0.3,1,1425107287,,0.764706,,0.766775,0.458205
openml.org/t/53,vehicle,lightautoml,6m_10F_2c_8GB,3,multiclass,-0.298986,neg_logloss,local,0.3.4,,2.0.5,2022-06-03T21:04:38,210.6,201.3,0.3,1,1425107288,,0.823529,,0.826299,0.298986
openml.org/t/53,vehicle,lightautoml,6m_10F_2c_8GB,4,multiclass,-0.346503,neg_logloss,local,0.3.4,,2.0.5,2022-06-03T21:08:03,204.8,196.2,0.3,1,1425107289,,0.823529,,0.825758,0.346503
openml.org/t/53,vehicle,lightautoml,6m_10F_2c_8GB,5,multiclass,-0.277841,neg_logloss,local,0.3.4,,2.0.5,2022-06-03T21:11:20,196.5,188.3,0.3,1,1425107290,,0.847059,,0.849567,0.277841
openml.org/t/53,vehicle,lightautoml,6m_10F_2c_8GB,6,multiclass,-0.398594,neg_logloss,local,0.3.4,,2.0.5,2022-06-03T21:15:09,229.1,221.1,0.3,1,1425107291,,0.77381,,0.782297,0.398594
openml.org/t/53,vehicle,lightautoml,6m_10F_2c_8GB,7,multiclass,-0.373494,neg_logloss,local,0.3.4,,2.0.5,2022-06-03T21:18:27,197.8,189.7,0.3,1,1425107292,,0.785714,,0.790584,0.373494
openml.org/t/53,vehicle,lightautoml,6m_10F_2c_8GB,8,multiclass,-0.439215,neg_logloss,local,0.3.4,,2.0.5,2022-06-03T21:21:54,207.1,198.9,0.4,1,1425107293,,0.821429,,0.82197,0.439215
openml.org/t/53,vehicle,lightautoml,6m_10F_2c_8GB,9,multiclass,-0.501409,neg_logloss,local,0.3.4,,2.0.5,2022-06-03T21:25:16,202.4,194.2,0.3,1,1425107294,,0.72619,,0.724405,0.501409
