id,task,framework,constraint,fold,type,result,metric,mode,version,params,app_version,utc,duration,training_duration,predict_duration,models_count,seed,info,acc,auc,balacc,logloss
openml.org/t/146818,Australian,constantpredictor,6m_10F_2c_8GB,0,binary,0.5,auc,local,0.24.2,,2.0.5,2022-05-30T15:59:35,0.08,0.0003,6e-05,1,964188289,,0.550725,0.5,0.5,0.68804
openml.org/t/146818,Australian,constantpredictor,6m_10F_2c_8GB,1,binary,0.5,auc,local,0.24.2,,2.0.5,2022-05-30T15:59:35,0.02,0.0003,8e-05,1,964188290,,0.550725,0.5,0.5,0.68804
openml.org/t/146818,Australian,constantpredictor,6m_10F_2c_8GB,2,binary,0.5,auc,local,0.24.2,,2.0.5,2022-05-30T15:59:35,0.02,0.0003,7e-05,1,964188291,,0.550725,0.5,0.5,0.68804
openml.org/t/146818,Australian,constantpredictor,6m_10F_2c_8GB,3,binary,0.5,auc,local,0.24.2,,2.0.5,2022-05-30T15:59:35,0.02,0.0003,7e-05,1,964188292,,0.550725,0.5,0.5,0.68804
openml.org/t/146818,Australian,constantpredictor,6m_10F_2c_8GB,4,binary,0.5,auc,local,0.24.2,,2.0.5,2022-05-30T15:59:35,0.02,0.0002,6e-05,1,964188293,,0.550725,0.5,0.5,0.68804
openml.org/t/146818,Australian,constantpredictor,6m_10F_2c_8GB,5,binary,0.5,auc,local,0.24.2,,2.0.5,2022-05-30T15:59:35,0.02,0.0002,6e-05,1,964188294,,0.550725,0.5,0.5,0.68804
openml.org/t/146818,Australian,constantpredictor,6m_10F_2c_8GB,6,binary,0.5,auc,local,0.24.2,,2.0.5,2022-05-30T15:59:36,0.02,0.0002,5e-05,1,964188295,,0.550725,0.5,0.5,0.68804
openml.org/t/146818,Australian,constantpredictor,6m_10F_2c_8GB,7,binary,0.5,auc,local,0.24.2,,2.0.5,2022-05-30T15:59:36,0.02,0.0002,5e-05,1,964188296,,0.565217,0.5,0.5,0.684874
openml.org/t/146818,Australian,constantpredictor,6m_10F_2c_8GB,8,binary,0.5,auc,local,0.24.2,,2.0.5,2022-05-30T15:59:36,0.02,0.0003,5e-05,1,964188297,,0.565217,0.5,0.5,0.684874
openml.org/t/146818,Australian,constantpredictor,6m_10F_2c_8GB,9,binary,0.5,auc,local,0.24.2,,2.0.5,2022-05-30T15:59:36,0.02,0.0003,6e-05,1,964188298,,0.565217,0.5,0.5,0.684874
openml.org/t/10101,blood-transfusion,constantpredictor,6m_10F_2c_8GB,0,binary,0.5,auc,local,0.24.2,,2.0.5,2022-05-30T15:59:37,0.02,0.0003,6e-05,1,964188289,,0.76,0.5,0.5,0.551094
openml.org/t/10101,blood-transfusion,constantpredictor,6m_10F_2c_8GB,1,binary,0.5,auc,local,0.24.2,,2.0.5,2022-05-30T15:59:37,0.02,0.0002,5e-05,1,964188290,,0.76,0.5,0.5,0.551094
openml.org/t/10101,blood-transfusion,constantpredictor,6m_10F_2c_8GB,2,binary,0.5,auc,local,0.24.2,,2.0.5,2022-05-30T15:59:37,0.02,0.0002,5e-05,1,964188291,,0.76,0.5,0.5,0.551094
openml.org/t/10101,blood-transfusion,constantpredictor,6m_10F_2c_8GB,3,binary,0.5,auc,local,0.24.2,,2.0.5,2022-05-30T15:59:37,0.02,0.0003,5e-05,1,964188292,,0.76,0.5,0.5,0.551094
openml.org/t/10101,blood-transfusion,constantpredictor,6m_10F_2c_8GB,4,binary,0.5,auc,local,0.24.2,,2.0.5,2022-05-30T15:59:37,0.01,0.0002,5e-05,1,964188293,,0.76,0.5,0.5,0.551094
openml.org/t/10101,blood-transfusion,constantpredictor,6m_10F_2c_8GB,5,binary,0.5,auc,local,0.24.2,,2.0.5,2022-05-30T15:59:37,0.01,0.0002,5e-05,1,964188294,,0.76,0.5,0.5,0.551094
openml.org/t/10101,blood-transfusion,constantpredictor,6m_10F_2c_8GB,6,binary,0.5,auc,local,0.24.2,,2.0.5,2022-05-30T15:59:37,0.01,0.0002,5e-05,1,964188295,,0.76,0.5,0.5,0.551094
openml.org/t/10101,blood-transfusion,constantpredictor,6m_10F_2c_8GB,7,binary,0.5,auc,local,0.24.2,,2.0.5,2022-05-30T15:59:37,0.01,0.0002,5e-05,1,964188296,,0.76,0.5,0.5,0.551094
openml.org/t/10101,blood-transfusion,constantpredictor,6m_10F_2c_8GB,8,binary,0.5,auc,local,0.24.2,,2.0.5,2022-05-30T15:59:37,0.01,0.0002,5e-05,1,964188297,,0.77027,0.5,0.5,0.539181
openml.org/t/10101,blood-transfusion,constantpredictor,6m_10F_2c_8GB,9,binary,0.5,auc,local,0.24.2,,2.0.5,2022-05-30T15:59:37,0.01,0.0002,5e-05,1,964188298,,0.77027,0.5,0.5,0.539181
openml.org/t/146821,car,constantpredictor,6m_10F_2c_8GB,0,multiclass,-0.83242,neg_logloss,local,0.24.2,,2.0.5,2022-05-30T15:59:39,0.03,0.0005,7e-05,1,964188289,,0.699422,,0.25,0.83242
openml.org/t/146821,car,constantpredictor,6m_10F_2c_8GB,1,multiclass,-0.83242,neg_logloss,local,0.24.2,,2.0.5,2022-05-30T15:59:39,0.02,0.0005,6e-05,1,964188290,,0.699422,,0.25,0.83242
openml.org/t/146821,car,constantpredictor,6m_10F_2c_8GB,2,multiclass,-0.83242,neg_logloss,local,0.24.2,,2.0.5,2022-05-30T15:59:39,0.08,0.0005,6e-05,1,964188291,,0.699422,,0.25,0.83242
openml.org/t/146821,car,constantpredictor,6m_10F_2c_8GB,3,multiclass,-0.83242,neg_logloss,local,0.24.2,,2.0.5,2022-05-30T15:59:39,0.02,0.0005,5e-05,1,964188292,,0.699422,,0.25,0.83242
openml.org/t/146821,car,constantpredictor,6m_10F_2c_8GB,4,multiclass,-0.842684,neg_logloss,local,0.24.2,,2.0.5,2022-05-30T15:59:39,0.02,0.0005,6e-05,1,964188293,,0.699422,,0.25,0.842684
openml.org/t/146821,car,constantpredictor,6m_10F_2c_8GB,5,multiclass,-0.842684,neg_logloss,local,0.24.2,,2.0.5,2022-05-30T15:59:39,0.02,0.0005,6e-05,1,964188294,,0.699422,,0.25,0.842684
openml.org/t/146821,car,constantpredictor,6m_10F_2c_8GB,6,multiclass,-0.842684,neg_logloss,local,0.24.2,,2.0.5,2022-05-30T15:59:39,0.02,0.0005,6e-05,1,964188295,,0.699422,,0.25,0.842684
openml.org/t/146821,car,constantpredictor,6m_10F_2c_8GB,7,multiclass,-0.842684,neg_logloss,local,0.24.2,,2.0.5,2022-05-30T15:59:39,0.02,0.0005,6e-05,1,964188296,,0.699422,,0.25,0.842684
openml.org/t/146821,car,constantpredictor,6m_10F_2c_8GB,8,multiclass,-0.828935,neg_logloss,local,0.24.2,,2.0.5,2022-05-30T15:59:39,0.02,0.0005,6e-05,1,964188297,,0.703488,,0.25,0.828935
openml.org/t/146821,car,constantpredictor,6m_10F_2c_8GB,9,multiclass,-0.828509,neg_logloss,local,0.24.2,,2.0.5,2022-05-30T15:59:39,0.02,0.0005,6e-05,1,964188298,,0.703488,,0.25,0.828509
openml.org/t/168908,christine,constantpredictor,6m_10F_2c_8GB,0,binary,0.5,auc,local,0.24.2,,2.0.5,2022-05-30T15:59:50,2.1,0.001,6e-05,1,964188289,,0.5,0.5,0.5,0.693147
openml.org/t/168908,christine,constantpredictor,6m_10F_2c_8GB,1,binary,0.5,auc,local,0.24.2,,2.0.5,2022-05-30T15:59:51,1.5,0.001,6e-05,1,964188290,,0.5,0.5,0.5,0.693147
openml.org/t/168908,christine,constantpredictor,6m_10F_2c_8GB,2,binary,0.5,auc,local,0.24.2,,2.0.5,2022-05-30T15:59:52,0.7,0.001,7e-05,1,964188291,,0.5,0.5,0.5,0.693147
openml.org/t/168908,christine,constantpredictor,6m_10F_2c_8GB,3,binary,0.5,auc,local,0.24.2,,2.0.5,2022-05-30T15:59:53,0.6,0.001,6e-05,1,964188292,,0.5,0.5,0.5,0.693147
openml.org/t/168908,christine,constantpredictor,6m_10F_2c_8GB,4,binary,0.5,auc,local,0.24.2,,2.0.5,2022-05-30T15:59:53,0.6,0.001,6e-05,1,964188293,,0.5,0.5,0.5,0.693147
openml.org/t/168908,christine,constantpredictor,6m_10F_2c_8GB,5,binary,0.5,auc,local,0.24.2,,2.0.5,2022-05-30T15:59:54,0.7,0.001,7e-05,1,964188294,,0.5,0.5,0.5,0.693147
openml.org/t/168908,christine,constantpredictor,6m_10F_2c_8GB,6,binary,0.5,auc,local,0.24.2,,2.0.5,2022-05-30T15:59:54,0.6,0.001,6e-05,1,964188295,,0.5,0.5,0.5,0.693147
openml.org/t/168908,christine,constantpredictor,6m_10F_2c_8GB,7,binary,0.5,auc,local,0.24.2,,2.0.5,2022-05-30T15:59:55,0.6,0.001,6e-05,1,964188296,,0.5,0.5,0.5,0.693147
openml.org/t/168908,christine,constantpredictor,6m_10F_2c_8GB,8,binary,0.5,auc,local,0.24.2,,2.0.5,2022-05-30T15:59:56,0.6,0.001,6e-05,1,964188297,,0.499076,0.5,0.5,0.693148
openml.org/t/168908,christine,constantpredictor,6m_10F_2c_8GB,9,binary,0.5,auc,local,0.24.2,,2.0.5,2022-05-30T15:59:56,0.6,0.001,6e-05,1,964188298,,0.499076,0.5,0.5,0.693148
openml.org/t/9981,cnae-9,constantpredictor,6m_10F_2c_8GB,0,multiclass,-2.19722,neg_logloss,local,0.24.2,,2.0.5,2022-05-30T15:59:58,0.1,0.0003,6e-05,1,964188289,,0.111111,,0.111111,2.19722
openml.org/t/9981,cnae-9,constantpredictor,6m_10F_2c_8GB,1,multiclass,-2.19722,neg_logloss,local,0.24.2,,2.0.5,2022-05-30T15:59:58,0.03,0.0003,6e-05,1,964188290,,0.111111,,0.111111,2.19722
openml.org/t/9981,cnae-9,constantpredictor,6m_10F_2c_8GB,2,multiclass,-2.19722,neg_logloss,local,0.24.2,,2.0.5,2022-05-30T15:59:58,0.03,0.0003,5e-05,1,964188291,,0.111111,,0.111111,2.19722
openml.org/t/9981,cnae-9,constantpredictor,6m_10F_2c_8GB,3,multiclass,-2.19722,neg_logloss,local,0.24.2,,2.0.5,2022-05-30T15:59:58,0.03,0.0003,5e-05,1,964188292,,0.111111,,0.111111,2.19722
openml.org/t/9981,cnae-9,constantpredictor,6m_10F_2c_8GB,4,multiclass,-2.19722,neg_logloss,local,0.24.2,,2.0.5,2022-05-30T15:59:58,0.03,0.0003,5e-05,1,964188293,,0.111111,,0.111111,2.19722
openml.org/t/9981,cnae-9,constantpredictor,6m_10F_2c_8GB,5,multiclass,-2.19722,neg_logloss,local,0.24.2,,2.0.5,2022-05-30T15:59:59,0.03,0.0003,5e-05,1,964188294,,0.111111,,0.111111,2.19722
openml.org/t/9981,cnae-9,constantpredictor,6m_10F_2c_8GB,6,multiclass,-2.19722,neg_logloss,local,0.24.2,,2.0.5,2022-05-30T15:59:59,0.03,0.0003,5e-05,1,964188295,,0.111111,,0.111111,2.19722
openml.org/t/9981,cnae-9,constantpredictor,6m_10F_2c_8GB,7,multiclass,-2.19722,neg_logloss,local,0.24.2,,2.0.5,2022-05-30T15:59:59,0.03,0.0003,6e-05,1,964188296,,0.111111,,0.111111,2.19722
openml.org/t/9981,cnae-9,constantpredictor,6m_10F_2c_8GB,8,multiclass,-2.19722,neg_logloss,local,0.24.2,,2.0.5,2022-05-30T15:59:59,0.03,0.0003,5e-05,1,964188297,,0.111111,,0.111111,2.19722
openml.org/t/9981,cnae-9,constantpredictor,6m_10F_2c_8GB,9,multiclass,-2.19722,neg_logloss,local,0.24.2,,2.0.5,2022-05-30T15:59:59,0.03,0.0003,5e-05,1,964188298,,0.111111,,0.111111,2.19722
openml.org/t/31,credit-g,constantpredictor,6m_10F_2c_8GB,0,binary,0.5,auc,local,0.24.2,,2.0.5,2022-05-30T16:00:00,0.05,0.0005,8e-05,1,964188289,,0.7,0.5,0.5,0.610864
openml.org/t/31,credit-g,constantpredictor,6m_10F_2c_8GB,1,binary,0.5,auc,local,0.24.2,,2.0.5,2022-05-30T16:00:00,0.06,0.0003,6e-05,1,964188290,,0.7,0.5,0.5,0.610864
openml.org/t/31,credit-g,constantpredictor,6m_10F_2c_8GB,2,binary,0.5,auc,local,0.24.2,,2.0.5,2022-05-30T16:00:00,0.03,0.0003,7e-05,1,964188291,,0.7,0.5,0.5,0.610864
openml.org/t/31,credit-g,constantpredictor,6m_10F_2c_8GB,3,binary,0.5,auc,local,0.24.2,,2.0.5,2022-05-30T16:00:00,0.09,0.0003,6e-05,1,964188292,,0.7,0.5,0.5,0.610864
openml.org/t/31,credit-g,constantpredictor,6m_10F_2c_8GB,4,binary,0.5,auc,local,0.24.2,,2.0.5,2022-05-30T16:00:00,0.05,0.0003,6e-05,1,964188293,,0.7,0.5,0.5,0.610864
openml.org/t/31,credit-g,constantpredictor,6m_10F_2c_8GB,5,binary,0.5,auc,local,0.24.2,,2.0.5,2022-05-30T16:00:01,0.04,0.0003,7e-05,1,964188294,,0.7,0.5,0.5,0.610864
openml.org/t/31,credit-g,constantpredictor,6m_10F_2c_8GB,6,binary,0.5,auc,local,0.24.2,,2.0.5,2022-05-30T16:00:01,0.03,0.0003,6e-05,1,964188295,,0.7,0.5,0.5,0.610864
openml.org/t/31,credit-g,constantpredictor,6m_10F_2c_8GB,7,binary,0.5,auc,local,0.24.2,,2.0.5,2022-05-30T16:00:01,0.04,0.0003,6e-05,1,964188296,,0.7,0.5,0.5,0.610864
openml.org/t/31,credit-g,constantpredictor,6m_10F_2c_8GB,8,binary,0.5,auc,local,0.24.2,,2.0.5,2022-05-30T16:00:01,0.05,0.0003,6e-05,1,964188297,,0.7,0.5,0.5,0.610864
openml.org/t/31,credit-g,constantpredictor,6m_10F_2c_8GB,9,binary,0.5,auc,local,0.24.2,,2.0.5,2022-05-30T16:00:01,0.03,0.0003,6e-05,1,964188298,,0.7,0.5,0.5,0.610864
openml.org/t/168909,dilbert,constantpredictor,6m_10F_2c_8GB,0,multiclass,-1.60913,neg_logloss,local,0.24.2,,2.0.5,2022-05-30T16:00:54,1.7,0.003,7e-05,1,964188289,,0.205,,0.2,1.60913
openml.org/t/168909,dilbert,constantpredictor,6m_10F_2c_8GB,1,multiclass,-1.60913,neg_logloss,local,0.24.2,,2.0.5,2022-05-30T16:00:56,1.7,0.003,9e-05,1,964188290,,0.205,,0.2,1.60913
openml.org/t/168909,dilbert,constantpredictor,6m_10F_2c_8GB,2,multiclass,-1.60913,neg_logloss,local,0.24.2,,2.0.5,2022-05-30T16:00:57,1.3,0.002,6e-05,1,964188291,,0.205,,0.2,1.60913
openml.org/t/168909,dilbert,constantpredictor,6m_10F_2c_8GB,3,multiclass,-1.60913,neg_logloss,local,0.24.2,,2.0.5,2022-05-30T16:00:58,0.7,0.004,0.0001,1,964188292,,0.205,,0.2,1.60913
openml.org/t/168909,dilbert,constantpredictor,6m_10F_2c_8GB,4,multiclass,-1.60911,neg_logloss,local,0.24.2,,2.0.5,2022-05-30T16:00:58,0.5,0.003,8e-05,1,964188293,,0.205,,0.2,1.60911
openml.org/t/168909,dilbert,constantpredictor,6m_10F_2c_8GB,5,multiclass,-1.60911,neg_logloss,local,0.24.2,,2.0.5,2022-05-30T16:00:59,0.8,0.002,8e-05,1,964188294,,0.205,,0.2,1.60911
openml.org/t/168909,dilbert,constantpredictor,6m_10F_2c_8GB,6,multiclass,-1.60911,neg_logloss,local,0.24.2,,2.0.5,2022-05-30T16:01:00,0.7,0.002,7e-05,1,964188295,,0.205,,0.2,1.60911
openml.org/t/168909,dilbert,constantpredictor,6m_10F_2c_8GB,7,multiclass,-1.60915,neg_logloss,local,0.24.2,,2.0.5,2022-05-30T16:01:00,0.6,0.003,7e-05,1,964188296,,0.205,,0.2,1.60915
openml.org/t/168909,dilbert,constantpredictor,6m_10F_2c_8GB,8,multiclass,-1.60915,neg_logloss,local,0.24.2,,2.0.5,2022-05-30T16:01:01,0.6,0.002,6e-05,1,964188297,,0.205,,0.2,1.60915
openml.org/t/168909,dilbert,constantpredictor,6m_10F_2c_8GB,9,multiclass,-1.60918,neg_logloss,local,0.24.2,,2.0.5,2022-05-30T16:01:01,0.5,0.002,6e-05,1,964188298,,0.204,,0.2,1.60918
openml.org/t/168910,fabert,constantpredictor,6m_10F_2c_8GB,0,multiclass,-1.87425,neg_logloss,local,0.24.2,,2.0.5,2022-05-30T16:01:26,0.4,0.002,0.0001,1,964188289,,0.234223,,0.142857,1.87425
openml.org/t/168910,fabert,constantpredictor,6m_10F_2c_8GB,1,multiclass,-1.87425,neg_logloss,local,0.24.2,,2.0.5,2022-05-30T16:01:26,0.4,0.002,6e-05,1,964188290,,0.234223,,0.142857,1.87425
openml.org/t/168910,fabert,constantpredictor,6m_10F_2c_8GB,2,multiclass,-1.87425,neg_logloss,local,0.24.2,,2.0.5,2022-05-30T16:01:26,0.3,0.002,7e-05,1,964188291,,0.234223,,0.142857,1.87425
openml.org/t/168910,fabert,constantpredictor,6m_10F_2c_8GB,3,multiclass,-1.87464,neg_logloss,local,0.24.2,,2.0.5,2022-05-30T16:01:27,0.5,0.002,6e-05,1,964188292,,0.23301,,0.142857,1.87464
openml.org/t/168910,fabert,constantpredictor,6m_10F_2c_8GB,4,multiclass,-1.87464,neg_logloss,local,0.24.2,,2.0.5,2022-05-30T16:01:27,0.3,0.003,7e-05,1,964188293,,0.23301,,0.142857,1.87464
openml.org/t/168910,fabert,constantpredictor,6m_10F_2c_8GB,5,multiclass,-1.87602,neg_logloss,local,0.24.2,,2.0.5,2022-05-30T16:01:27,0.4,0.002,8e-05,1,964188294,,0.23301,,0.142857,1.87602
openml.org/t/168910,fabert,constantpredictor,6m_10F_2c_8GB,6,multiclass,-1.8756,neg_logloss,local,0.24.2,,2.0.5,2022-05-30T16:01:28,0.4,0.002,7e-05,1,964188295,,0.234223,,0.142857,1.8756
openml.org/t/168910,fabert,constantpredictor,6m_10F_2c_8GB,7,multiclass,-1.87447,neg_logloss,local,0.24.2,,2.0.5,2022-05-30T16:01:28,0.3,0.002,7e-05,1,964188296,,0.234508,,0.142857,1.87447
openml.org/t/168910,fabert,constantpredictor,6m_10F_2c_8GB,8,multiclass,-1.87447,neg_logloss,local,0.24.2,,2.0.5,2022-05-30T16:01:29,0.6,0.002,7e-05,1,964188297,,0.234508,,0.142857,1.87447
openml.org/t/168910,fabert,constantpredictor,6m_10F_2c_8GB,9,multiclass,-1.87447,neg_logloss,local,0.24.2,,2.0.5,2022-05-30T16:01:29,0.5,0.002,7e-05,1,964188298,,0.234508,,0.142857,1.87447
openml.org/t/168911,jasmine,constantpredictor,6m_10F_2c_8GB,0,binary,0.5,auc,local,0.24.2,,2.0.5,2022-05-30T16:01:31,0.2,0.0008,7e-05,1,964188289,,0.498328,0.5,0.5,0.693148
openml.org/t/168911,jasmine,constantpredictor,6m_10F_2c_8GB,1,binary,0.5,auc,local,0.24.2,,2.0.5,2022-05-30T16:01:31,0.1,0.0007,6e-05,1,964188290,,0.498328,0.5,0.5,0.693148
openml.org/t/168911,jasmine,constantpredictor,6m_10F_2c_8GB,2,binary,0.5,auc,local,0.24.2,,2.0.5,2022-05-30T16:01:31,0.1,0.0007,6e-05,1,964188291,,0.498328,0.5,0.5,0.693148
openml.org/t/168911,jasmine,constantpredictor,6m_10F_2c_8GB,3,binary,0.5,auc,local,0.24.2,,2.0.5,2022-05-30T16:01:31,0.1,0.0008,6e-05,1,964188292,,0.498328,0.5,0.5,0.693148
openml.org/t/168911,jasmine,constantpredictor,6m_10F_2c_8GB,4,binary,0.5,auc,local,0.24.2,,2.0.5,2022-05-30T16:01:31,0.1,0.0008,6e-05,1,964188293,,0.5,0.5,0.5,0.693147
openml.org/t/168911,jasmine,constantpredictor,6m_10F_2c_8GB,5,binary,0.5,auc,local,0.24.2,,2.0.5,2022-05-30T16:01:32,0.1,0.0007,6e-05,1,964188294,,0.5,0.5,0.5,0.693147
openml.org/t/168911,jasmine,constantpredictor,6m_10F_2c_8GB,6,binary,0.5,auc,local,0.24.2,,2.0.5,2022-05-30T16:01:32,0.1,0.0007,6e-05,1,964188295,,0.5,0.5,0.5,0.693147
openml.org/t/168911,jasmine,constantpredictor,6m_10F_2c_8GB,7,binary,0.5,auc,local,0.24.2,,2.0.5,2022-05-30T16:01:32,0.1,0.0007,6e-05,1,964188296,,0.5,0.5,0.5,0.693147
openml.org/t/168911,jasmine,constantpredictor,6m_10F_2c_8GB,8,binary,0.5,auc,local,0.24.2,,2.0.5,2022-05-30T16:01:32,0.1,0.0007,6e-05,1,964188297,,0.5,0.5,0.5,0.693147
openml.org/t/168911,jasmine,constantpredictor,6m_10F_2c_8GB,9,binary,0.5,auc,local,0.24.2,,2.0.5,2022-05-30T16:01:32,0.1,0.0007,6e-05,1,964188298,,0.5,0.5,0.5,0.693147
openml.org/t/3917,kc1,constantpredictor,6m_10F_2c_8GB,0,binary,0.5,auc,local,0.24.2,,2.0.5,2022-05-30T16:01:34,0.03,0.0002,6e-05,1,964188289,,0.848341,0.5,0.5,0.425616
openml.org/t/3917,kc1,constantpredictor,6m_10F_2c_8GB,1,binary,0.5,auc,local,0.24.2,,2.0.5,2022-05-30T16:01:34,0.02,0.0002,5e-05,1,964188290,,0.848341,0.5,0.5,0.425616
openml.org/t/3917,kc1,constantpredictor,6m_10F_2c_8GB,2,binary,0.5,auc,local,0.24.2,,2.0.5,2022-05-30T16:01:34,0.02,0.0002,5e-05,1,964188291,,0.848341,0.5,0.5,0.425616
openml.org/t/3917,kc1,constantpredictor,6m_10F_2c_8GB,3,binary,0.5,auc,local,0.24.2,,2.0.5,2022-05-30T16:01:34,0.02,0.0002,5e-05,1,964188292,,0.843602,0.5,0.5,0.433664
openml.org/t/3917,kc1,constantpredictor,6m_10F_2c_8GB,4,binary,0.5,auc,local,0.24.2,,2.0.5,2022-05-30T16:01:34,0.02,0.0002,5e-05,1,964188293,,0.843602,0.5,0.5,0.433664
openml.org/t/3917,kc1,constantpredictor,6m_10F_2c_8GB,5,binary,0.5,auc,local,0.24.2,,2.0.5,2022-05-30T16:01:34,0.02,0.0002,5e-05,1,964188294,,0.843602,0.5,0.5,0.433664
openml.org/t/3917,kc1,constantpredictor,6m_10F_2c_8GB,6,binary,0.5,auc,local,0.24.2,,2.0.5,2022-05-30T16:01:34,0.02,0.0001,5e-05,1,964188295,,0.843602,0.5,0.5,0.433664
openml.org/t/3917,kc1,constantpredictor,6m_10F_2c_8GB,7,binary,0.5,auc,local,0.24.2,,2.0.5,2022-05-30T16:01:34,0.02,0.0001,5e-05,1,964188296,,0.843602,0.5,0.5,0.433664
openml.org/t/3917,kc1,constantpredictor,6m_10F_2c_8GB,8,binary,0.5,auc,local,0.24.2,,2.0.5,2022-05-30T16:01:34,0.02,0.0002,5e-05,1,964188297,,0.843602,0.5,0.5,0.433664
openml.org/t/3917,kc1,constantpredictor,6m_10F_2c_8GB,9,binary,0.5,auc,local,0.24.2,,2.0.5,2022-05-30T16:01:34,0.02,0.0002,5e-05,1,964188298,,0.847619,0.5,0.5,0.42684
openml.org/t/3,kr-vs-kp,constantpredictor,6m_10F_2c_8GB,0,binary,0.5,auc,local,0.24.2,,2.0.5,2022-05-30T16:01:35,0.06,0.0008,6e-05,1,964188289,,0.521875,0.5,0.5,0.69219
openml.org/t/3,kr-vs-kp,constantpredictor,6m_10F_2c_8GB,1,binary,0.5,auc,local,0.24.2,,2.0.5,2022-05-30T16:01:35,0.04,0.0008,6e-05,1,964188290,,0.521875,0.5,0.5,0.69219
openml.org/t/3,kr-vs-kp,constantpredictor,6m_10F_2c_8GB,2,binary,0.5,auc,local,0.24.2,,2.0.5,2022-05-30T16:01:35,0.04,0.0008,6e-05,1,964188291,,0.521875,0.5,0.5,0.69219
openml.org/t/3,kr-vs-kp,constantpredictor,6m_10F_2c_8GB,3,binary,0.5,auc,local,0.24.2,,2.0.5,2022-05-30T16:01:35,0.04,0.0008,6e-05,1,964188292,,0.521875,0.5,0.5,0.69219
openml.org/t/3,kr-vs-kp,constantpredictor,6m_10F_2c_8GB,4,binary,0.5,auc,local,0.24.2,,2.0.5,2022-05-30T16:01:35,0.04,0.0008,6e-05,1,964188293,,0.521875,0.5,0.5,0.69219
openml.org/t/3,kr-vs-kp,constantpredictor,6m_10F_2c_8GB,5,binary,0.5,auc,local,0.24.2,,2.0.5,2022-05-30T16:01:35,0.04,0.0009,6e-05,1,964188294,,0.521875,0.5,0.5,0.69219
openml.org/t/3,kr-vs-kp,constantpredictor,6m_10F_2c_8GB,6,binary,0.5,auc,local,0.24.2,,2.0.5,2022-05-30T16:01:36,0.04,0.0008,7e-05,1,964188295,,0.520376,0.5,0.5,0.692325
openml.org/t/3,kr-vs-kp,constantpredictor,6m_10F_2c_8GB,7,binary,0.5,auc,local,0.24.2,,2.0.5,2022-05-30T16:01:36,0.04,0.0008,6e-05,1,964188296,,0.523511,0.5,0.5,0.692045
openml.org/t/3,kr-vs-kp,constantpredictor,6m_10F_2c_8GB,8,binary,0.5,auc,local,0.24.2,,2.0.5,2022-05-30T16:01:36,0.04,0.0008,6e-05,1,964188297,,0.523511,0.5,0.5,0.692045
openml.org/t/3,kr-vs-kp,constantpredictor,6m_10F_2c_8GB,9,binary,0.5,auc,local,0.24.2,,2.0.5,2022-05-30T16:01:36,0.04,0.0007,6e-05,1,964188298,,0.523511,0.5,0.5,0.692045
openml.org/t/12,mfeat-factors,constantpredictor,6m_10F_2c_8GB,0,multiclass,-2.30259,neg_logloss,local,0.24.2,,2.0.5,2022-05-30T16:01:38,0.05,0.0005,6e-05,1,964188289,,0.1,,0.1,2.30259
openml.org/t/12,mfeat-factors,constantpredictor,6m_10F_2c_8GB,1,multiclass,-2.30259,neg_logloss,local,0.24.2,,2.0.5,2022-05-30T16:01:38,0.03,0.0005,6e-05,1,964188290,,0.1,,0.1,2.30259
openml.org/t/12,mfeat-factors,constantpredictor,6m_10F_2c_8GB,2,multiclass,-2.30259,neg_logloss,local,0.24.2,,2.0.5,2022-05-30T16:01:38,0.03,0.0005,6e-05,1,964188291,,0.1,,0.1,2.30259
openml.org/t/12,mfeat-factors,constantpredictor,6m_10F_2c_8GB,3,multiclass,-2.30259,neg_logloss,local,0.24.2,,2.0.5,2022-05-30T16:01:38,0.03,0.0005,6e-05,1,964188292,,0.1,,0.1,2.30259
openml.org/t/12,mfeat-factors,constantpredictor,6m_10F_2c_8GB,4,multiclass,-2.30259,neg_logloss,local,0.24.2,,2.0.5,2022-05-30T16:01:38,0.03,0.0005,6e-05,1,964188293,,0.1,,0.1,2.30259
openml.org/t/12,mfeat-factors,constantpredictor,6m_10F_2c_8GB,5,multiclass,-2.30259,neg_logloss,local,0.24.2,,2.0.5,2022-05-30T16:01:38,0.03,0.0005,6e-05,1,964188294,,0.1,,0.1,2.30259
openml.org/t/12,mfeat-factors,constantpredictor,6m_10F_2c_8GB,6,multiclass,-2.30259,neg_logloss,local,0.24.2,,2.0.5,2022-05-30T16:01:38,0.03,0.0005,6e-05,1,964188295,,0.1,,0.1,2.30259
openml.org/t/12,mfeat-factors,constantpredictor,6m_10F_2c_8GB,7,multiclass,-2.30259,neg_logloss,local,0.24.2,,2.0.5,2022-05-30T16:01:38,0.03,0.0005,6e-05,1,964188296,,0.1,,0.1,2.30259
openml.org/t/12,mfeat-factors,constantpredictor,6m_10F_2c_8GB,8,multiclass,-2.30259,neg_logloss,local,0.24.2,,2.0.5,2022-05-30T16:01:38,0.03,0.0005,6e-05,1,964188297,,0.1,,0.1,2.30259
openml.org/t/12,mfeat-factors,constantpredictor,6m_10F_2c_8GB,9,multiclass,-2.30259,neg_logloss,local,0.24.2,,2.0.5,2022-05-30T16:01:38,0.03,0.0005,6e-05,1,964188298,,0.1,,0.1,2.30259
openml.org/t/9952,phoneme,constantpredictor,6m_10F_2c_8GB,0,binary,0.5,auc,local,0.24.2,,2.0.5,2022-05-30T16:01:40,0.02,0.001,6e-05,1,964188289,,0.7061,0.5,0.5,0.605608
openml.org/t/9952,phoneme,constantpredictor,6m_10F_2c_8GB,1,binary,0.5,auc,local,0.24.2,,2.0.5,2022-05-30T16:01:40,0.02,0.001,7e-05,1,964188290,,0.7061,0.5,0.5,0.605608
openml.org/t/9952,phoneme,constantpredictor,6m_10F_2c_8GB,2,binary,0.5,auc,local,0.24.2,,2.0.5,2022-05-30T16:01:40,0.02,0.001,6e-05,1,964188291,,0.7061,0.5,0.5,0.605608
openml.org/t/9952,phoneme,constantpredictor,6m_10F_2c_8GB,3,binary,0.5,auc,local,0.24.2,,2.0.5,2022-05-30T16:01:40,0.02,0.001,8e-05,1,964188292,,0.7061,0.5,0.5,0.605608
openml.org/t/9952,phoneme,constantpredictor,6m_10F_2c_8GB,4,binary,0.5,auc,local,0.24.2,,2.0.5,2022-05-30T16:01:40,0.02,0.001,6e-05,1,964188293,,0.707407,0.5,0.5,0.604459
openml.org/t/9952,phoneme,constantpredictor,6m_10F_2c_8GB,5,binary,0.5,auc,local,0.24.2,,2.0.5,2022-05-30T16:01:40,0.02,0.001,6e-05,1,964188294,,0.707407,0.5,0.5,0.604459
openml.org/t/9952,phoneme,constantpredictor,6m_10F_2c_8GB,6,binary,0.5,auc,local,0.24.2,,2.0.5,2022-05-30T16:01:40,0.02,0.001,6e-05,1,964188295,,0.707407,0.5,0.5,0.604459
openml.org/t/9952,phoneme,constantpredictor,6m_10F_2c_8GB,7,binary,0.5,auc,local,0.24.2,,2.0.5,2022-05-30T16:01:40,0.02,0.001,6e-05,1,964188296,,0.707407,0.5,0.5,0.604459
openml.org/t/9952,phoneme,constantpredictor,6m_10F_2c_8GB,8,binary,0.5,auc,local,0.24.2,,2.0.5,2022-05-30T16:01:40,0.02,0.001,6e-05,1,964188297,,0.705556,0.5,0.5,0.606086
openml.org/t/9952,phoneme,constantpredictor,6m_10F_2c_8GB,9,binary,0.5,auc,local,0.24.2,,2.0.5,2022-05-30T16:01:40,0.02,0.001,7e-05,1,964188298,,0.705556,0.5,0.5,0.606086
openml.org/t/146822,segment,constantpredictor,6m_10F_2c_8GB,0,multiclass,-1.94591,neg_logloss,local,0.24.2,,2.0.5,2022-05-30T16:01:42,0.03,0.0006,5e-05,1,964188289,,0.142857,,0.142857,1.94591
openml.org/t/146822,segment,constantpredictor,6m_10F_2c_8GB,1,multiclass,-1.94591,neg_logloss,local,0.24.2,,2.0.5,2022-05-30T16:01:42,0.02,0.0006,5e-05,1,964188290,,0.142857,,0.142857,1.94591
openml.org/t/146822,segment,constantpredictor,6m_10F_2c_8GB,2,multiclass,-1.94591,neg_logloss,local,0.24.2,,2.0.5,2022-05-30T16:01:42,0.02,0.0006,5e-05,1,964188291,,0.142857,,0.142857,1.94591
openml.org/t/146822,segment,constantpredictor,6m_10F_2c_8GB,3,multiclass,-1.94591,neg_logloss,local,0.24.2,,2.0.5,2022-05-30T16:01:42,0.02,0.0006,5e-05,1,964188292,,0.142857,,0.142857,1.94591
openml.org/t/146822,segment,constantpredictor,6m_10F_2c_8GB,4,multiclass,-1.94591,neg_logloss,local,0.24.2,,2.0.5,2022-05-30T16:01:42,0.02,0.0006,5e-05,1,964188293,,0.142857,,0.142857,1.94591
openml.org/t/146822,segment,constantpredictor,6m_10F_2c_8GB,5,multiclass,-1.94591,neg_logloss,local,0.24.2,,2.0.5,2022-05-30T16:01:42,0.02,0.0006,6e-05,1,964188294,,0.142857,,0.142857,1.94591
openml.org/t/146822,segment,constantpredictor,6m_10F_2c_8GB,6,multiclass,-1.94591,neg_logloss,local,0.24.2,,2.0.5,2022-05-30T16:01:42,0.02,0.0006,5e-05,1,964188295,,0.142857,,0.142857,1.94591
openml.org/t/146822,segment,constantpredictor,6m_10F_2c_8GB,7,multiclass,-1.94591,neg_logloss,local,0.24.2,,2.0.5,2022-05-30T16:01:42,0.02,0.0009,6e-05,1,964188296,,0.142857,,0.142857,1.94591
openml.org/t/146822,segment,constantpredictor,6m_10F_2c_8GB,8,multiclass,-1.94591,neg_logloss,local,0.24.2,,2.0.5,2022-05-30T16:01:42,0.02,0.0006,5e-05,1,964188297,,0.142857,,0.142857,1.94591
openml.org/t/146822,segment,constantpredictor,6m_10F_2c_8GB,9,multiclass,-1.94591,neg_logloss,local,0.24.2,,2.0.5,2022-05-30T16:01:42,0.02,0.0006,5e-05,1,964188298,,0.142857,,0.142857,1.94591
openml.org/t/168912,sylvine,constantpredictor,6m_10F_2c_8GB,0,binary,0.5,auc,local,0.24.2,,2.0.5,2022-05-30T16:01:47,0.04,0.001,7e-05,1,964188289,,0.499025,0.5,0.5,0.693148
openml.org/t/168912,sylvine,constantpredictor,6m_10F_2c_8GB,1,binary,0.5,auc,local,0.24.2,,2.0.5,2022-05-30T16:01:47,0.02,0.001,6e-05,1,964188290,,0.499025,0.5,0.5,0.693148
openml.org/t/168912,sylvine,constantpredictor,6m_10F_2c_8GB,2,binary,0.5,auc,local,0.24.2,,2.0.5,2022-05-30T16:01:47,0.02,0.001,6e-05,1,964188291,,0.499025,0.5,0.5,0.693148
openml.org/t/168912,sylvine,constantpredictor,6m_10F_2c_8GB,3,binary,0.5,auc,local,0.24.2,,2.0.5,2022-05-30T16:01:47,0.02,0.001,6e-05,1,964188292,,0.499025,0.5,0.5,0.693148
openml.org/t/168912,sylvine,constantpredictor,6m_10F_2c_8GB,4,binary,0.5,auc,local,0.24.2,,2.0.5,2022-05-30T16:01:47,0.02,0.001,6e-05,1,964188293,,0.5,0.5,0.5,0.693147
openml.org/t/168912,sylvine,constantpredictor,6m_10F_2c_8GB,5,binary,0.5,auc,local,0.24.2,,2.0.5,2022-05-30T16:01:47,0.02,0.001,7e-05,1,964188294,,0.5,0.5,0.5,0.693147
openml.org/t/168912,sylvine,constantpredictor,6m_10F_2c_8GB,6,binary,0.5,auc,local,0.24.2,,2.0.5,2022-05-30T16:01:47,0.02,0.001,7e-05,1,964188295,,0.5,0.5,0.5,0.693147
openml.org/t/168912,sylvine,constantpredictor,6m_10F_2c_8GB,7,binary,0.5,auc,local,0.24.2,,2.0.5,2022-05-30T16:01:47,0.02,0.001,6e-05,1,964188296,,0.5,0.5,0.5,0.693147
openml.org/t/168912,sylvine,constantpredictor,6m_10F_2c_8GB,8,binary,0.5,auc,local,0.24.2,,2.0.5,2022-05-30T16:01:47,0.02,0.001,6e-05,1,964188297,,0.5,0.5,0.5,0.693147
openml.org/t/168912,sylvine,constantpredictor,6m_10F_2c_8GB,9,binary,0.5,auc,local,0.24.2,,2.0.5,2022-05-30T16:01:47,0.02,0.001,6e-05,1,964188298,,0.5,0.5,0.5,0.693147
openml.org/t/53,vehicle,constantpredictor,6m_10F_2c_8GB,0,multiclass,-1.38557,neg_logloss,local,0.24.2,,2.0.5,2022-05-30T16:01:50,0.03,0.0004,8e-05,1,964188289,,0.258824,,0.25,1.38557
openml.org/t/53,vehicle,constantpredictor,6m_10F_2c_8GB,1,multiclass,-1.38557,neg_logloss,local,0.24.2,,2.0.5,2022-05-30T16:01:50,0.02,0.0003,6e-05,1,964188290,,0.258824,,0.25,1.38557
openml.org/t/53,vehicle,constantpredictor,6m_10F_2c_8GB,2,multiclass,-1.38557,neg_logloss,local,0.24.2,,2.0.5,2022-05-30T16:01:50,0.02,0.0003,6e-05,1,964188291,,0.258824,,0.25,1.38557
openml.org/t/53,vehicle,constantpredictor,6m_10F_2c_8GB,3,multiclass,-1.38557,neg_logloss,local,0.24.2,,2.0.5,2022-05-30T16:01:50,0.02,0.0003,6e-05,1,964188292,,0.258824,,0.25,1.38557
openml.org/t/53,vehicle,constantpredictor,6m_10F_2c_8GB,4,multiclass,-1.38557,neg_logloss,local,0.24.2,,2.0.5,2022-05-30T16:01:50,0.02,0.0003,6e-05,1,964188293,,0.258824,,0.25,1.38557
openml.org/t/53,vehicle,constantpredictor,6m_10F_2c_8GB,5,multiclass,-1.38557,neg_logloss,local,0.24.2,,2.0.5,2022-05-30T16:01:50,0.02,0.0003,6e-05,1,964188294,,0.258824,,0.25,1.38557
openml.org/t/53,vehicle,constantpredictor,6m_10F_2c_8GB,6,multiclass,-1.3853,neg_logloss,local,0.24.2,,2.0.5,2022-05-30T16:01:50,0.02,0.0003,6e-05,1,964188295,,0.25,,0.25,1.3853
openml.org/t/53,vehicle,constantpredictor,6m_10F_2c_8GB,7,multiclass,-1.3863,neg_logloss,local,0.24.2,,2.0.5,2022-05-30T16:01:51,0.02,0.0003,6e-05,1,964188296,,0.25,,0.25,1.3863
openml.org/t/53,vehicle,constantpredictor,6m_10F_2c_8GB,8,multiclass,-1.38589,neg_logloss,local,0.24.2,,2.0.5,2022-05-30T16:01:51,0.02,0.0003,6e-05,1,964188297,,0.261905,,0.25,1.38589
openml.org/t/53,vehicle,constantpredictor,6m_10F_2c_8GB,9,multiclass,-1.38589,neg_logloss,local,0.24.2,,2.0.5,2022-05-30T16:01:51,0.02,0.0003,6e-05,1,964188298,,0.261905,,0.25,1.38589
