id,task,framework,constraint,fold,type,result,metric,mode,version,params,app_version,utc,duration,training_duration,predict_duration,models_count,seed,info,acc,auc,balacc,logloss
openml.org/t/146818,Australian,flaml,6m_10F_2c_8GB,0,binary,,auc,local,1.0.3,,2.0.5,2022-06-01T12:41:42,362.2,,,,1470470997,CalledProcessError: Command '/plx-context/artifacts/automl/frameworks/flaml/venv/bin/python -W ignore /plx-context/artifacts/automl/frameworks/flaml/exec.py' returned non-zero exit status 1.,,,,
openml.org/t/146818,Australian,flaml,6m_10F_2c_8GB,1,binary,,auc,local,1.0.3,,2.0.5,2022-06-01T12:47:44,361.8,,,,1470470998,CalledProcessError: Command '/plx-context/artifacts/automl/frameworks/flaml/venv/bin/python -W ignore /plx-context/artifacts/automl/frameworks/flaml/exec.py' returned non-zero exit status 1.,,,,
openml.org/t/146818,Australian,flaml,6m_10F_2c_8GB,2,binary,,auc,local,1.0.3,,2.0.5,2022-06-01T12:53:46,361.7,,,,1470470999,CalledProcessError: Command '/plx-context/artifacts/automl/frameworks/flaml/venv/bin/python -W ignore /plx-context/artifacts/automl/frameworks/flaml/exec.py' returned non-zero exit status 1.,,,,
openml.org/t/146818,Australian,flaml,6m_10F_2c_8GB,3,binary,,auc,local,1.0.3,,2.0.5,2022-06-01T12:59:47,361.7,,,,1470471000,CalledProcessError: Command '/plx-context/artifacts/automl/frameworks/flaml/venv/bin/python -W ignore /plx-context/artifacts/automl/frameworks/flaml/exec.py' returned non-zero exit status 1.,,,,
openml.org/t/146818,Australian,flaml,6m_10F_2c_8GB,4,binary,,auc,local,1.0.3,,2.0.5,2022-06-01T13:05:49,362.0,,,,1470471001,CalledProcessError: Command '/plx-context/artifacts/automl/frameworks/flaml/venv/bin/python -W ignore /plx-context/artifacts/automl/frameworks/flaml/exec.py' returned non-zero exit status 1.,,,,
openml.org/t/146818,Australian,flaml,6m_10F_2c_8GB,5,binary,,auc,local,1.0.3,,2.0.5,2022-06-01T13:11:51,361.7,,,,1470471002,CalledProcessError: Command '/plx-context/artifacts/automl/frameworks/flaml/venv/bin/python -W ignore /plx-context/artifacts/automl/frameworks/flaml/exec.py' returned non-zero exit status 1.,,,,
openml.org/t/146818,Australian,flaml,6m_10F_2c_8GB,6,binary,,auc,local,1.0.3,,2.0.5,2022-06-01T13:17:53,362.2,,,,1470471003,CalledProcessError: Command '/plx-context/artifacts/automl/frameworks/flaml/venv/bin/python -W ignore /plx-context/artifacts/automl/frameworks/flaml/exec.py' returned non-zero exit status 1.,,,,
openml.org/t/146818,Australian,flaml,6m_10F_2c_8GB,7,binary,,auc,local,1.0.3,,2.0.5,2022-06-01T13:23:55,362.0,,,,1470471004,CalledProcessError: Command '/plx-context/artifacts/automl/frameworks/flaml/venv/bin/python -W ignore /plx-context/artifacts/automl/frameworks/flaml/exec.py' returned non-zero exit status 1.,,,,
openml.org/t/146818,Australian,flaml,6m_10F_2c_8GB,8,binary,,auc,local,1.0.3,,2.0.5,2022-06-01T13:29:57,361.8,,,,1470471005,CalledProcessError: Command '/plx-context/artifacts/automl/frameworks/flaml/venv/bin/python -W ignore /plx-context/artifacts/automl/frameworks/flaml/exec.py' returned non-zero exit status 1.,,,,
openml.org/t/146818,Australian,flaml,6m_10F_2c_8GB,9,binary,,auc,local,1.0.3,,2.0.5,2022-06-01T13:35:59,361.6,,,,1470471006,CalledProcessError: Command '/plx-context/artifacts/automl/frameworks/flaml/venv/bin/python -W ignore /plx-context/artifacts/automl/frameworks/flaml/exec.py' returned non-zero exit status 1.,,,,
openml.org/t/10101,blood-transfusion,flaml,6m_10F_2c_8GB,0,binary,,auc,local,1.0.3,,2.0.5,2022-06-01T13:42:03,361.9,,,,1470470997,CalledProcessError: Command '/plx-context/artifacts/automl/frameworks/flaml/venv/bin/python -W ignore /plx-context/artifacts/automl/frameworks/flaml/exec.py' returned non-zero exit status 1.,,,,
openml.org/t/10101,blood-transfusion,flaml,6m_10F_2c_8GB,1,binary,,auc,local,1.0.3,,2.0.5,2022-06-01T13:48:05,361.7,,,,1470470998,CalledProcessError: Command '/plx-context/artifacts/automl/frameworks/flaml/venv/bin/python -W ignore /plx-context/artifacts/automl/frameworks/flaml/exec.py' returned non-zero exit status 1.,,,,
openml.org/t/10101,blood-transfusion,flaml,6m_10F_2c_8GB,2,binary,,auc,local,1.0.3,,2.0.5,2022-06-01T13:54:06,361.7,,,,1470470999,CalledProcessError: Command '/plx-context/artifacts/automl/frameworks/flaml/venv/bin/python -W ignore /plx-context/artifacts/automl/frameworks/flaml/exec.py' returned non-zero exit status 1.,,,,
openml.org/t/10101,blood-transfusion,flaml,6m_10F_2c_8GB,3,binary,,auc,local,1.0.3,,2.0.5,2022-06-01T14:00:09,362.0,,,,1470471000,CalledProcessError: Command '/plx-context/artifacts/automl/frameworks/flaml/venv/bin/python -W ignore /plx-context/artifacts/automl/frameworks/flaml/exec.py' returned non-zero exit status 1.,,,,
openml.org/t/10101,blood-transfusion,flaml,6m_10F_2c_8GB,4,binary,,auc,local,1.0.3,,2.0.5,2022-06-01T14:06:10,361.5,,,,1470471001,CalledProcessError: Command '/plx-context/artifacts/automl/frameworks/flaml/venv/bin/python -W ignore /plx-context/artifacts/automl/frameworks/flaml/exec.py' returned non-zero exit status 1.,,,,
openml.org/t/10101,blood-transfusion,flaml,6m_10F_2c_8GB,5,binary,,auc,local,1.0.3,,2.0.5,2022-06-01T14:12:12,361.6,,,,1470471002,CalledProcessError: Command '/plx-context/artifacts/automl/frameworks/flaml/venv/bin/python -W ignore /plx-context/artifacts/automl/frameworks/flaml/exec.py' returned non-zero exit status 1.,,,,
openml.org/t/10101,blood-transfusion,flaml,6m_10F_2c_8GB,6,binary,,auc,local,1.0.3,,2.0.5,2022-06-01T14:18:13,361.7,,,,1470471003,CalledProcessError: Command '/plx-context/artifacts/automl/frameworks/flaml/venv/bin/python -W ignore /plx-context/artifacts/automl/frameworks/flaml/exec.py' returned non-zero exit status 1.,,,,
openml.org/t/10101,blood-transfusion,flaml,6m_10F_2c_8GB,7,binary,,auc,local,1.0.3,,2.0.5,2022-06-01T14:24:15,361.5,,,,1470471004,CalledProcessError: Command '/plx-context/artifacts/automl/frameworks/flaml/venv/bin/python -W ignore /plx-context/artifacts/automl/frameworks/flaml/exec.py' returned non-zero exit status 1.,,,,
openml.org/t/10101,blood-transfusion,flaml,6m_10F_2c_8GB,8,binary,,auc,local,1.0.3,,2.0.5,2022-06-01T14:30:16,361.5,,,,1470471005,CalledProcessError: Command '/plx-context/artifacts/automl/frameworks/flaml/venv/bin/python -W ignore /plx-context/artifacts/automl/frameworks/flaml/exec.py' returned non-zero exit status 1.,,,,
openml.org/t/10101,blood-transfusion,flaml,6m_10F_2c_8GB,9,binary,,auc,local,1.0.3,,2.0.5,2022-06-01T14:36:18,361.5,,,,1470471006,CalledProcessError: Command '/plx-context/artifacts/automl/frameworks/flaml/venv/bin/python -W ignore /plx-context/artifacts/automl/frameworks/flaml/exec.py' returned non-zero exit status 1.,,,,
openml.org/t/146821,car,flaml,6m_10F_2c_8GB,0,multiclass,,neg_logloss,local,1.0.3,,2.0.5,2022-06-01T14:42:27,361.2,,,,1470470997,CalledProcessError: Command '/plx-context/artifacts/automl/frameworks/flaml/venv/bin/python -W ignore /plx-context/artifacts/automl/frameworks/flaml/exec.py' returned non-zero exit status 1.,,,,
openml.org/t/146821,car,flaml,6m_10F_2c_8GB,1,multiclass,,neg_logloss,local,1.0.3,,2.0.5,2022-06-01T14:48:30,363.3,,,,1470470998,CalledProcessError: Command '/plx-context/artifacts/automl/frameworks/flaml/venv/bin/python -W ignore /plx-context/artifacts/automl/frameworks/flaml/exec.py' returned non-zero exit status 1.,,,,
openml.org/t/146821,car,flaml,6m_10F_2c_8GB,2,multiclass,,neg_logloss,local,1.0.3,,2.0.5,2022-06-01T14:54:32,361.5,,,,1470470999,CalledProcessError: Command '/plx-context/artifacts/automl/frameworks/flaml/venv/bin/python -W ignore /plx-context/artifacts/automl/frameworks/flaml/exec.py' returned non-zero exit status 1.,,,,
openml.org/t/146821,car,flaml,6m_10F_2c_8GB,3,multiclass,,neg_logloss,local,1.0.3,,2.0.5,2022-06-01T15:00:33,361.5,,,,1470471000,CalledProcessError: Command '/plx-context/artifacts/automl/frameworks/flaml/venv/bin/python -W ignore /plx-context/artifacts/automl/frameworks/flaml/exec.py' returned non-zero exit status 1.,,,,
openml.org/t/146821,car,flaml,6m_10F_2c_8GB,4,multiclass,,neg_logloss,local,1.0.3,,2.0.5,2022-06-01T15:06:35,361.5,,,,1470471001,CalledProcessError: Command '/plx-context/artifacts/automl/frameworks/flaml/venv/bin/python -W ignore /plx-context/artifacts/automl/frameworks/flaml/exec.py' returned non-zero exit status 1.,,,,
openml.org/t/146821,car,flaml,6m_10F_2c_8GB,5,multiclass,,neg_logloss,local,1.0.3,,2.0.5,2022-06-01T15:12:36,361.5,,,,1470471002,CalledProcessError: Command '/plx-context/artifacts/automl/frameworks/flaml/venv/bin/python -W ignore /plx-context/artifacts/automl/frameworks/flaml/exec.py' returned non-zero exit status 1.,,,,
openml.org/t/146821,car,flaml,6m_10F_2c_8GB,6,multiclass,,neg_logloss,local,1.0.3,,2.0.5,2022-06-01T15:18:39,362.1,,,,1470471003,CalledProcessError: Command '/plx-context/artifacts/automl/frameworks/flaml/venv/bin/python -W ignore /plx-context/artifacts/automl/frameworks/flaml/exec.py' returned non-zero exit status 1.,,,,
openml.org/t/146821,car,flaml,6m_10F_2c_8GB,7,multiclass,,neg_logloss,local,1.0.3,,2.0.5,2022-06-01T15:24:40,361.3,,,,1470471004,CalledProcessError: Command '/plx-context/artifacts/automl/frameworks/flaml/venv/bin/python -W ignore /plx-context/artifacts/automl/frameworks/flaml/exec.py' returned non-zero exit status 1.,,,,
openml.org/t/146821,car,flaml,6m_10F_2c_8GB,8,multiclass,,neg_logloss,local,1.0.3,,2.0.5,2022-06-01T15:30:41,361.5,,,,1470471005,CalledProcessError: Command '/plx-context/artifacts/automl/frameworks/flaml/venv/bin/python -W ignore /plx-context/artifacts/automl/frameworks/flaml/exec.py' returned non-zero exit status 1.,,,,
openml.org/t/146821,car,flaml,6m_10F_2c_8GB,9,multiclass,,neg_logloss,local,1.0.3,,2.0.5,2022-06-01T15:36:43,361.5,,,,1470471006,CalledProcessError: Command '/plx-context/artifacts/automl/frameworks/flaml/venv/bin/python -W ignore /plx-context/artifacts/automl/frameworks/flaml/exec.py' returned non-zero exit status 1.,,,,
openml.org/t/168908,christine,flaml,6m_10F_2c_8GB,0,binary,,auc,local,1.0.3,,2.0.5,2022-06-01T15:44:15,442.1,,,,1470470997,CalledProcessError: Command '/plx-context/artifacts/automl/frameworks/flaml/venv/bin/python -W ignore /plx-context/artifacts/automl/frameworks/flaml/exec.py' returned non-zero exit status 1.,,,,
openml.org/t/168908,christine,flaml,6m_10F_2c_8GB,1,binary,,auc,local,1.0.3,,2.0.5,2022-06-01T15:50:45,390.6,,,,1470470998,CalledProcessError: Command '/plx-context/artifacts/automl/frameworks/flaml/venv/bin/python -W ignore /plx-context/artifacts/automl/frameworks/flaml/exec.py' returned non-zero exit status 1.,,,,
openml.org/t/168908,christine,flaml,6m_10F_2c_8GB,2,binary,,auc,local,1.0.3,,2.0.5,2022-06-01T15:57:07,381.5,,,,1470470999,CalledProcessError: Command '/plx-context/artifacts/automl/frameworks/flaml/venv/bin/python -W ignore /plx-context/artifacts/automl/frameworks/flaml/exec.py' returned non-zero exit status 1.,,,,
openml.org/t/168908,christine,flaml,6m_10F_2c_8GB,3,binary,,auc,local,1.0.3,,2.0.5,2022-06-01T16:04:31,444.1,,,,1470471000,CalledProcessError: Command '/plx-context/artifacts/automl/frameworks/flaml/venv/bin/python -W ignore /plx-context/artifacts/automl/frameworks/flaml/exec.py' returned non-zero exit status 1.,,,,
openml.org/t/168908,christine,flaml,6m_10F_2c_8GB,4,binary,,auc,local,1.0.3,,2.0.5,2022-06-01T16:10:52,380.8,,,,1470471001,CalledProcessError: Command '/plx-context/artifacts/automl/frameworks/flaml/venv/bin/python -W ignore /plx-context/artifacts/automl/frameworks/flaml/exec.py' returned non-zero exit status 1.,,,,
openml.org/t/168908,christine,flaml,6m_10F_2c_8GB,5,binary,,auc,local,1.0.3,,2.0.5,2022-06-01T16:17:22,389.7,,,,1470471002,CalledProcessError: Command '/plx-context/artifacts/automl/frameworks/flaml/venv/bin/python -W ignore /plx-context/artifacts/automl/frameworks/flaml/exec.py' returned non-zero exit status 1.,,,,
openml.org/t/168908,christine,flaml,6m_10F_2c_8GB,6,binary,,auc,local,1.0.3,,2.0.5,2022-06-01T16:24:58,456.1,,,,1470471003,CalledProcessError: Command '/plx-context/artifacts/automl/frameworks/flaml/venv/bin/python -W ignore /plx-context/artifacts/automl/frameworks/flaml/exec.py' returned non-zero exit status 1.,,,,
openml.org/t/168908,christine,flaml,6m_10F_2c_8GB,7,binary,,auc,local,1.0.3,,2.0.5,2022-06-01T16:31:23,384.9,,,,1470471004,CalledProcessError: Command '/plx-context/artifacts/automl/frameworks/flaml/venv/bin/python -W ignore /plx-context/artifacts/automl/frameworks/flaml/exec.py' returned non-zero exit status 1.,,,,
openml.org/t/168908,christine,flaml,6m_10F_2c_8GB,8,binary,,auc,local,1.0.3,,2.0.5,2022-06-01T16:38:06,403.5,,,,1470471005,CalledProcessError: Command '/plx-context/artifacts/automl/frameworks/flaml/venv/bin/python -W ignore /plx-context/artifacts/automl/frameworks/flaml/exec.py' returned non-zero exit status 1.,,,,
openml.org/t/168908,christine,flaml,6m_10F_2c_8GB,9,binary,,auc,local,1.0.3,,2.0.5,2022-06-01T16:44:46,400.1,,,,1470471006,CalledProcessError: Command '/plx-context/artifacts/automl/frameworks/flaml/venv/bin/python -W ignore /plx-context/artifacts/automl/frameworks/flaml/exec.py' returned non-zero exit status 1.,,,,
openml.org/t/9981,cnae-9,flaml,6m_10F_2c_8GB,0,multiclass,,neg_logloss,local,1.0.3,,2.0.5,2022-06-01T16:50:57,368.9,,,,1470470997,CalledProcessError: Command '/plx-context/artifacts/automl/frameworks/flaml/venv/bin/python -W ignore /plx-context/artifacts/automl/frameworks/flaml/exec.py' returned non-zero exit status 1.,,,,
openml.org/t/9981,cnae-9,flaml,6m_10F_2c_8GB,1,multiclass,,neg_logloss,local,1.0.3,,2.0.5,2022-06-01T16:57:04,367.0,,,,1470470998,CalledProcessError: Command '/plx-context/artifacts/automl/frameworks/flaml/venv/bin/python -W ignore /plx-context/artifacts/automl/frameworks/flaml/exec.py' returned non-zero exit status 1.,,,,
openml.org/t/9981,cnae-9,flaml,6m_10F_2c_8GB,2,multiclass,,neg_logloss,local,1.0.3,,2.0.5,2022-06-01T17:03:11,367.4,,,,1470470999,CalledProcessError: Command '/plx-context/artifacts/automl/frameworks/flaml/venv/bin/python -W ignore /plx-context/artifacts/automl/frameworks/flaml/exec.py' returned non-zero exit status 1.,,,,
openml.org/t/9981,cnae-9,flaml,6m_10F_2c_8GB,3,multiclass,,neg_logloss,local,1.0.3,,2.0.5,2022-06-01T17:09:13,362.1,,,,1470471000,CalledProcessError: Command '/plx-context/artifacts/automl/frameworks/flaml/venv/bin/python -W ignore /plx-context/artifacts/automl/frameworks/flaml/exec.py' returned non-zero exit status 1.,,,,
openml.org/t/9981,cnae-9,flaml,6m_10F_2c_8GB,4,multiclass,,neg_logloss,local,1.0.3,,2.0.5,2022-06-01T17:15:21,367.2,,,,1470471001,CalledProcessError: Command '/plx-context/artifacts/automl/frameworks/flaml/venv/bin/python -W ignore /plx-context/artifacts/automl/frameworks/flaml/exec.py' returned non-zero exit status 1.,,,,
openml.org/t/9981,cnae-9,flaml,6m_10F_2c_8GB,5,multiclass,,neg_logloss,local,1.0.3,,2.0.5,2022-06-01T17:21:23,362.1,,,,1470471002,CalledProcessError: Command '/plx-context/artifacts/automl/frameworks/flaml/venv/bin/python -W ignore /plx-context/artifacts/automl/frameworks/flaml/exec.py' returned non-zero exit status 1.,,,,
openml.org/t/9981,cnae-9,flaml,6m_10F_2c_8GB,6,multiclass,,neg_logloss,local,1.0.3,,2.0.5,2022-06-01T17:27:25,362.7,,,,1470471003,CalledProcessError: Command '/plx-context/artifacts/automl/frameworks/flaml/venv/bin/python -W ignore /plx-context/artifacts/automl/frameworks/flaml/exec.py' returned non-zero exit status 1.,,,,
openml.org/t/9981,cnae-9,flaml,6m_10F_2c_8GB,7,multiclass,,neg_logloss,local,1.0.3,,2.0.5,2022-06-01T17:33:29,364.0,,,,1470471004,CalledProcessError: Command '/plx-context/artifacts/automl/frameworks/flaml/venv/bin/python -W ignore /plx-context/artifacts/automl/frameworks/flaml/exec.py' returned non-zero exit status 1.,,,,
openml.org/t/9981,cnae-9,flaml,6m_10F_2c_8GB,8,multiclass,,neg_logloss,local,1.0.3,,2.0.5,2022-06-01T17:39:36,367.0,,,,1470471005,CalledProcessError: Command '/plx-context/artifacts/automl/frameworks/flaml/venv/bin/python -W ignore /plx-context/artifacts/automl/frameworks/flaml/exec.py' returned non-zero exit status 1.,,,,
openml.org/t/9981,cnae-9,flaml,6m_10F_2c_8GB,9,multiclass,,neg_logloss,local,1.0.3,,2.0.5,2022-06-01T17:45:40,363.2,,,,1470471006,CalledProcessError: Command '/plx-context/artifacts/automl/frameworks/flaml/venv/bin/python -W ignore /plx-context/artifacts/automl/frameworks/flaml/exec.py' returned non-zero exit status 1.,,,,
openml.org/t/31,credit-g,flaml,6m_10F_2c_8GB,0,binary,,auc,local,1.0.3,,2.0.5,2022-06-01T17:51:43,361.8,,,,1470470997,CalledProcessError: Command '/plx-context/artifacts/automl/frameworks/flaml/venv/bin/python -W ignore /plx-context/artifacts/automl/frameworks/flaml/exec.py' returned non-zero exit status 1.,,,,
openml.org/t/31,credit-g,flaml,6m_10F_2c_8GB,1,binary,,auc,local,1.0.3,,2.0.5,2022-06-01T17:57:44,361.3,,,,1470470998,CalledProcessError: Command '/plx-context/artifacts/automl/frameworks/flaml/venv/bin/python -W ignore /plx-context/artifacts/automl/frameworks/flaml/exec.py' returned non-zero exit status 1.,,,,
openml.org/t/31,credit-g,flaml,6m_10F_2c_8GB,2,binary,,auc,local,1.0.3,,2.0.5,2022-06-01T18:03:45,361.2,,,,1470470999,CalledProcessError: Command '/plx-context/artifacts/automl/frameworks/flaml/venv/bin/python -W ignore /plx-context/artifacts/automl/frameworks/flaml/exec.py' returned non-zero exit status 1.,,,,
openml.org/t/31,credit-g,flaml,6m_10F_2c_8GB,3,binary,,auc,local,1.0.3,,2.0.5,2022-06-01T18:09:47,361.8,,,,1470471000,CalledProcessError: Command '/plx-context/artifacts/automl/frameworks/flaml/venv/bin/python -W ignore /plx-context/artifacts/automl/frameworks/flaml/exec.py' returned non-zero exit status 1.,,,,
openml.org/t/31,credit-g,flaml,6m_10F_2c_8GB,4,binary,,auc,local,1.0.3,,2.0.5,2022-06-01T18:15:49,361.4,,,,1470471001,CalledProcessError: Command '/plx-context/artifacts/automl/frameworks/flaml/venv/bin/python -W ignore /plx-context/artifacts/automl/frameworks/flaml/exec.py' returned non-zero exit status 1.,,,,
openml.org/t/31,credit-g,flaml,6m_10F_2c_8GB,5,binary,,auc,local,1.0.3,,2.0.5,2022-06-01T18:21:50,361.3,,,,1470471002,CalledProcessError: Command '/plx-context/artifacts/automl/frameworks/flaml/venv/bin/python -W ignore /plx-context/artifacts/automl/frameworks/flaml/exec.py' returned non-zero exit status 1.,,,,
openml.org/t/31,credit-g,flaml,6m_10F_2c_8GB,6,binary,,auc,local,1.0.3,,2.0.5,2022-06-01T18:27:52,362.1,,,,1470471003,CalledProcessError: Command '/plx-context/artifacts/automl/frameworks/flaml/venv/bin/python -W ignore /plx-context/artifacts/automl/frameworks/flaml/exec.py' returned non-zero exit status 1.,,,,
openml.org/t/31,credit-g,flaml,6m_10F_2c_8GB,7,binary,,auc,local,1.0.3,,2.0.5,2022-06-01T18:33:53,361.2,,,,1470471004,CalledProcessError: Command '/plx-context/artifacts/automl/frameworks/flaml/venv/bin/python -W ignore /plx-context/artifacts/automl/frameworks/flaml/exec.py' returned non-zero exit status 1.,,,,
openml.org/t/31,credit-g,flaml,6m_10F_2c_8GB,8,binary,,auc,local,1.0.3,,2.0.5,2022-06-01T18:39:55,361.2,,,,1470471005,CalledProcessError: Command '/plx-context/artifacts/automl/frameworks/flaml/venv/bin/python -W ignore /plx-context/artifacts/automl/frameworks/flaml/exec.py' returned non-zero exit status 1.,,,,
openml.org/t/31,credit-g,flaml,6m_10F_2c_8GB,9,binary,,auc,local,1.0.3,,2.0.5,2022-06-01T18:45:56,361.9,,,,1470471006,CalledProcessError: Command '/plx-context/artifacts/automl/frameworks/flaml/venv/bin/python -W ignore /plx-context/artifacts/automl/frameworks/flaml/exec.py' returned non-zero exit status 1.,,,,
openml.org/t/168909,dilbert,flaml,6m_10F_2c_8GB,0,multiclass,,neg_logloss,local,1.0.3,,2.0.5,2022-06-01T18:53:34,421.1,,,,1470470997,CalledProcessError: Command '/plx-context/artifacts/automl/frameworks/flaml/venv/bin/python -W ignore /plx-context/artifacts/automl/frameworks/flaml/exec.py' returned non-zero exit status 1.,,,,
openml.org/t/168909,dilbert,flaml,6m_10F_2c_8GB,1,multiclass,,neg_logloss,local,1.0.3,,2.0.5,2022-06-01T19:00:41,427.2,,,,1470470998,CalledProcessError: Command '/plx-context/artifacts/automl/frameworks/flaml/venv/bin/python -W ignore /plx-context/artifacts/automl/frameworks/flaml/exec.py' returned non-zero exit status 1.,,,,
openml.org/t/168909,dilbert,flaml,6m_10F_2c_8GB,2,multiclass,,neg_logloss,local,1.0.3,,2.0.5,2022-06-01T19:07:48,427.5,,,,1470470999,CalledProcessError: Command '/plx-context/artifacts/automl/frameworks/flaml/venv/bin/python -W ignore /plx-context/artifacts/automl/frameworks/flaml/exec.py' returned non-zero exit status 1.,,,,
openml.org/t/168909,dilbert,flaml,6m_10F_2c_8GB,3,multiclass,,neg_logloss,local,1.0.3,,2.0.5,2022-06-01T19:15:01,432.3,,,,1470471000,CalledProcessError: Command '/plx-context/artifacts/automl/frameworks/flaml/venv/bin/python -W ignore /plx-context/artifacts/automl/frameworks/flaml/exec.py' returned non-zero exit status 1.,,,,
openml.org/t/168909,dilbert,flaml,6m_10F_2c_8GB,4,multiclass,,neg_logloss,local,1.0.3,,2.0.5,2022-06-01T19:22:12,431.9,,,,1470471001,CalledProcessError: Command '/plx-context/artifacts/automl/frameworks/flaml/venv/bin/python -W ignore /plx-context/artifacts/automl/frameworks/flaml/exec.py' returned non-zero exit status 1.,,,,
openml.org/t/168909,dilbert,flaml,6m_10F_2c_8GB,5,multiclass,,neg_logloss,local,1.0.3,,2.0.5,2022-06-01T19:29:23,430.2,,,,1470471002,CalledProcessError: Command '/plx-context/artifacts/automl/frameworks/flaml/venv/bin/python -W ignore /plx-context/artifacts/automl/frameworks/flaml/exec.py' returned non-zero exit status 1.,,,,
openml.org/t/168909,dilbert,flaml,6m_10F_2c_8GB,6,multiclass,,neg_logloss,local,1.0.3,,2.0.5,2022-06-01T19:36:29,426.7,,,,1470471003,CalledProcessError: Command '/plx-context/artifacts/automl/frameworks/flaml/venv/bin/python -W ignore /plx-context/artifacts/automl/frameworks/flaml/exec.py' returned non-zero exit status 1.,,,,
openml.org/t/168909,dilbert,flaml,6m_10F_2c_8GB,7,multiclass,,neg_logloss,local,1.0.3,,2.0.5,2022-06-01T19:43:33,423.5,,,,1470471004,CalledProcessError: Command '/plx-context/artifacts/automl/frameworks/flaml/venv/bin/python -W ignore /plx-context/artifacts/automl/frameworks/flaml/exec.py' returned non-zero exit status 1.,,,,
openml.org/t/168909,dilbert,flaml,6m_10F_2c_8GB,8,multiclass,,neg_logloss,local,1.0.3,,2.0.5,2022-06-01T19:50:34,420.7,,,,1470471005,CalledProcessError: Command '/plx-context/artifacts/automl/frameworks/flaml/venv/bin/python -W ignore /plx-context/artifacts/automl/frameworks/flaml/exec.py' returned non-zero exit status 1.,,,,
openml.org/t/168909,dilbert,flaml,6m_10F_2c_8GB,9,multiclass,,neg_logloss,local,1.0.3,,2.0.5,2022-06-01T19:57:44,430.1,,,,1470471006,CalledProcessError: Command '/plx-context/artifacts/automl/frameworks/flaml/venv/bin/python -W ignore /plx-context/artifacts/automl/frameworks/flaml/exec.py' returned non-zero exit status 1.,,,,
openml.org/t/168910,fabert,flaml,6m_10F_2c_8GB,0,multiclass,,neg_logloss,local,1.0.3,,2.0.5,2022-06-01T20:03:56,370.4,,,,1470470997,CalledProcessError: Command '/plx-context/artifacts/automl/frameworks/flaml/venv/bin/python -W ignore /plx-context/artifacts/automl/frameworks/flaml/exec.py' returned non-zero exit status 1.,,,,
openml.org/t/168910,fabert,flaml,6m_10F_2c_8GB,1,multiclass,,neg_logloss,local,1.0.3,,2.0.5,2022-06-01T20:10:02,365.6,,,,1470470998,CalledProcessError: Command '/plx-context/artifacts/automl/frameworks/flaml/venv/bin/python -W ignore /plx-context/artifacts/automl/frameworks/flaml/exec.py' returned non-zero exit status 1.,,,,
openml.org/t/168910,fabert,flaml,6m_10F_2c_8GB,2,multiclass,,neg_logloss,local,1.0.3,,2.0.5,2022-06-01T20:16:07,365.3,,,,1470470999,CalledProcessError: Command '/plx-context/artifacts/automl/frameworks/flaml/venv/bin/python -W ignore /plx-context/artifacts/automl/frameworks/flaml/exec.py' returned non-zero exit status 1.,,,,
openml.org/t/168910,fabert,flaml,6m_10F_2c_8GB,3,multiclass,,neg_logloss,local,1.0.3,,2.0.5,2022-06-01T20:23:00,412.3,,,,1470471000,CalledProcessError: Command '/plx-context/artifacts/automl/frameworks/flaml/venv/bin/python -W ignore /plx-context/artifacts/automl/frameworks/flaml/exec.py' returned non-zero exit status 1.,,,,
openml.org/t/168910,fabert,flaml,6m_10F_2c_8GB,4,multiclass,,neg_logloss,local,1.0.3,,2.0.5,2022-06-01T20:29:03,363.3,,,,1470471001,CalledProcessError: Command '/plx-context/artifacts/automl/frameworks/flaml/venv/bin/python -W ignore /plx-context/artifacts/automl/frameworks/flaml/exec.py' returned non-zero exit status 1.,,,,
openml.org/t/168910,fabert,flaml,6m_10F_2c_8GB,5,multiclass,,neg_logloss,local,1.0.3,,2.0.5,2022-06-01T20:35:15,372.1,,,,1470471002,CalledProcessError: Command '/plx-context/artifacts/automl/frameworks/flaml/venv/bin/python -W ignore /plx-context/artifacts/automl/frameworks/flaml/exec.py' returned non-zero exit status 1.,,,,
openml.org/t/168910,fabert,flaml,6m_10F_2c_8GB,6,multiclass,,neg_logloss,local,1.0.3,,2.0.5,2022-06-01T20:41:20,364.8,,,,1470471003,CalledProcessError: Command '/plx-context/artifacts/automl/frameworks/flaml/venv/bin/python -W ignore /plx-context/artifacts/automl/frameworks/flaml/exec.py' returned non-zero exit status 1.,,,,
openml.org/t/168910,fabert,flaml,6m_10F_2c_8GB,7,multiclass,,neg_logloss,local,1.0.3,,2.0.5,2022-06-01T20:47:26,366.1,,,,1470471004,CalledProcessError: Command '/plx-context/artifacts/automl/frameworks/flaml/venv/bin/python -W ignore /plx-context/artifacts/automl/frameworks/flaml/exec.py' returned non-zero exit status 1.,,,,
openml.org/t/168910,fabert,flaml,6m_10F_2c_8GB,8,multiclass,,neg_logloss,local,1.0.3,,2.0.5,2022-06-01T20:53:35,369.3,,,,1470471005,CalledProcessError: Command '/plx-context/artifacts/automl/frameworks/flaml/venv/bin/python -W ignore /plx-context/artifacts/automl/frameworks/flaml/exec.py' returned non-zero exit status 1.,,,,
openml.org/t/168910,fabert,flaml,6m_10F_2c_8GB,9,multiclass,,neg_logloss,local,1.0.3,,2.0.5,2022-06-01T20:59:41,365.2,,,,1470471006,CalledProcessError: Command '/plx-context/artifacts/automl/frameworks/flaml/venv/bin/python -W ignore /plx-context/artifacts/automl/frameworks/flaml/exec.py' returned non-zero exit status 1.,,,,
openml.org/t/168911,jasmine,flaml,6m_10F_2c_8GB,0,binary,,auc,local,1.0.3,,2.0.5,2022-06-01T21:05:44,361.8,,,,1470470997,CalledProcessError: Command '/plx-context/artifacts/automl/frameworks/flaml/venv/bin/python -W ignore /plx-context/artifacts/automl/frameworks/flaml/exec.py' returned non-zero exit status 1.,,,,
openml.org/t/168911,jasmine,flaml,6m_10F_2c_8GB,1,binary,,auc,local,1.0.3,,2.0.5,2022-06-01T21:11:51,367.0,,,,1470470998,CalledProcessError: Command '/plx-context/artifacts/automl/frameworks/flaml/venv/bin/python -W ignore /plx-context/artifacts/automl/frameworks/flaml/exec.py' returned non-zero exit status 1.,,,,
openml.org/t/168911,jasmine,flaml,6m_10F_2c_8GB,2,binary,,auc,local,1.0.3,,2.0.5,2022-06-01T21:17:58,366.9,,,,1470470999,CalledProcessError: Command '/plx-context/artifacts/automl/frameworks/flaml/venv/bin/python -W ignore /plx-context/artifacts/automl/frameworks/flaml/exec.py' returned non-zero exit status 1.,,,,
openml.org/t/168911,jasmine,flaml,6m_10F_2c_8GB,3,binary,,auc,local,1.0.3,,2.0.5,2022-06-01T21:24:02,363.7,,,,1470471000,CalledProcessError: Command '/plx-context/artifacts/automl/frameworks/flaml/venv/bin/python -W ignore /plx-context/artifacts/automl/frameworks/flaml/exec.py' returned non-zero exit status 1.,,,,
openml.org/t/168911,jasmine,flaml,6m_10F_2c_8GB,4,binary,,auc,local,1.0.3,,2.0.5,2022-06-01T21:30:03,361.5,,,,1470471001,CalledProcessError: Command '/plx-context/artifacts/automl/frameworks/flaml/venv/bin/python -W ignore /plx-context/artifacts/automl/frameworks/flaml/exec.py' returned non-zero exit status 1.,,,,
openml.org/t/168911,jasmine,flaml,6m_10F_2c_8GB,5,binary,,auc,local,1.0.3,,2.0.5,2022-06-01T21:36:12,368.6,,,,1470471002,CalledProcessError: Command '/plx-context/artifacts/automl/frameworks/flaml/venv/bin/python -W ignore /plx-context/artifacts/automl/frameworks/flaml/exec.py' returned non-zero exit status 1.,,,,
openml.org/t/168911,jasmine,flaml,6m_10F_2c_8GB,6,binary,,auc,local,1.0.3,,2.0.5,2022-06-01T21:42:14,362.3,,,,1470471003,CalledProcessError: Command '/plx-context/artifacts/automl/frameworks/flaml/venv/bin/python -W ignore /plx-context/artifacts/automl/frameworks/flaml/exec.py' returned non-zero exit status 1.,,,,
openml.org/t/168911,jasmine,flaml,6m_10F_2c_8GB,7,binary,,auc,local,1.0.3,,2.0.5,2022-06-01T21:48:20,365.8,,,,1470471004,CalledProcessError: Command '/plx-context/artifacts/automl/frameworks/flaml/venv/bin/python -W ignore /plx-context/artifacts/automl/frameworks/flaml/exec.py' returned non-zero exit status 1.,,,,
openml.org/t/168911,jasmine,flaml,6m_10F_2c_8GB,8,binary,,auc,local,1.0.3,,2.0.5,2022-06-01T21:54:22,361.9,,,,1470471005,CalledProcessError: Command '/plx-context/artifacts/automl/frameworks/flaml/venv/bin/python -W ignore /plx-context/artifacts/automl/frameworks/flaml/exec.py' returned non-zero exit status 1.,,,,
openml.org/t/168911,jasmine,flaml,6m_10F_2c_8GB,9,binary,,auc,local,1.0.3,,2.0.5,2022-06-01T22:00:28,365.9,,,,1470471006,CalledProcessError: Command '/plx-context/artifacts/automl/frameworks/flaml/venv/bin/python -W ignore /plx-context/artifacts/automl/frameworks/flaml/exec.py' returned non-zero exit status 1.,,,,
openml.org/t/3917,kc1,flaml,6m_10F_2c_8GB,0,binary,,auc,local,1.0.3,,2.0.5,2022-06-01T22:06:31,361.5,,,,1470470997,CalledProcessError: Command '/plx-context/artifacts/automl/frameworks/flaml/venv/bin/python -W ignore /plx-context/artifacts/automl/frameworks/flaml/exec.py' returned non-zero exit status 1.,,,,
openml.org/t/3917,kc1,flaml,6m_10F_2c_8GB,1,binary,,auc,local,1.0.3,,2.0.5,2022-06-01T22:12:33,361.2,,,,1470470998,CalledProcessError: Command '/plx-context/artifacts/automl/frameworks/flaml/venv/bin/python -W ignore /plx-context/artifacts/automl/frameworks/flaml/exec.py' returned non-zero exit status 1.,,,,
openml.org/t/3917,kc1,flaml,6m_10F_2c_8GB,2,binary,,auc,local,1.0.3,,2.0.5,2022-06-01T22:18:36,363.4,,,,1470470999,CalledProcessError: Command '/plx-context/artifacts/automl/frameworks/flaml/venv/bin/python -W ignore /plx-context/artifacts/automl/frameworks/flaml/exec.py' returned non-zero exit status 1.,,,,
openml.org/t/3917,kc1,flaml,6m_10F_2c_8GB,3,binary,,auc,local,1.0.3,,2.0.5,2022-06-01T22:24:37,361.0,,,,1470471000,CalledProcessError: Command '/plx-context/artifacts/automl/frameworks/flaml/venv/bin/python -W ignore /plx-context/artifacts/automl/frameworks/flaml/exec.py' returned non-zero exit status 1.,,,,
openml.org/t/3917,kc1,flaml,6m_10F_2c_8GB,4,binary,,auc,local,1.0.3,,2.0.5,2022-06-01T22:30:39,361.7,,,,1470471001,CalledProcessError: Command '/plx-context/artifacts/automl/frameworks/flaml/venv/bin/python -W ignore /plx-context/artifacts/automl/frameworks/flaml/exec.py' returned non-zero exit status 1.,,,,
openml.org/t/3917,kc1,flaml,6m_10F_2c_8GB,5,binary,,auc,local,1.0.3,,2.0.5,2022-06-01T22:36:40,361.3,,,,1470471002,CalledProcessError: Command '/plx-context/artifacts/automl/frameworks/flaml/venv/bin/python -W ignore /plx-context/artifacts/automl/frameworks/flaml/exec.py' returned non-zero exit status 1.,,,,
openml.org/t/3917,kc1,flaml,6m_10F_2c_8GB,6,binary,,auc,local,1.0.3,,2.0.5,2022-06-01T22:42:41,361.4,,,,1470471003,CalledProcessError: Command '/plx-context/artifacts/automl/frameworks/flaml/venv/bin/python -W ignore /plx-context/artifacts/automl/frameworks/flaml/exec.py' returned non-zero exit status 1.,,,,
openml.org/t/3917,kc1,flaml,6m_10F_2c_8GB,7,binary,,auc,local,1.0.3,,2.0.5,2022-06-01T22:48:43,361.8,,,,1470471004,CalledProcessError: Command '/plx-context/artifacts/automl/frameworks/flaml/venv/bin/python -W ignore /plx-context/artifacts/automl/frameworks/flaml/exec.py' returned non-zero exit status 1.,,,,
openml.org/t/3917,kc1,flaml,6m_10F_2c_8GB,8,binary,,auc,local,1.0.3,,2.0.5,2022-06-01T22:54:44,361.3,,,,1470471005,CalledProcessError: Command '/plx-context/artifacts/automl/frameworks/flaml/venv/bin/python -W ignore /plx-context/artifacts/automl/frameworks/flaml/exec.py' returned non-zero exit status 1.,,,,
openml.org/t/3917,kc1,flaml,6m_10F_2c_8GB,9,binary,,auc,local,1.0.3,,2.0.5,2022-06-01T23:00:46,361.7,,,,1470471006,CalledProcessError: Command '/plx-context/artifacts/automl/frameworks/flaml/venv/bin/python -W ignore /plx-context/artifacts/automl/frameworks/flaml/exec.py' returned non-zero exit status 1.,,,,
openml.org/t/3,kr-vs-kp,flaml,6m_10F_2c_8GB,0,binary,,auc,local,1.0.3,,2.0.5,2022-06-01T23:06:52,362.8,,,,1470470997,CalledProcessError: Command '/plx-context/artifacts/automl/frameworks/flaml/venv/bin/python -W ignore /plx-context/artifacts/automl/frameworks/flaml/exec.py' returned non-zero exit status 1.,,,,
openml.org/t/3,kr-vs-kp,flaml,6m_10F_2c_8GB,1,binary,,auc,local,1.0.3,,2.0.5,2022-06-01T23:12:53,361.5,,,,1470470998,CalledProcessError: Command '/plx-context/artifacts/automl/frameworks/flaml/venv/bin/python -W ignore /plx-context/artifacts/automl/frameworks/flaml/exec.py' returned non-zero exit status 1.,,,,
openml.org/t/3,kr-vs-kp,flaml,6m_10F_2c_8GB,2,binary,,auc,local,1.0.3,,2.0.5,2022-06-01T23:18:55,361.6,,,,1470470999,CalledProcessError: Command '/plx-context/artifacts/automl/frameworks/flaml/venv/bin/python -W ignore /plx-context/artifacts/automl/frameworks/flaml/exec.py' returned non-zero exit status 1.,,,,
openml.org/t/3,kr-vs-kp,flaml,6m_10F_2c_8GB,3,binary,,auc,local,1.0.3,,2.0.5,2022-06-01T23:24:56,361.2,,,,1470471000,CalledProcessError: Command '/plx-context/artifacts/automl/frameworks/flaml/venv/bin/python -W ignore /plx-context/artifacts/automl/frameworks/flaml/exec.py' returned non-zero exit status 1.,,,,
openml.org/t/3,kr-vs-kp,flaml,6m_10F_2c_8GB,4,binary,,auc,local,1.0.3,,2.0.5,2022-06-01T23:30:57,361.4,,,,1470471001,CalledProcessError: Command '/plx-context/artifacts/automl/frameworks/flaml/venv/bin/python -W ignore /plx-context/artifacts/automl/frameworks/flaml/exec.py' returned non-zero exit status 1.,,,,
openml.org/t/3,kr-vs-kp,flaml,6m_10F_2c_8GB,5,binary,,auc,local,1.0.3,,2.0.5,2022-06-01T23:36:58,361.2,,,,1470471002,CalledProcessError: Command '/plx-context/artifacts/automl/frameworks/flaml/venv/bin/python -W ignore /plx-context/artifacts/automl/frameworks/flaml/exec.py' returned non-zero exit status 1.,,,,
openml.org/t/3,kr-vs-kp,flaml,6m_10F_2c_8GB,6,binary,,auc,local,1.0.3,,2.0.5,2022-06-01T23:43:00,361.4,,,,1470471003,CalledProcessError: Command '/plx-context/artifacts/automl/frameworks/flaml/venv/bin/python -W ignore /plx-context/artifacts/automl/frameworks/flaml/exec.py' returned non-zero exit status 1.,,,,
openml.org/t/3,kr-vs-kp,flaml,6m_10F_2c_8GB,7,binary,,auc,local,1.0.3,,2.0.5,2022-06-01T23:49:01,361.4,,,,1470471004,CalledProcessError: Command '/plx-context/artifacts/automl/frameworks/flaml/venv/bin/python -W ignore /plx-context/artifacts/automl/frameworks/flaml/exec.py' returned non-zero exit status 1.,,,,
openml.org/t/3,kr-vs-kp,flaml,6m_10F_2c_8GB,8,binary,,auc,local,1.0.3,,2.0.5,2022-06-01T23:55:03,361.2,,,,1470471005,CalledProcessError: Command '/plx-context/artifacts/automl/frameworks/flaml/venv/bin/python -W ignore /plx-context/artifacts/automl/frameworks/flaml/exec.py' returned non-zero exit status 1.,,,,
openml.org/t/3,kr-vs-kp,flaml,6m_10F_2c_8GB,9,binary,,auc,local,1.0.3,,2.0.5,2022-06-02T00:01:04,361.2,,,,1470471006,CalledProcessError: Command '/plx-context/artifacts/automl/frameworks/flaml/venv/bin/python -W ignore /plx-context/artifacts/automl/frameworks/flaml/exec.py' returned non-zero exit status 1.,,,,
openml.org/t/12,mfeat-factors,flaml,6m_10F_2c_8GB,0,multiclass,,neg_logloss,local,1.0.3,,2.0.5,2022-06-02T00:07:15,369.2,,,,1470470997,CalledProcessError: Command '/plx-context/artifacts/automl/frameworks/flaml/venv/bin/python -W ignore /plx-context/artifacts/automl/frameworks/flaml/exec.py' returned non-zero exit status 1.,,,,
openml.org/t/12,mfeat-factors,flaml,6m_10F_2c_8GB,1,multiclass,,neg_logloss,local,1.0.3,,2.0.5,2022-06-02T00:13:20,365.2,,,,1470470998,CalledProcessError: Command '/plx-context/artifacts/automl/frameworks/flaml/venv/bin/python -W ignore /plx-context/artifacts/automl/frameworks/flaml/exec.py' returned non-zero exit status 1.,,,,
openml.org/t/12,mfeat-factors,flaml,6m_10F_2c_8GB,2,multiclass,,neg_logloss,local,1.0.3,,2.0.5,2022-06-02T00:19:28,367.9,,,,1470470999,CalledProcessError: Command '/plx-context/artifacts/automl/frameworks/flaml/venv/bin/python -W ignore /plx-context/artifacts/automl/frameworks/flaml/exec.py' returned non-zero exit status 1.,,,,
openml.org/t/12,mfeat-factors,flaml,6m_10F_2c_8GB,3,multiclass,,neg_logloss,local,1.0.3,,2.0.5,2022-06-02T00:25:34,365.3,,,,1470471000,CalledProcessError: Command '/plx-context/artifacts/automl/frameworks/flaml/venv/bin/python -W ignore /plx-context/artifacts/automl/frameworks/flaml/exec.py' returned non-zero exit status 1.,,,,
openml.org/t/12,mfeat-factors,flaml,6m_10F_2c_8GB,4,multiclass,,neg_logloss,local,1.0.3,,2.0.5,2022-06-02T00:31:43,369.2,,,,1470471001,CalledProcessError: Command '/plx-context/artifacts/automl/frameworks/flaml/venv/bin/python -W ignore /plx-context/artifacts/automl/frameworks/flaml/exec.py' returned non-zero exit status 1.,,,,
openml.org/t/12,mfeat-factors,flaml,6m_10F_2c_8GB,5,multiclass,,neg_logloss,local,1.0.3,,2.0.5,2022-06-02T00:37:52,369.1,,,,1470471002,CalledProcessError: Command '/plx-context/artifacts/automl/frameworks/flaml/venv/bin/python -W ignore /plx-context/artifacts/automl/frameworks/flaml/exec.py' returned non-zero exit status 1.,,,,
openml.org/t/12,mfeat-factors,flaml,6m_10F_2c_8GB,6,multiclass,,neg_logloss,local,1.0.3,,2.0.5,2022-06-02T00:43:56,364.5,,,,1470471003,CalledProcessError: Command '/plx-context/artifacts/automl/frameworks/flaml/venv/bin/python -W ignore /plx-context/artifacts/automl/frameworks/flaml/exec.py' returned non-zero exit status 1.,,,,
openml.org/t/12,mfeat-factors,flaml,6m_10F_2c_8GB,7,multiclass,,neg_logloss,local,1.0.3,,2.0.5,2022-06-02T00:50:02,366.1,,,,1470471004,CalledProcessError: Command '/plx-context/artifacts/automl/frameworks/flaml/venv/bin/python -W ignore /plx-context/artifacts/automl/frameworks/flaml/exec.py' returned non-zero exit status 1.,,,,
openml.org/t/12,mfeat-factors,flaml,6m_10F_2c_8GB,8,multiclass,,neg_logloss,local,1.0.3,,2.0.5,2022-06-02T00:56:07,364.5,,,,1470471005,CalledProcessError: Command '/plx-context/artifacts/automl/frameworks/flaml/venv/bin/python -W ignore /plx-context/artifacts/automl/frameworks/flaml/exec.py' returned non-zero exit status 1.,,,,
openml.org/t/12,mfeat-factors,flaml,6m_10F_2c_8GB,9,multiclass,,neg_logloss,local,1.0.3,,2.0.5,2022-06-02T01:02:10,362.8,,,,1470471006,CalledProcessError: Command '/plx-context/artifacts/automl/frameworks/flaml/venv/bin/python -W ignore /plx-context/artifacts/automl/frameworks/flaml/exec.py' returned non-zero exit status 1.,,,,
openml.org/t/9952,phoneme,flaml,6m_10F_2c_8GB,0,binary,,auc,local,1.0.3,,2.0.5,2022-06-02T01:08:14,362.7,,,,1470470997,CalledProcessError: Command '/plx-context/artifacts/automl/frameworks/flaml/venv/bin/python -W ignore /plx-context/artifacts/automl/frameworks/flaml/exec.py' returned non-zero exit status 1.,,,,
openml.org/t/9952,phoneme,flaml,6m_10F_2c_8GB,1,binary,,auc,local,1.0.3,,2.0.5,2022-06-02T01:14:17,363.0,,,,1470470998,CalledProcessError: Command '/plx-context/artifacts/automl/frameworks/flaml/venv/bin/python -W ignore /plx-context/artifacts/automl/frameworks/flaml/exec.py' returned non-zero exit status 1.,,,,
openml.org/t/9952,phoneme,flaml,6m_10F_2c_8GB,2,binary,,auc,local,1.0.3,,2.0.5,2022-06-02T01:20:26,368.8,,,,1470470999,CalledProcessError: Command '/plx-context/artifacts/automl/frameworks/flaml/venv/bin/python -W ignore /plx-context/artifacts/automl/frameworks/flaml/exec.py' returned non-zero exit status 1.,,,,
openml.org/t/9952,phoneme,flaml,6m_10F_2c_8GB,3,binary,,auc,local,1.0.3,,2.0.5,2022-06-02T01:26:29,363.3,,,,1470471000,CalledProcessError: Command '/plx-context/artifacts/automl/frameworks/flaml/venv/bin/python -W ignore /plx-context/artifacts/automl/frameworks/flaml/exec.py' returned non-zero exit status 1.,,,,
openml.org/t/9952,phoneme,flaml,6m_10F_2c_8GB,4,binary,,auc,local,1.0.3,,2.0.5,2022-06-02T01:32:37,367.9,,,,1470471001,CalledProcessError: Command '/plx-context/artifacts/automl/frameworks/flaml/venv/bin/python -W ignore /plx-context/artifacts/automl/frameworks/flaml/exec.py' returned non-zero exit status 1.,,,,
openml.org/t/9952,phoneme,flaml,6m_10F_2c_8GB,5,binary,,auc,local,1.0.3,,2.0.5,2022-06-02T01:38:46,369.1,,,,1470471002,CalledProcessError: Command '/plx-context/artifacts/automl/frameworks/flaml/venv/bin/python -W ignore /plx-context/artifacts/automl/frameworks/flaml/exec.py' returned non-zero exit status 1.,,,,
openml.org/t/9952,phoneme,flaml,6m_10F_2c_8GB,6,binary,,auc,local,1.0.3,,2.0.5,2022-06-02T01:44:55,368.1,,,,1470471003,CalledProcessError: Command '/plx-context/artifacts/automl/frameworks/flaml/venv/bin/python -W ignore /plx-context/artifacts/automl/frameworks/flaml/exec.py' returned non-zero exit status 1.,,,,
openml.org/t/9952,phoneme,flaml,6m_10F_2c_8GB,7,binary,,auc,local,1.0.3,,2.0.5,2022-06-02T01:50:58,363.6,,,,1470471004,CalledProcessError: Command '/plx-context/artifacts/automl/frameworks/flaml/venv/bin/python -W ignore /plx-context/artifacts/automl/frameworks/flaml/exec.py' returned non-zero exit status 1.,,,,
openml.org/t/9952,phoneme,flaml,6m_10F_2c_8GB,8,binary,,auc,local,1.0.3,,2.0.5,2022-06-02T01:57:01,363.2,,,,1470471005,CalledProcessError: Command '/plx-context/artifacts/automl/frameworks/flaml/venv/bin/python -W ignore /plx-context/artifacts/automl/frameworks/flaml/exec.py' returned non-zero exit status 1.,,,,
openml.org/t/9952,phoneme,flaml,6m_10F_2c_8GB,9,binary,,auc,local,1.0.3,,2.0.5,2022-06-02T02:03:09,367.9,,,,1470471006,CalledProcessError: Command '/plx-context/artifacts/automl/frameworks/flaml/venv/bin/python -W ignore /plx-context/artifacts/automl/frameworks/flaml/exec.py' returned non-zero exit status 1.,,,,
openml.org/t/146822,segment,flaml,6m_10F_2c_8GB,0,multiclass,,neg_logloss,local,1.0.3,,2.0.5,2022-06-02T02:09:13,361.7,,,,1470470997,CalledProcessError: Command '/plx-context/artifacts/automl/frameworks/flaml/venv/bin/python -W ignore /plx-context/artifacts/automl/frameworks/flaml/exec.py' returned non-zero exit status 1.,,,,
openml.org/t/146822,segment,flaml,6m_10F_2c_8GB,1,multiclass,,neg_logloss,local,1.0.3,,2.0.5,2022-06-02T02:15:18,365.6,,,,1470470998,CalledProcessError: Command '/plx-context/artifacts/automl/frameworks/flaml/venv/bin/python -W ignore /plx-context/artifacts/automl/frameworks/flaml/exec.py' returned non-zero exit status 1.,,,,
openml.org/t/146822,segment,flaml,6m_10F_2c_8GB,2,multiclass,,neg_logloss,local,1.0.3,,2.0.5,2022-06-02T02:21:22,363.9,,,,1470470999,CalledProcessError: Command '/plx-context/artifacts/automl/frameworks/flaml/venv/bin/python -W ignore /plx-context/artifacts/automl/frameworks/flaml/exec.py' returned non-zero exit status 1.,,,,
openml.org/t/146822,segment,flaml,6m_10F_2c_8GB,3,multiclass,,neg_logloss,local,1.0.3,,2.0.5,2022-06-02T02:27:24,361.8,,,,1470471000,CalledProcessError: Command '/plx-context/artifacts/automl/frameworks/flaml/venv/bin/python -W ignore /plx-context/artifacts/automl/frameworks/flaml/exec.py' returned non-zero exit status 1.,,,,
openml.org/t/146822,segment,flaml,6m_10F_2c_8GB,4,multiclass,,neg_logloss,local,1.0.3,,2.0.5,2022-06-02T02:33:25,361.5,,,,1470471001,CalledProcessError: Command '/plx-context/artifacts/automl/frameworks/flaml/venv/bin/python -W ignore /plx-context/artifacts/automl/frameworks/flaml/exec.py' returned non-zero exit status 1.,,,,
openml.org/t/146822,segment,flaml,6m_10F_2c_8GB,5,multiclass,,neg_logloss,local,1.0.3,,2.0.5,2022-06-02T02:39:27,361.1,,,,1470471002,CalledProcessError: Command '/plx-context/artifacts/automl/frameworks/flaml/venv/bin/python -W ignore /plx-context/artifacts/automl/frameworks/flaml/exec.py' returned non-zero exit status 1.,,,,
openml.org/t/146822,segment,flaml,6m_10F_2c_8GB,6,multiclass,,neg_logloss,local,1.0.3,,2.0.5,2022-06-02T02:45:28,361.0,,,,1470471003,CalledProcessError: Command '/plx-context/artifacts/automl/frameworks/flaml/venv/bin/python -W ignore /plx-context/artifacts/automl/frameworks/flaml/exec.py' returned non-zero exit status 1.,,,,
openml.org/t/146822,segment,flaml,6m_10F_2c_8GB,7,multiclass,,neg_logloss,local,1.0.3,,2.0.5,2022-06-02T02:51:30,362.3,,,,1470471004,CalledProcessError: Command '/plx-context/artifacts/automl/frameworks/flaml/venv/bin/python -W ignore /plx-context/artifacts/automl/frameworks/flaml/exec.py' returned non-zero exit status 1.,,,,
openml.org/t/146822,segment,flaml,6m_10F_2c_8GB,8,multiclass,,neg_logloss,local,1.0.3,,2.0.5,2022-06-02T02:57:31,361.2,,,,1470471005,CalledProcessError: Command '/plx-context/artifacts/automl/frameworks/flaml/venv/bin/python -W ignore /plx-context/artifacts/automl/frameworks/flaml/exec.py' returned non-zero exit status 1.,,,,
openml.org/t/146822,segment,flaml,6m_10F_2c_8GB,9,multiclass,,neg_logloss,local,1.0.3,,2.0.5,2022-06-02T03:03:32,360.7,,,,1470471006,CalledProcessError: Command '/plx-context/artifacts/automl/frameworks/flaml/venv/bin/python -W ignore /plx-context/artifacts/automl/frameworks/flaml/exec.py' returned non-zero exit status 1.,,,,
openml.org/t/168912,sylvine,flaml,6m_10F_2c_8GB,0,binary,,auc,local,1.0.3,,2.0.5,2022-06-02T03:09:35,361.8,,,,1470470997,CalledProcessError: Command '/plx-context/artifacts/automl/frameworks/flaml/venv/bin/python -W ignore /plx-context/artifacts/automl/frameworks/flaml/exec.py' returned non-zero exit status 1.,,,,
openml.org/t/168912,sylvine,flaml,6m_10F_2c_8GB,1,binary,,auc,local,1.0.3,,2.0.5,2022-06-02T03:15:38,362.4,,,,1470470998,CalledProcessError: Command '/plx-context/artifacts/automl/frameworks/flaml/venv/bin/python -W ignore /plx-context/artifacts/automl/frameworks/flaml/exec.py' returned non-zero exit status 1.,,,,
openml.org/t/168912,sylvine,flaml,6m_10F_2c_8GB,2,binary,,auc,local,1.0.3,,2.0.5,2022-06-02T03:21:41,363.3,,,,1470470999,CalledProcessError: Command '/plx-context/artifacts/automl/frameworks/flaml/venv/bin/python -W ignore /plx-context/artifacts/automl/frameworks/flaml/exec.py' returned non-zero exit status 1.,,,,
openml.org/t/168912,sylvine,flaml,6m_10F_2c_8GB,3,binary,,auc,local,1.0.3,,2.0.5,2022-06-02T03:27:45,364.1,,,,1470471000,CalledProcessError: Command '/plx-context/artifacts/automl/frameworks/flaml/venv/bin/python -W ignore /plx-context/artifacts/automl/frameworks/flaml/exec.py' returned non-zero exit status 1.,,,,
openml.org/t/168912,sylvine,flaml,6m_10F_2c_8GB,4,binary,,auc,local,1.0.3,,2.0.5,2022-06-02T03:33:48,363.0,,,,1470471001,CalledProcessError: Command '/plx-context/artifacts/automl/frameworks/flaml/venv/bin/python -W ignore /plx-context/artifacts/automl/frameworks/flaml/exec.py' returned non-zero exit status 1.,,,,
openml.org/t/168912,sylvine,flaml,6m_10F_2c_8GB,5,binary,,auc,local,1.0.3,,2.0.5,2022-06-02T03:39:51,363.0,,,,1470471002,CalledProcessError: Command '/plx-context/artifacts/automl/frameworks/flaml/venv/bin/python -W ignore /plx-context/artifacts/automl/frameworks/flaml/exec.py' returned non-zero exit status 1.,,,,
openml.org/t/168912,sylvine,flaml,6m_10F_2c_8GB,6,binary,,auc,local,1.0.3,,2.0.5,2022-06-02T03:46:01,369.9,,,,1470471003,CalledProcessError: Command '/plx-context/artifacts/automl/frameworks/flaml/venv/bin/python -W ignore /plx-context/artifacts/automl/frameworks/flaml/exec.py' returned non-zero exit status 1.,,,,
openml.org/t/168912,sylvine,flaml,6m_10F_2c_8GB,7,binary,,auc,local,1.0.3,,2.0.5,2022-06-02T03:52:06,364.7,,,,1470471004,CalledProcessError: Command '/plx-context/artifacts/automl/frameworks/flaml/venv/bin/python -W ignore /plx-context/artifacts/automl/frameworks/flaml/exec.py' returned non-zero exit status 1.,,,,
openml.org/t/168912,sylvine,flaml,6m_10F_2c_8GB,8,binary,,auc,local,1.0.3,,2.0.5,2022-06-02T03:58:09,363.6,,,,1470471005,CalledProcessError: Command '/plx-context/artifacts/automl/frameworks/flaml/venv/bin/python -W ignore /plx-context/artifacts/automl/frameworks/flaml/exec.py' returned non-zero exit status 1.,,,,
openml.org/t/168912,sylvine,flaml,6m_10F_2c_8GB,9,binary,,auc,local,1.0.3,,2.0.5,2022-06-02T04:04:17,367.2,,,,1470471006,CalledProcessError: Command '/plx-context/artifacts/automl/frameworks/flaml/venv/bin/python -W ignore /plx-context/artifacts/automl/frameworks/flaml/exec.py' returned non-zero exit status 1.,,,,
openml.org/t/53,vehicle,flaml,6m_10F_2c_8GB,0,multiclass,,neg_logloss,local,1.0.3,,2.0.5,2022-06-02T04:10:20,361.8,,,,1470470997,CalledProcessError: Command '/plx-context/artifacts/automl/frameworks/flaml/venv/bin/python -W ignore /plx-context/artifacts/automl/frameworks/flaml/exec.py' returned non-zero exit status 1.,,,,
openml.org/t/53,vehicle,flaml,6m_10F_2c_8GB,1,multiclass,,neg_logloss,local,1.0.3,,2.0.5,2022-06-02T04:16:21,361.3,,,,1470470998,CalledProcessError: Command '/plx-context/artifacts/automl/frameworks/flaml/venv/bin/python -W ignore /plx-context/artifacts/automl/frameworks/flaml/exec.py' returned non-zero exit status 1.,,,,
openml.org/t/53,vehicle,flaml,6m_10F_2c_8GB,2,multiclass,,neg_logloss,local,1.0.3,,2.0.5,2022-06-02T04:22:23,361.4,,,,1470470999,CalledProcessError: Command '/plx-context/artifacts/automl/frameworks/flaml/venv/bin/python -W ignore /plx-context/artifacts/automl/frameworks/flaml/exec.py' returned non-zero exit status 1.,,,,
openml.org/t/53,vehicle,flaml,6m_10F_2c_8GB,3,multiclass,,neg_logloss,local,1.0.3,,2.0.5,2022-06-02T04:28:24,361.5,,,,1470471000,CalledProcessError: Command '/plx-context/artifacts/automl/frameworks/flaml/venv/bin/python -W ignore /plx-context/artifacts/automl/frameworks/flaml/exec.py' returned non-zero exit status 1.,,,,
openml.org/t/53,vehicle,flaml,6m_10F_2c_8GB,4,multiclass,,neg_logloss,local,1.0.3,,2.0.5,2022-06-02T04:34:25,361.3,,,,1470471001,CalledProcessError: Command '/plx-context/artifacts/automl/frameworks/flaml/venv/bin/python -W ignore /plx-context/artifacts/automl/frameworks/flaml/exec.py' returned non-zero exit status 1.,,,,
openml.org/t/53,vehicle,flaml,6m_10F_2c_8GB,5,multiclass,,neg_logloss,local,1.0.3,,2.0.5,2022-06-02T04:40:27,361.2,,,,1470471002,CalledProcessError: Command '/plx-context/artifacts/automl/frameworks/flaml/venv/bin/python -W ignore /plx-context/artifacts/automl/frameworks/flaml/exec.py' returned non-zero exit status 1.,,,,
openml.org/t/53,vehicle,flaml,6m_10F_2c_8GB,6,multiclass,,neg_logloss,local,1.0.3,,2.0.5,2022-06-02T04:46:28,361.6,,,,1470471003,CalledProcessError: Command '/plx-context/artifacts/automl/frameworks/flaml/venv/bin/python -W ignore /plx-context/artifacts/automl/frameworks/flaml/exec.py' returned non-zero exit status 1.,,,,
openml.org/t/53,vehicle,flaml,6m_10F_2c_8GB,7,multiclass,,neg_logloss,local,1.0.3,,2.0.5,2022-06-02T04:52:30,361.5,,,,1470471004,CalledProcessError: Command '/plx-context/artifacts/automl/frameworks/flaml/venv/bin/python -W ignore /plx-context/artifacts/automl/frameworks/flaml/exec.py' returned non-zero exit status 1.,,,,
openml.org/t/53,vehicle,flaml,6m_10F_2c_8GB,8,multiclass,,neg_logloss,local,1.0.3,,2.0.5,2022-06-02T04:58:31,361.7,,,,1470471005,CalledProcessError: Command '/plx-context/artifacts/automl/frameworks/flaml/venv/bin/python -W ignore /plx-context/artifacts/automl/frameworks/flaml/exec.py' returned non-zero exit status 1.,,,,
openml.org/t/53,vehicle,flaml,6m_10F_2c_8GB,9,multiclass,,neg_logloss,local,1.0.3,,2.0.5,2022-06-02T05:04:32,360.9,,,,1470471006,CalledProcessError: Command '/plx-context/artifacts/automl/frameworks/flaml/venv/bin/python -W ignore /plx-context/artifacts/automl/frameworks/flaml/exec.py' returned non-zero exit status 1.,,,,
