{
    "framework": "DecisionTree",
    "framework_params": {},
    "framework_version": "0.24.2",
    "type": "classification",
    "name": "kr-vs-kp",
    "fold": 1,
    "metric": "auc",
    "metrics": [
        "auc",
        "logloss",
        "acc",
        "balacc"
    ],
    "seed": 1908032092,
    "job_timeout_seconds": 720,
    "max_runtime_seconds": 360,
    "cores": 2,
    "max_mem_size_mb": 8192,
    "min_vol_size_mb": -1,
    "input_dir": "/root/.cache/openml",
    "output_dir": "/devops-k8s/results/decisiontree.small.6m_10f_2c_8gb.local.20220602T125943",
    "output_predictions_file": "/devops-k8s/results/decisiontree.small.6m_10f_2c_8gb.local.20220602T125943/predictions/kr-vs-kp/1/predictions.csv",
    "ext": {},
    "type_": "binary",
    "output_metadata_file": "/devops-k8s/results/decisiontree.small.6m_10f_2c_8gb.local.20220602T125943/predictions/kr-vs-kp/1/metadata.json"
}