id,task,framework,constraint,fold,type,result,metric,mode,version,params,app_version,utc,duration,training_duration,predict_duration,models_count,seed,info,acc,auc,balacc,logloss
openml.org/t/146818,Australian,GAMA,6m_10F_2c_8GB,0,binary,,auc,local,21.0.1,,2.0.5,2022-05-30T16:03:11,1.1,,,,253176902,NoResultError: 'ignore',,,,
openml.org/t/146818,Australian,GAMA,6m_10F_2c_8GB,1,binary,,auc,local,21.0.1,,2.0.5,2022-05-30T16:03:13,1.2,,,,253176903,NoResultError: 'ignore',,,,
openml.org/t/146818,Australian,GAMA,6m_10F_2c_8GB,2,binary,,auc,local,21.0.1,,2.0.5,2022-05-30T16:03:14,1.0,,,,253176904,NoResultError: 'ignore',,,,
openml.org/t/146818,Australian,GAMA,6m_10F_2c_8GB,3,binary,,auc,local,21.0.1,,2.0.5,2022-05-30T16:03:15,1.1,,,,253176905,NoResultError: 'ignore',,,,
openml.org/t/146818,Australian,GAMA,6m_10F_2c_8GB,4,binary,,auc,local,21.0.1,,2.0.5,2022-05-30T16:03:16,1.1,,,,253176906,NoResultError: 'ignore',,,,
openml.org/t/146818,Australian,GAMA,6m_10F_2c_8GB,5,binary,,auc,local,21.0.1,,2.0.5,2022-05-30T16:03:17,1.0,,,,253176907,NoResultError: 'ignore',,,,
openml.org/t/146818,Australian,GAMA,6m_10F_2c_8GB,6,binary,,auc,local,21.0.1,,2.0.5,2022-05-30T16:03:18,1.1,,,,253176908,NoResultError: 'ignore',,,,
openml.org/t/146818,Australian,GAMA,6m_10F_2c_8GB,7,binary,,auc,local,21.0.1,,2.0.5,2022-05-30T16:03:19,1.0,,,,253176909,NoResultError: 'ignore',,,,
openml.org/t/146818,Australian,GAMA,6m_10F_2c_8GB,8,binary,,auc,local,21.0.1,,2.0.5,2022-05-30T16:03:20,1.1,,,,253176910,NoResultError: 'ignore',,,,
openml.org/t/146818,Australian,GAMA,6m_10F_2c_8GB,9,binary,,auc,local,21.0.1,,2.0.5,2022-05-30T16:03:21,1.0,,,,253176911,NoResultError: 'ignore',,,,
openml.org/t/10101,blood-transfusion,GAMA,6m_10F_2c_8GB,0,binary,,auc,local,21.0.1,,2.0.5,2022-05-30T16:03:23,1.0,,,,253176902,NoResultError: 'ignore',,,,
openml.org/t/10101,blood-transfusion,GAMA,6m_10F_2c_8GB,1,binary,,auc,local,21.0.1,,2.0.5,2022-05-30T16:03:24,0.9,,,,253176903,NoResultError: 'ignore',,,,
openml.org/t/10101,blood-transfusion,GAMA,6m_10F_2c_8GB,2,binary,,auc,local,21.0.1,,2.0.5,2022-05-30T16:03:25,0.9,,,,253176904,NoResultError: 'ignore',,,,
openml.org/t/10101,blood-transfusion,GAMA,6m_10F_2c_8GB,3,binary,,auc,local,21.0.1,,2.0.5,2022-05-30T16:03:26,1.0,,,,253176905,NoResultError: 'ignore',,,,
openml.org/t/10101,blood-transfusion,GAMA,6m_10F_2c_8GB,4,binary,,auc,local,21.0.1,,2.0.5,2022-05-30T16:03:27,0.9,,,,253176906,NoResultError: 'ignore',,,,
openml.org/t/10101,blood-transfusion,GAMA,6m_10F_2c_8GB,5,binary,,auc,local,21.0.1,,2.0.5,2022-05-30T16:03:28,1.0,,,,253176907,NoResultError: 'ignore',,,,
openml.org/t/10101,blood-transfusion,GAMA,6m_10F_2c_8GB,6,binary,,auc,local,21.0.1,,2.0.5,2022-05-30T16:03:29,0.9,,,,253176908,NoResultError: 'ignore',,,,
openml.org/t/10101,blood-transfusion,GAMA,6m_10F_2c_8GB,7,binary,,auc,local,21.0.1,,2.0.5,2022-05-30T16:03:30,0.9,,,,253176909,NoResultError: 'ignore',,,,
openml.org/t/10101,blood-transfusion,GAMA,6m_10F_2c_8GB,8,binary,,auc,local,21.0.1,,2.0.5,2022-05-30T16:03:31,0.9,,,,253176910,NoResultError: 'ignore',,,,
openml.org/t/10101,blood-transfusion,GAMA,6m_10F_2c_8GB,9,binary,,auc,local,21.0.1,,2.0.5,2022-05-30T16:03:32,0.9,,,,253176911,NoResultError: 'ignore',,,,
openml.org/t/146821,car,GAMA,6m_10F_2c_8GB,0,multiclass,,neg_logloss,local,21.0.1,,2.0.5,2022-05-30T16:03:34,1.0,,,,253176902,NoResultError: 'ignore',,,,
openml.org/t/146821,car,GAMA,6m_10F_2c_8GB,1,multiclass,,neg_logloss,local,21.0.1,,2.0.5,2022-05-30T16:03:35,1.0,,,,253176903,NoResultError: 'ignore',,,,
openml.org/t/146821,car,GAMA,6m_10F_2c_8GB,2,multiclass,,neg_logloss,local,21.0.1,,2.0.5,2022-05-30T16:03:36,1.0,,,,253176904,NoResultError: 'ignore',,,,
openml.org/t/146821,car,GAMA,6m_10F_2c_8GB,3,multiclass,,neg_logloss,local,21.0.1,,2.0.5,2022-05-30T16:03:37,1.0,,,,253176905,NoResultError: 'ignore',,,,
openml.org/t/146821,car,GAMA,6m_10F_2c_8GB,4,multiclass,,neg_logloss,local,21.0.1,,2.0.5,2022-05-30T16:03:38,1.1,,,,253176906,NoResultError: 'ignore',,,,
openml.org/t/146821,car,GAMA,6m_10F_2c_8GB,5,multiclass,,neg_logloss,local,21.0.1,,2.0.5,2022-05-30T16:03:39,1.0,,,,253176907,NoResultError: 'ignore',,,,
openml.org/t/146821,car,GAMA,6m_10F_2c_8GB,6,multiclass,,neg_logloss,local,21.0.1,,2.0.5,2022-05-30T16:03:40,1.1,,,,253176908,NoResultError: 'ignore',,,,
openml.org/t/146821,car,GAMA,6m_10F_2c_8GB,7,multiclass,,neg_logloss,local,21.0.1,,2.0.5,2022-05-30T16:03:41,1.0,,,,253176909,NoResultError: 'ignore',,,,
openml.org/t/146821,car,GAMA,6m_10F_2c_8GB,8,multiclass,,neg_logloss,local,21.0.1,,2.0.5,2022-05-30T16:03:42,1.1,,,,253176910,NoResultError: 'ignore',,,,
openml.org/t/146821,car,GAMA,6m_10F_2c_8GB,9,multiclass,,neg_logloss,local,21.0.1,,2.0.5,2022-05-30T16:03:43,1.1,,,,253176911,NoResultError: 'ignore',,,,
openml.org/t/168908,christine,GAMA,6m_10F_2c_8GB,0,binary,,auc,local,21.0.1,,2.0.5,2022-05-30T16:04:02,10.5,,,,253176902,NoResultError: 'ignore',,,,
openml.org/t/168908,christine,GAMA,6m_10F_2c_8GB,1,binary,,auc,local,21.0.1,,2.0.5,2022-05-30T16:04:12,9.5,,,,253176903,NoResultError: 'ignore',,,,
openml.org/t/168908,christine,GAMA,6m_10F_2c_8GB,2,binary,,auc,local,21.0.1,,2.0.5,2022-05-30T16:04:21,9.0,,,,253176904,NoResultError: 'ignore',,,,
openml.org/t/168908,christine,GAMA,6m_10F_2c_8GB,3,binary,,auc,local,21.0.1,,2.0.5,2022-05-30T16:04:30,9.1,,,,253176905,NoResultError: 'ignore',,,,
openml.org/t/168908,christine,GAMA,6m_10F_2c_8GB,4,binary,,auc,local,21.0.1,,2.0.5,2022-05-30T16:04:39,8.8,,,,253176906,NoResultError: 'ignore',,,,
openml.org/t/168908,christine,GAMA,6m_10F_2c_8GB,5,binary,,auc,local,21.0.1,,2.0.5,2022-05-30T16:04:49,9.9,,,,253176907,NoResultError: 'ignore',,,,
openml.org/t/168908,christine,GAMA,6m_10F_2c_8GB,6,binary,,auc,local,21.0.1,,2.0.5,2022-05-30T16:04:59,9.8,,,,253176908,NoResultError: 'ignore',,,,
openml.org/t/168908,christine,GAMA,6m_10F_2c_8GB,7,binary,,auc,local,21.0.1,,2.0.5,2022-05-30T16:05:09,10.0,,,,253176909,NoResultError: 'ignore',,,,
openml.org/t/168908,christine,GAMA,6m_10F_2c_8GB,8,binary,,auc,local,21.0.1,,2.0.5,2022-05-30T16:05:19,10.2,,,,253176910,NoResultError: 'ignore',,,,
openml.org/t/168908,christine,GAMA,6m_10F_2c_8GB,9,binary,,auc,local,21.0.1,,2.0.5,2022-05-30T16:05:28,9.5,,,,253176911,NoResultError: 'ignore',,,,
openml.org/t/9981,cnae-9,GAMA,6m_10F_2c_8GB,0,multiclass,,neg_logloss,local,21.0.1,,2.0.5,2022-05-30T16:05:32,1.8,,,,253176902,NoResultError: 'ignore',,,,
openml.org/t/9981,cnae-9,GAMA,6m_10F_2c_8GB,1,multiclass,,neg_logloss,local,21.0.1,,2.0.5,2022-05-30T16:05:33,1.7,,,,253176903,NoResultError: 'ignore',,,,
openml.org/t/9981,cnae-9,GAMA,6m_10F_2c_8GB,2,multiclass,,neg_logloss,local,21.0.1,,2.0.5,2022-05-30T16:05:35,1.7,,,,253176904,NoResultError: 'ignore',,,,
openml.org/t/9981,cnae-9,GAMA,6m_10F_2c_8GB,3,multiclass,,neg_logloss,local,21.0.1,,2.0.5,2022-05-30T16:05:37,1.7,,,,253176905,NoResultError: 'ignore',,,,
openml.org/t/9981,cnae-9,GAMA,6m_10F_2c_8GB,4,multiclass,,neg_logloss,local,21.0.1,,2.0.5,2022-05-30T16:05:39,1.7,,,,253176906,NoResultError: 'ignore',,,,
openml.org/t/9981,cnae-9,GAMA,6m_10F_2c_8GB,5,multiclass,,neg_logloss,local,21.0.1,,2.0.5,2022-05-30T16:05:40,1.6,,,,253176907,NoResultError: 'ignore',,,,
openml.org/t/9981,cnae-9,GAMA,6m_10F_2c_8GB,6,multiclass,,neg_logloss,local,21.0.1,,2.0.5,2022-05-30T16:05:42,1.7,,,,253176908,NoResultError: 'ignore',,,,
openml.org/t/9981,cnae-9,GAMA,6m_10F_2c_8GB,7,multiclass,,neg_logloss,local,21.0.1,,2.0.5,2022-05-30T16:05:44,1.8,,,,253176909,NoResultError: 'ignore',,,,
openml.org/t/9981,cnae-9,GAMA,6m_10F_2c_8GB,8,multiclass,,neg_logloss,local,21.0.1,,2.0.5,2022-05-30T16:05:45,1.8,,,,253176910,NoResultError: 'ignore',,,,
openml.org/t/9981,cnae-9,GAMA,6m_10F_2c_8GB,9,multiclass,,neg_logloss,local,21.0.1,,2.0.5,2022-05-30T16:05:47,2.0,,,,253176911,NoResultError: 'ignore',,,,
openml.org/t/31,credit-g,GAMA,6m_10F_2c_8GB,0,binary,,auc,local,21.0.1,,2.0.5,2022-05-30T16:05:50,1.2,,,,253176902,NoResultError: 'ignore',,,,
openml.org/t/31,credit-g,GAMA,6m_10F_2c_8GB,1,binary,,auc,local,21.0.1,,2.0.5,2022-05-30T16:05:51,1.1,,,,253176903,NoResultError: 'ignore',,,,
openml.org/t/31,credit-g,GAMA,6m_10F_2c_8GB,2,binary,,auc,local,21.0.1,,2.0.5,2022-05-30T16:05:52,1.1,,,,253176904,NoResultError: 'ignore',,,,
openml.org/t/31,credit-g,GAMA,6m_10F_2c_8GB,3,binary,,auc,local,21.0.1,,2.0.5,2022-05-30T16:05:53,1.1,,,,253176905,NoResultError: 'ignore',,,,
openml.org/t/31,credit-g,GAMA,6m_10F_2c_8GB,4,binary,,auc,local,21.0.1,,2.0.5,2022-05-30T16:05:54,1.1,,,,253176906,NoResultError: 'ignore',,,,
openml.org/t/31,credit-g,GAMA,6m_10F_2c_8GB,5,binary,,auc,local,21.0.1,,2.0.5,2022-05-30T16:05:56,1.1,,,,253176907,NoResultError: 'ignore',,,,
openml.org/t/31,credit-g,GAMA,6m_10F_2c_8GB,6,binary,,auc,local,21.0.1,,2.0.5,2022-05-30T16:05:57,1.1,,,,253176908,NoResultError: 'ignore',,,,
openml.org/t/31,credit-g,GAMA,6m_10F_2c_8GB,7,binary,,auc,local,21.0.1,,2.0.5,2022-05-30T16:05:58,1.2,,,,253176909,NoResultError: 'ignore',,,,
openml.org/t/31,credit-g,GAMA,6m_10F_2c_8GB,8,binary,,auc,local,21.0.1,,2.0.5,2022-05-30T16:05:59,1.1,,,,253176910,NoResultError: 'ignore',,,,
openml.org/t/31,credit-g,GAMA,6m_10F_2c_8GB,9,binary,,auc,local,21.0.1,,2.0.5,2022-05-30T16:06:00,1.0,,,,253176911,NoResultError: 'ignore',,,,
openml.org/t/168909,dilbert,GAMA,6m_10F_2c_8GB,0,multiclass,,neg_logloss,local,21.0.1,,2.0.5,2022-05-30T16:07:21,25.8,,,,253176902,NoResultError: 'ignore',,,,
openml.org/t/168909,dilbert,GAMA,6m_10F_2c_8GB,1,multiclass,,neg_logloss,local,21.0.1,,2.0.5,2022-05-30T16:07:45,24.3,,,,253176903,NoResultError: 'ignore',,,,
openml.org/t/168909,dilbert,GAMA,6m_10F_2c_8GB,2,multiclass,,neg_logloss,local,21.0.1,,2.0.5,2022-05-30T16:08:10,24.8,,,,253176904,NoResultError: 'ignore',,,,
openml.org/t/168909,dilbert,GAMA,6m_10F_2c_8GB,3,multiclass,,neg_logloss,local,21.0.1,,2.0.5,2022-05-30T16:08:34,23.7,,,,253176905,NoResultError: 'ignore',,,,
openml.org/t/168909,dilbert,GAMA,6m_10F_2c_8GB,4,multiclass,,neg_logloss,local,21.0.1,,2.0.5,2022-05-30T16:09:00,25.6,,,,253176906,NoResultError: 'ignore',,,,
openml.org/t/168909,dilbert,GAMA,6m_10F_2c_8GB,5,multiclass,,neg_logloss,local,21.0.1,,2.0.5,2022-05-30T16:09:23,23.5,,,,253176907,NoResultError: 'ignore',,,,
openml.org/t/168909,dilbert,GAMA,6m_10F_2c_8GB,6,multiclass,,neg_logloss,local,21.0.1,,2.0.5,2022-05-30T16:09:46,22.7,,,,253176908,NoResultError: 'ignore',,,,
openml.org/t/168909,dilbert,GAMA,6m_10F_2c_8GB,7,multiclass,,neg_logloss,local,21.0.1,,2.0.5,2022-05-30T16:10:09,23.5,,,,253176909,NoResultError: 'ignore',,,,
openml.org/t/168909,dilbert,GAMA,6m_10F_2c_8GB,8,multiclass,,neg_logloss,local,21.0.1,,2.0.5,2022-05-30T16:10:33,23.5,,,,253176910,NoResultError: 'ignore',,,,
openml.org/t/168909,dilbert,GAMA,6m_10F_2c_8GB,9,multiclass,,neg_logloss,local,21.0.1,,2.0.5,2022-05-30T16:10:57,24.4,,,,253176911,NoResultError: 'ignore',,,,
openml.org/t/168910,fabert,GAMA,6m_10F_2c_8GB,0,multiclass,,neg_logloss,local,21.0.1,,2.0.5,2022-05-30T16:11:05,5.7,,,,253176902,NoResultError: 'ignore',,,,
openml.org/t/168910,fabert,GAMA,6m_10F_2c_8GB,1,multiclass,,neg_logloss,local,21.0.1,,2.0.5,2022-05-30T16:11:11,5.6,,,,253176903,NoResultError: 'ignore',,,,
openml.org/t/168910,fabert,GAMA,6m_10F_2c_8GB,2,multiclass,,neg_logloss,local,21.0.1,,2.0.5,2022-05-30T16:11:16,5.2,,,,253176904,NoResultError: 'ignore',,,,
openml.org/t/168910,fabert,GAMA,6m_10F_2c_8GB,3,multiclass,,neg_logloss,local,21.0.1,,2.0.5,2022-05-30T16:11:21,5.5,,,,253176905,NoResultError: 'ignore',,,,
openml.org/t/168910,fabert,GAMA,6m_10F_2c_8GB,4,multiclass,,neg_logloss,local,21.0.1,,2.0.5,2022-05-30T16:11:27,5.3,,,,253176906,NoResultError: 'ignore',,,,
openml.org/t/168910,fabert,GAMA,6m_10F_2c_8GB,5,multiclass,,neg_logloss,local,21.0.1,,2.0.5,2022-05-30T16:11:32,5.4,,,,253176907,NoResultError: 'ignore',,,,
openml.org/t/168910,fabert,GAMA,6m_10F_2c_8GB,6,multiclass,,neg_logloss,local,21.0.1,,2.0.5,2022-05-30T16:11:38,5.7,,,,253176908,NoResultError: 'ignore',,,,
openml.org/t/168910,fabert,GAMA,6m_10F_2c_8GB,7,multiclass,,neg_logloss,local,21.0.1,,2.0.5,2022-05-30T16:11:43,5.4,,,,253176909,NoResultError: 'ignore',,,,
openml.org/t/168910,fabert,GAMA,6m_10F_2c_8GB,8,multiclass,,neg_logloss,local,21.0.1,,2.0.5,2022-05-30T16:11:50,6.3,,,,253176910,NoResultError: 'ignore',,,,
openml.org/t/168910,fabert,GAMA,6m_10F_2c_8GB,9,multiclass,,neg_logloss,local,21.0.1,,2.0.5,2022-05-30T16:11:55,5.6,,,,253176911,NoResultError: 'ignore',,,,
openml.org/t/168911,jasmine,GAMA,6m_10F_2c_8GB,0,binary,,auc,local,21.0.1,,2.0.5,2022-05-30T16:12:11,2.2,,,,253176902,NoResultError: 'ignore',,,,
openml.org/t/168911,jasmine,GAMA,6m_10F_2c_8GB,1,binary,,auc,local,21.0.1,,2.0.5,2022-05-30T16:12:14,2.6,,,,253176903,NoResultError: 'ignore',,,,
openml.org/t/168911,jasmine,GAMA,6m_10F_2c_8GB,2,binary,,auc,local,21.0.1,,2.0.5,2022-05-30T16:12:16,2.2,,,,253176904,NoResultError: 'ignore',,,,
openml.org/t/168911,jasmine,GAMA,6m_10F_2c_8GB,3,binary,,auc,local,21.0.1,,2.0.5,2022-05-30T16:12:18,2.3,,,,253176905,NoResultError: 'ignore',,,,
openml.org/t/168911,jasmine,GAMA,6m_10F_2c_8GB,4,binary,,auc,local,21.0.1,,2.0.5,2022-05-30T16:12:21,2.3,,,,253176906,NoResultError: 'ignore',,,,
openml.org/t/168911,jasmine,GAMA,6m_10F_2c_8GB,5,binary,,auc,local,21.0.1,,2.0.5,2022-05-30T16:12:23,2.2,,,,253176907,NoResultError: 'ignore',,,,
openml.org/t/168911,jasmine,GAMA,6m_10F_2c_8GB,6,binary,,auc,local,21.0.1,,2.0.5,2022-05-30T16:12:25,2.3,,,,253176908,NoResultError: 'ignore',,,,
openml.org/t/168911,jasmine,GAMA,6m_10F_2c_8GB,7,binary,,auc,local,21.0.1,,2.0.5,2022-05-30T16:12:27,2.2,,,,253176909,NoResultError: 'ignore',,,,
openml.org/t/168911,jasmine,GAMA,6m_10F_2c_8GB,8,binary,,auc,local,21.0.1,,2.0.5,2022-05-30T16:12:30,2.3,,,,253176910,NoResultError: 'ignore',,,,
openml.org/t/168911,jasmine,GAMA,6m_10F_2c_8GB,9,binary,,auc,local,21.0.1,,2.0.5,2022-05-30T16:12:32,2.3,,,,253176911,NoResultError: 'ignore',,,,
openml.org/t/3917,kc1,GAMA,6m_10F_2c_8GB,0,binary,,auc,local,21.0.1,,2.0.5,2022-05-30T16:12:34,1.0,,,,253176902,NoResultError: 'ignore',,,,
openml.org/t/3917,kc1,GAMA,6m_10F_2c_8GB,1,binary,,auc,local,21.0.1,,2.0.5,2022-05-30T16:12:35,1.1,,,,253176903,NoResultError: 'ignore',,,,
openml.org/t/3917,kc1,GAMA,6m_10F_2c_8GB,2,binary,,auc,local,21.0.1,,2.0.5,2022-05-30T16:12:36,1.0,,,,253176904,NoResultError: 'ignore',,,,
openml.org/t/3917,kc1,GAMA,6m_10F_2c_8GB,3,binary,,auc,local,21.0.1,,2.0.5,2022-05-30T16:12:37,1.1,,,,253176905,NoResultError: 'ignore',,,,
openml.org/t/3917,kc1,GAMA,6m_10F_2c_8GB,4,binary,,auc,local,21.0.1,,2.0.5,2022-05-30T16:12:38,1.0,,,,253176906,NoResultError: 'ignore',,,,
openml.org/t/3917,kc1,GAMA,6m_10F_2c_8GB,5,binary,,auc,local,21.0.1,,2.0.5,2022-05-30T16:12:39,1.0,,,,253176907,NoResultError: 'ignore',,,,
openml.org/t/3917,kc1,GAMA,6m_10F_2c_8GB,6,binary,,auc,local,21.0.1,,2.0.5,2022-05-30T16:12:40,1.0,,,,253176908,NoResultError: 'ignore',,,,
openml.org/t/3917,kc1,GAMA,6m_10F_2c_8GB,7,binary,,auc,local,21.0.1,,2.0.5,2022-05-30T16:12:42,1.1,,,,253176909,NoResultError: 'ignore',,,,
openml.org/t/3917,kc1,GAMA,6m_10F_2c_8GB,8,binary,,auc,local,21.0.1,,2.0.5,2022-05-30T16:12:43,1.1,,,,253176910,NoResultError: 'ignore',,,,
openml.org/t/3917,kc1,GAMA,6m_10F_2c_8GB,9,binary,,auc,local,21.0.1,,2.0.5,2022-05-30T16:12:44,1.1,,,,253176911,NoResultError: 'ignore',,,,
openml.org/t/3,kr-vs-kp,GAMA,6m_10F_2c_8GB,0,binary,,auc,local,21.0.1,,2.0.5,2022-05-30T16:12:47,1.5,,,,253176902,NoResultError: 'ignore',,,,
openml.org/t/3,kr-vs-kp,GAMA,6m_10F_2c_8GB,1,binary,,auc,local,21.0.1,,2.0.5,2022-05-30T16:12:48,1.4,,,,253176903,NoResultError: 'ignore',,,,
openml.org/t/3,kr-vs-kp,GAMA,6m_10F_2c_8GB,2,binary,,auc,local,21.0.1,,2.0.5,2022-05-30T16:12:49,1.4,,,,253176904,NoResultError: 'ignore',,,,
openml.org/t/3,kr-vs-kp,GAMA,6m_10F_2c_8GB,3,binary,,auc,local,21.0.1,,2.0.5,2022-05-30T16:12:51,1.5,,,,253176905,NoResultError: 'ignore',,,,
openml.org/t/3,kr-vs-kp,GAMA,6m_10F_2c_8GB,4,binary,,auc,local,21.0.1,,2.0.5,2022-05-30T16:12:52,1.3,,,,253176906,NoResultError: 'ignore',,,,
openml.org/t/3,kr-vs-kp,GAMA,6m_10F_2c_8GB,5,binary,,auc,local,21.0.1,,2.0.5,2022-05-30T16:12:54,1.4,,,,253176907,NoResultError: 'ignore',,,,
openml.org/t/3,kr-vs-kp,GAMA,6m_10F_2c_8GB,6,binary,,auc,local,21.0.1,,2.0.5,2022-05-30T16:12:55,1.4,,,,253176908,NoResultError: 'ignore',,,,
openml.org/t/3,kr-vs-kp,GAMA,6m_10F_2c_8GB,7,binary,,auc,local,21.0.1,,2.0.5,2022-05-30T16:12:56,1.4,,,,253176909,NoResultError: 'ignore',,,,
openml.org/t/3,kr-vs-kp,GAMA,6m_10F_2c_8GB,8,binary,,auc,local,21.0.1,,2.0.5,2022-05-30T16:12:58,1.3,,,,253176910,NoResultError: 'ignore',,,,
openml.org/t/3,kr-vs-kp,GAMA,6m_10F_2c_8GB,9,binary,,auc,local,21.0.1,,2.0.5,2022-05-30T16:12:59,1.4,,,,253176911,NoResultError: 'ignore',,,,
openml.org/t/12,mfeat-factors,GAMA,6m_10F_2c_8GB,0,multiclass,,neg_logloss,local,21.0.1,,2.0.5,2022-05-30T16:13:02,1.4,,,,253176902,NoResultError: 'ignore',,,,
openml.org/t/12,mfeat-factors,GAMA,6m_10F_2c_8GB,1,multiclass,,neg_logloss,local,21.0.1,,2.0.5,2022-05-30T16:13:04,1.3,,,,253176903,NoResultError: 'ignore',,,,
openml.org/t/12,mfeat-factors,GAMA,6m_10F_2c_8GB,2,multiclass,,neg_logloss,local,21.0.1,,2.0.5,2022-05-30T16:13:05,1.3,,,,253176904,NoResultError: 'ignore',,,,
openml.org/t/12,mfeat-factors,GAMA,6m_10F_2c_8GB,3,multiclass,,neg_logloss,local,21.0.1,,2.0.5,2022-05-30T16:13:06,1.3,,,,253176905,NoResultError: 'ignore',,,,
openml.org/t/12,mfeat-factors,GAMA,6m_10F_2c_8GB,4,multiclass,,neg_logloss,local,21.0.1,,2.0.5,2022-05-30T16:13:07,1.3,,,,253176906,NoResultError: 'ignore',,,,
openml.org/t/12,mfeat-factors,GAMA,6m_10F_2c_8GB,5,multiclass,,neg_logloss,local,21.0.1,,2.0.5,2022-05-30T16:13:09,1.3,,,,253176907,NoResultError: 'ignore',,,,
openml.org/t/12,mfeat-factors,GAMA,6m_10F_2c_8GB,6,multiclass,,neg_logloss,local,21.0.1,,2.0.5,2022-05-30T16:13:10,1.3,,,,253176908,NoResultError: 'ignore',,,,
openml.org/t/12,mfeat-factors,GAMA,6m_10F_2c_8GB,7,multiclass,,neg_logloss,local,21.0.1,,2.0.5,2022-05-30T16:13:11,1.3,,,,253176909,NoResultError: 'ignore',,,,
openml.org/t/12,mfeat-factors,GAMA,6m_10F_2c_8GB,8,multiclass,,neg_logloss,local,21.0.1,,2.0.5,2022-05-30T16:13:13,1.3,,,,253176910,NoResultError: 'ignore',,,,
openml.org/t/12,mfeat-factors,GAMA,6m_10F_2c_8GB,9,multiclass,,neg_logloss,local,21.0.1,,2.0.5,2022-05-30T16:13:14,1.3,,,,253176911,NoResultError: 'ignore',,,,
openml.org/t/9952,phoneme,GAMA,6m_10F_2c_8GB,0,binary,,auc,local,21.0.1,,2.0.5,2022-05-30T16:13:17,1.0,,,,253176902,NoResultError: 'ignore',,,,
openml.org/t/9952,phoneme,GAMA,6m_10F_2c_8GB,1,binary,,auc,local,21.0.1,,2.0.5,2022-05-30T16:13:18,1.0,,,,253176903,NoResultError: 'ignore',,,,
openml.org/t/9952,phoneme,GAMA,6m_10F_2c_8GB,2,binary,,auc,local,21.0.1,,2.0.5,2022-05-30T16:13:19,1.0,,,,253176904,NoResultError: 'ignore',,,,
openml.org/t/9952,phoneme,GAMA,6m_10F_2c_8GB,3,binary,,auc,local,21.0.1,,2.0.5,2022-05-30T16:13:20,1.0,,,,253176905,NoResultError: 'ignore',,,,
openml.org/t/9952,phoneme,GAMA,6m_10F_2c_8GB,4,binary,,auc,local,21.0.1,,2.0.5,2022-05-30T16:13:21,1.0,,,,253176906,NoResultError: 'ignore',,,,
openml.org/t/9952,phoneme,GAMA,6m_10F_2c_8GB,5,binary,,auc,local,21.0.1,,2.0.5,2022-05-30T16:13:22,1.0,,,,253176907,NoResultError: 'ignore',,,,
openml.org/t/9952,phoneme,GAMA,6m_10F_2c_8GB,6,binary,,auc,local,21.0.1,,2.0.5,2022-05-30T16:13:23,1.1,,,,253176908,NoResultError: 'ignore',,,,
openml.org/t/9952,phoneme,GAMA,6m_10F_2c_8GB,7,binary,,auc,local,21.0.1,,2.0.5,2022-05-30T16:13:24,1.1,,,,253176909,NoResultError: 'ignore',,,,
openml.org/t/9952,phoneme,GAMA,6m_10F_2c_8GB,8,binary,,auc,local,21.0.1,,2.0.5,2022-05-30T16:13:25,1.1,,,,253176910,NoResultError: 'ignore',,,,
openml.org/t/9952,phoneme,GAMA,6m_10F_2c_8GB,9,binary,,auc,local,21.0.1,,2.0.5,2022-05-30T16:13:26,1.1,,,,253176911,NoResultError: 'ignore',,,,
openml.org/t/146822,segment,GAMA,6m_10F_2c_8GB,0,multiclass,,neg_logloss,local,21.0.1,,2.0.5,2022-05-30T16:13:30,1.1,,,,253176902,NoResultError: 'ignore',,,,
openml.org/t/146822,segment,GAMA,6m_10F_2c_8GB,1,multiclass,,neg_logloss,local,21.0.1,,2.0.5,2022-05-30T16:13:31,1.1,,,,253176903,NoResultError: 'ignore',,,,
openml.org/t/146822,segment,GAMA,6m_10F_2c_8GB,2,multiclass,,neg_logloss,local,21.0.1,,2.0.5,2022-05-30T16:13:32,1.2,,,,253176904,NoResultError: 'ignore',,,,
openml.org/t/146822,segment,GAMA,6m_10F_2c_8GB,3,multiclass,,neg_logloss,local,21.0.1,,2.0.5,2022-05-30T16:13:34,1.4,,,,253176905,NoResultError: 'ignore',,,,
openml.org/t/146822,segment,GAMA,6m_10F_2c_8GB,4,multiclass,,neg_logloss,local,21.0.1,,2.0.5,2022-05-30T16:13:35,1.1,,,,253176906,NoResultError: 'ignore',,,,
openml.org/t/146822,segment,GAMA,6m_10F_2c_8GB,5,multiclass,,neg_logloss,local,21.0.1,,2.0.5,2022-05-30T16:13:36,1.1,,,,253176907,NoResultError: 'ignore',,,,
openml.org/t/146822,segment,GAMA,6m_10F_2c_8GB,6,multiclass,,neg_logloss,local,21.0.1,,2.0.5,2022-05-30T16:13:37,1.1,,,,253176908,NoResultError: 'ignore',,,,
openml.org/t/146822,segment,GAMA,6m_10F_2c_8GB,7,multiclass,,neg_logloss,local,21.0.1,,2.0.5,2022-05-30T16:13:38,1.2,,,,253176909,NoResultError: 'ignore',,,,
openml.org/t/146822,segment,GAMA,6m_10F_2c_8GB,8,multiclass,,neg_logloss,local,21.0.1,,2.0.5,2022-05-30T16:13:39,1.2,,,,253176910,NoResultError: 'ignore',,,,
openml.org/t/146822,segment,GAMA,6m_10F_2c_8GB,9,multiclass,,neg_logloss,local,21.0.1,,2.0.5,2022-05-30T16:13:41,1.1,,,,253176911,NoResultError: 'ignore',,,,
openml.org/t/168912,sylvine,GAMA,6m_10F_2c_8GB,0,binary,,auc,local,21.0.1,,2.0.5,2022-05-30T16:13:45,1.3,,,,253176902,NoResultError: 'ignore',,,,
openml.org/t/168912,sylvine,GAMA,6m_10F_2c_8GB,1,binary,,auc,local,21.0.1,,2.0.5,2022-05-30T16:13:46,1.2,,,,253176903,NoResultError: 'ignore',,,,
openml.org/t/168912,sylvine,GAMA,6m_10F_2c_8GB,2,binary,,auc,local,21.0.1,,2.0.5,2022-05-30T16:13:48,1.5,,,,253176904,NoResultError: 'ignore',,,,
openml.org/t/168912,sylvine,GAMA,6m_10F_2c_8GB,3,binary,,auc,local,21.0.1,,2.0.5,2022-05-30T16:13:49,1.3,,,,253176905,NoResultError: 'ignore',,,,
openml.org/t/168912,sylvine,GAMA,6m_10F_2c_8GB,4,binary,,auc,local,21.0.1,,2.0.5,2022-05-30T16:13:50,1.4,,,,253176906,NoResultError: 'ignore',,,,
openml.org/t/168912,sylvine,GAMA,6m_10F_2c_8GB,5,binary,,auc,local,21.0.1,,2.0.5,2022-05-30T16:13:52,1.3,,,,253176907,NoResultError: 'ignore',,,,
openml.org/t/168912,sylvine,GAMA,6m_10F_2c_8GB,6,binary,,auc,local,21.0.1,,2.0.5,2022-05-30T16:13:53,1.3,,,,253176908,NoResultError: 'ignore',,,,
openml.org/t/168912,sylvine,GAMA,6m_10F_2c_8GB,7,binary,,auc,local,21.0.1,,2.0.5,2022-05-30T16:13:54,1.2,,,,253176909,NoResultError: 'ignore',,,,
openml.org/t/168912,sylvine,GAMA,6m_10F_2c_8GB,8,binary,,auc,local,21.0.1,,2.0.5,2022-05-30T16:13:55,1.2,,,,253176910,NoResultError: 'ignore',,,,
openml.org/t/168912,sylvine,GAMA,6m_10F_2c_8GB,9,binary,,auc,local,21.0.1,,2.0.5,2022-05-30T16:13:57,1.2,,,,253176911,NoResultError: 'ignore',,,,
openml.org/t/53,vehicle,GAMA,6m_10F_2c_8GB,0,multiclass,,neg_logloss,local,21.0.1,,2.0.5,2022-05-30T16:14:02,1.0,,,,253176902,NoResultError: 'ignore',,,,
openml.org/t/53,vehicle,GAMA,6m_10F_2c_8GB,1,multiclass,,neg_logloss,local,21.0.1,,2.0.5,2022-05-30T16:14:03,1.0,,,,253176903,NoResultError: 'ignore',,,,
openml.org/t/53,vehicle,GAMA,6m_10F_2c_8GB,2,multiclass,,neg_logloss,local,21.0.1,,2.0.5,2022-05-30T16:14:04,1.0,,,,253176904,NoResultError: 'ignore',,,,
openml.org/t/53,vehicle,GAMA,6m_10F_2c_8GB,3,multiclass,,neg_logloss,local,21.0.1,,2.0.5,2022-05-30T16:14:05,1.1,,,,253176905,NoResultError: 'ignore',,,,
openml.org/t/53,vehicle,GAMA,6m_10F_2c_8GB,4,multiclass,,neg_logloss,local,21.0.1,,2.0.5,2022-05-30T16:14:06,1.0,,,,253176906,NoResultError: 'ignore',,,,
openml.org/t/53,vehicle,GAMA,6m_10F_2c_8GB,5,multiclass,,neg_logloss,local,21.0.1,,2.0.5,2022-05-30T16:14:07,1.0,,,,253176907,NoResultError: 'ignore',,,,
openml.org/t/53,vehicle,GAMA,6m_10F_2c_8GB,6,multiclass,,neg_logloss,local,21.0.1,,2.0.5,2022-05-30T16:14:08,1.0,,,,253176908,NoResultError: 'ignore',,,,
openml.org/t/53,vehicle,GAMA,6m_10F_2c_8GB,7,multiclass,,neg_logloss,local,21.0.1,,2.0.5,2022-05-30T16:14:09,1.0,,,,253176909,NoResultError: 'ignore',,,,
openml.org/t/53,vehicle,GAMA,6m_10F_2c_8GB,8,multiclass,,neg_logloss,local,21.0.1,,2.0.5,2022-05-30T16:14:10,1.0,,,,253176910,NoResultError: 'ignore',,,,
openml.org/t/53,vehicle,GAMA,6m_10F_2c_8GB,9,multiclass,,neg_logloss,local,21.0.1,,2.0.5,2022-05-30T16:14:11,1.0,,,,253176911,NoResultError: 'ignore',,,,
