id,task,framework,constraint,fold,type,result,metric,mode,version,params,app_version,utc,duration,training_duration,predict_duration,models_count,seed,info,acc,auc,balacc,logloss
openml.org/t/146818,Australian,mljarsupervised_compete,6m_10F_2c_8GB,0,binary,0.949066,auc,local,0.11.2,{'mode': 'Compete'},2.0.5,2022-06-04T00:59:29,249.4,238.8,0.6,18,701981514,,0.898551,0.949066,0.898981,0.286275
openml.org/t/146818,Australian,mljarsupervised_compete,6m_10F_2c_8GB,1,binary,0.925297,auc,local,0.11.2,{'mode': 'Compete'},2.0.5,2022-06-04T01:04:55,325.7,317.5,0.2,5,701981515,,0.811594,0.925297,0.799236,0.350076
openml.org/t/146818,Australian,mljarsupervised_compete,6m_10F_2c_8GB,2,binary,0.920204,auc,local,0.11.2,{'mode': 'Compete'},2.0.5,2022-06-04T01:09:52,297.4,289.2,0.2,9,701981516,,0.84058,0.920204,0.84635,0.379522
openml.org/t/146818,Australian,mljarsupervised_compete,6m_10F_2c_8GB,3,binary,0.940577,auc,local,0.11.2,{'mode': 'Compete'},2.0.5,2022-06-04T01:13:51,238.8,230.3,0.4,13,701981517,,0.811594,0.940577,0.820034,0.341263
openml.org/t/146818,Australian,mljarsupervised_compete,6m_10F_2c_8GB,4,binary,0.933786,auc,local,0.11.2,{'mode': 'Compete'},2.0.5,2022-06-04T01:18:58,306.5,298.4,0.2,9,701981518,,0.884058,0.933786,0.882852,0.292544
openml.org/t/146818,Australian,mljarsupervised_compete,6m_10F_2c_8GB,5,binary,0.9618,auc,local,0.11.2,{'mode': 'Compete'},2.0.5,2022-06-04T01:23:34,276.7,268.5,0.3,10,701981519,,0.869565,0.9618,0.869694,0.253395
openml.org/t/146818,Australian,mljarsupervised_compete,6m_10F_2c_8GB,6,binary,0.909168,auc,local,0.11.2,{'mode': 'Compete'},2.0.5,2022-06-04T01:28:20,285.6,277.2,0.2,11,701981520,,0.927536,0.909168,0.922326,0.385336
openml.org/t/146818,Australian,mljarsupervised_compete,6m_10F_2c_8GB,7,binary,0.944444,auc,local,0.11.2,{'mode': 'Compete'},2.0.5,2022-06-04T01:32:27,246.5,237.9,0.4,18,701981521,,0.942029,0.944444,0.944872,0.292516
openml.org/t/146818,Australian,mljarsupervised_compete,6m_10F_2c_8GB,8,binary,0.952137,auc,local,0.11.2,{'mode': 'Compete'},2.0.5,2022-06-04T01:37:07,280.7,272.6,0.05,11,701981522,,0.884058,0.952137,0.870513,0.274685
openml.org/t/146818,Australian,mljarsupervised_compete,6m_10F_2c_8GB,9,binary,,auc,local,0.11.2,{'mode': 'Compete'},2.0.5,2022-06-04T01:49:19,732.1,,,,701981523,NoResultError: Interrupting thread MainThread [ident=139829409404736] after 720s timeout.,,,,
openml.org/t/10101,blood-transfusion,mljarsupervised_compete,6m_10F_2c_8GB,0,binary,0.776316,auc,local,0.11.2,{'mode': 'Compete'},2.0.5,2022-06-04T01:53:12,231.3,222.9,0.2,18,701981514,,0.746667,0.776316,0.567251,0.467041
openml.org/t/10101,blood-transfusion,mljarsupervised_compete,6m_10F_2c_8GB,1,binary,,auc,local,0.11.2,{'mode': 'Compete'},2.0.5,2022-06-04T02:05:24,732.1,,,,701981515,NoResultError: Interrupting thread MainThread [ident=140434717017920] after 720s timeout.,,,,
openml.org/t/10101,blood-transfusion,mljarsupervised_compete,6m_10F_2c_8GB,2,binary,0.701754,auc,local,0.11.2,{'mode': 'Compete'},2.0.5,2022-06-04T02:09:26,241.3,233.4,0.09,9,701981516,,0.773333,0.701754,0.622807,0.510789
openml.org/t/10101,blood-transfusion,mljarsupervised_compete,6m_10F_2c_8GB,3,binary,0.692495,auc,local,0.11.2,{'mode': 'Compete'},2.0.5,2022-06-04T02:14:15,289.4,281.6,0.1,9,701981517,,0.786667,0.692495,0.669591,0.551805
openml.org/t/10101,blood-transfusion,mljarsupervised_compete,6m_10F_2c_8GB,4,binary,0.791423,auc,local,0.11.2,{'mode': 'Compete'},2.0.5,2022-06-04T02:18:08,233.2,225.2,0.1,10,701981518,,0.8,0.791423,0.659357,0.453104
openml.org/t/10101,blood-transfusion,mljarsupervised_compete,6m_10F_2c_8GB,5,binary,0.747076,auc,local,0.11.2,{'mode': 'Compete'},2.0.5,2022-06-04T02:24:32,384.3,372.1,3.6,51,701981519,,0.786667,0.747076,0.612573,0.476956
openml.org/t/10101,blood-transfusion,mljarsupervised_compete,6m_10F_2c_8GB,6,binary,0.782164,auc,local,0.11.2,{'mode': 'Compete'},2.0.5,2022-06-04T02:28:35,242.6,234.6,0.1,13,701981520,,0.8,0.782164,0.678363,0.459461
openml.org/t/10101,blood-transfusion,mljarsupervised_compete,6m_10F_2c_8GB,7,binary,0.738304,auc,local,0.11.2,{'mode': 'Compete'},2.0.5,2022-06-04T02:33:33,297.6,289.3,0.3,7,701981521,,0.8,0.738304,0.640351,0.482543
openml.org/t/10101,blood-transfusion,mljarsupervised_compete,6m_10F_2c_8GB,8,binary,0.750774,auc,local,0.11.2,{'mode': 'Compete'},2.0.5,2022-06-04T02:38:02,269.7,261.7,0.07,10,701981522,,0.824324,0.750774,0.700206,0.47019
openml.org/t/10101,blood-transfusion,mljarsupervised_compete,6m_10F_2c_8GB,9,binary,0.772446,auc,local,0.11.2,{'mode': 'Compete'},2.0.5,2022-06-04T02:43:19,316.4,308.5,0.07,6,701981523,,0.797297,0.772446,0.620743,0.463825
openml.org/t/146821,car,mljarsupervised_compete,6m_10F_2c_8GB,0,multiclass,,neg_logloss,local,0.11.2,{'mode': 'Compete'},2.0.5,2022-06-04T02:55:33,730.3,,,,701981514,NoResultError: Interrupting thread MainThread [ident=140218422265664] after 720s timeout.,,,,
openml.org/t/146821,car,mljarsupervised_compete,6m_10F_2c_8GB,1,multiclass,,neg_logloss,local,0.11.2,{'mode': 'Compete'},2.0.5,2022-06-04T03:07:44,731.3,,,,701981515,NoResultError: Interrupting thread MainThread [ident=140524448610112] after 720s timeout.,,,,
openml.org/t/146821,car,mljarsupervised_compete,6m_10F_2c_8GB,2,multiclass,,neg_logloss,local,0.11.2,{'mode': 'Compete'},2.0.5,2022-06-04T03:19:58,733.5,,,,701981516,NoResultError: Interrupting thread MainThread [ident=139658295867200] after 720s timeout.,,,,
openml.org/t/146821,car,mljarsupervised_compete,6m_10F_2c_8GB,3,multiclass,,neg_logloss,local,0.11.2,{'mode': 'Compete'},2.0.5,2022-06-04T03:32:10,732.3,,,,701981517,CalledProcessError: Command '/plx-context/artifacts/automl/frameworks/mljarsupervised/venv/bin/python -W ignore /plx-context/artifacts/automl/frameworks/mljarsupervised/exec.py' returned non-zero exi…,,,,
openml.org/t/146821,car,mljarsupervised_compete,6m_10F_2c_8GB,4,multiclass,,neg_logloss,local,0.11.2,{'mode': 'Compete'},2.0.5,2022-06-04T03:44:21,730.5,,,,701981518,NoResultError: Interrupting thread MainThread [ident=140112054245184] after 720s timeout.,,,,
openml.org/t/146821,car,mljarsupervised_compete,6m_10F_2c_8GB,5,multiclass,,neg_logloss,local,0.11.2,{'mode': 'Compete'},2.0.5,2022-06-04T03:56:34,733.6,,,,701981519,NoResultError: Interrupting thread MainThread [ident=140013903001408] after 720s timeout.,,,,
openml.org/t/146821,car,mljarsupervised_compete,6m_10F_2c_8GB,6,multiclass,,neg_logloss,local,0.11.2,{'mode': 'Compete'},2.0.5,2022-06-04T04:08:47,733.2,,,,701981520,NoResultError: Interrupting thread MainThread [ident=140181635999552] after 720s timeout.,,,,
openml.org/t/146821,car,mljarsupervised_compete,6m_10F_2c_8GB,7,multiclass,,neg_logloss,local,0.11.2,{'mode': 'Compete'},2.0.5,2022-06-04T04:20:58,730.2,,,,701981521,NoResultError: Interrupting thread MainThread [ident=140073932691264] after 720s timeout.,,,,
openml.org/t/146821,car,mljarsupervised_compete,6m_10F_2c_8GB,8,multiclass,,neg_logloss,local,0.11.2,{'mode': 'Compete'},2.0.5,2022-06-04T04:33:10,732.3,,,,701981522,CalledProcessError: Command '/plx-context/artifacts/automl/frameworks/mljarsupervised/venv/bin/python -W ignore /plx-context/artifacts/automl/frameworks/mljarsupervised/exec.py' returned non-zero exi…,,,,
openml.org/t/146821,car,mljarsupervised_compete,6m_10F_2c_8GB,9,multiclass,,neg_logloss,local,0.11.2,{'mode': 'Compete'},2.0.5,2022-06-04T04:45:22,732.3,,,,701981523,CalledProcessError: Command '/plx-context/artifacts/automl/frameworks/mljarsupervised/venv/bin/python -W ignore /plx-context/artifacts/automl/frameworks/mljarsupervised/exec.py' returned non-zero exi…,,,,
openml.org/t/168908,christine,mljarsupervised_compete,6m_10F_2c_8GB,0,binary,,auc,local,0.11.2,{'mode': 'Compete'},2.0.5,2022-06-04T04:57:42,731.3,,,,701981514,NoResultError: Interrupting thread MainThread [ident=140417694959424] after 720s timeout.,,,,
openml.org/t/168908,christine,mljarsupervised_compete,6m_10F_2c_8GB,1,binary,,auc,local,0.11.2,{'mode': 'Compete'},2.0.5,2022-06-04T05:09:54,731.8,,,,701981515,NoResultError: Interrupting thread MainThread [ident=140053672781632] after 720s timeout.,,,,
openml.org/t/168908,christine,mljarsupervised_compete,6m_10F_2c_8GB,2,binary,,auc,local,0.11.2,{'mode': 'Compete'},2.0.5,2022-06-04T05:22:05,731.4,,,,701981516,NoResultError: Interrupting thread MainThread [ident=140643523237696] after 720s timeout.,,,,
openml.org/t/168908,christine,mljarsupervised_compete,6m_10F_2c_8GB,3,binary,,auc,local,0.11.2,{'mode': 'Compete'},2.0.5,2022-06-04T05:34:16,731.0,,,,701981517,NoResultError: Interrupting thread MainThread [ident=140198474757952] after 720s timeout.,,,,
openml.org/t/168908,christine,mljarsupervised_compete,6m_10F_2c_8GB,4,binary,,auc,local,0.11.2,{'mode': 'Compete'},2.0.5,2022-06-04T05:46:29,732.8,,,,701981518,NoResultError: Interrupting thread MainThread [ident=139733429643072] after 720s timeout.,,,,
openml.org/t/168908,christine,mljarsupervised_compete,6m_10F_2c_8GB,5,binary,,auc,local,0.11.2,{'mode': 'Compete'},2.0.5,2022-06-04T05:58:43,733.5,,,,701981519,CalledProcessError: Command '/plx-context/artifacts/automl/frameworks/mljarsupervised/venv/bin/python -W ignore /plx-context/artifacts/automl/frameworks/mljarsupervised/exec.py' returned non-zero exi…,,,,
openml.org/t/168908,christine,mljarsupervised_compete,6m_10F_2c_8GB,6,binary,,auc,local,0.11.2,{'mode': 'Compete'},2.0.5,2022-06-04T06:10:55,732.0,,,,701981520,NoResultError: Interrupting thread MainThread [ident=139980472497984] after 720s timeout.,,,,
openml.org/t/168908,christine,mljarsupervised_compete,6m_10F_2c_8GB,7,binary,,auc,local,0.11.2,{'mode': 'Compete'},2.0.5,2022-06-04T06:23:03,728.7,,,,701981521,NoResultError: Interrupting thread MainThread [ident=139684462896960] after 720s timeout.,,,,
openml.org/t/168908,christine,mljarsupervised_compete,6m_10F_2c_8GB,8,binary,,auc,local,0.11.2,{'mode': 'Compete'},2.0.5,2022-06-04T06:35:16,732.3,,,,701981522,NoResultError: Interrupting thread MainThread [ident=139739035019072] after 720s timeout.,,,,
openml.org/t/168908,christine,mljarsupervised_compete,6m_10F_2c_8GB,9,binary,0.773746,auc,local,0.11.2,{'mode': 'Compete'},2.0.5,2022-06-04T06:45:46,630.1,625.5,0.8,5,701981523,,0.695009,0.773746,0.695128,0.569615
openml.org/t/9981,cnae-9,mljarsupervised_compete,6m_10F_2c_8GB,0,multiclass,,neg_logloss,local,0.11.2,{'mode': 'Compete'},2.0.5,2022-06-04T06:58:00,732.8,,,,701981514,CalledProcessError: Command '/plx-context/artifacts/automl/frameworks/mljarsupervised/venv/bin/python -W ignore /plx-context/artifacts/automl/frameworks/mljarsupervised/exec.py' returned non-zero exi…,,,,
openml.org/t/9981,cnae-9,mljarsupervised_compete,6m_10F_2c_8GB,1,multiclass,,neg_logloss,local,0.11.2,{'mode': 'Compete'},2.0.5,2022-06-04T07:10:13,732.9,,,,701981515,CalledProcessError: Command '/plx-context/artifacts/automl/frameworks/mljarsupervised/venv/bin/python -W ignore /plx-context/artifacts/automl/frameworks/mljarsupervised/exec.py' returned non-zero exi…,,,,
openml.org/t/9981,cnae-9,mljarsupervised_compete,6m_10F_2c_8GB,2,multiclass,,neg_logloss,local,0.11.2,{'mode': 'Compete'},2.0.5,2022-06-04T07:22:26,732.6,,,,701981516,CalledProcessError: Command '/plx-context/artifacts/automl/frameworks/mljarsupervised/venv/bin/python -W ignore /plx-context/artifacts/automl/frameworks/mljarsupervised/exec.py' returned non-zero exi…,,,,
openml.org/t/9981,cnae-9,mljarsupervised_compete,6m_10F_2c_8GB,3,multiclass,,neg_logloss,local,0.11.2,{'mode': 'Compete'},2.0.5,2022-06-04T07:34:44,737.9,,,,701981517,NoResultError: Interrupting thread MainThread [ident=139957795284800] after 720s timeout.,,,,
openml.org/t/9981,cnae-9,mljarsupervised_compete,6m_10F_2c_8GB,4,multiclass,,neg_logloss,local,0.11.2,{'mode': 'Compete'},2.0.5,2022-06-04T07:46:57,733.0,,,,701981518,NoResultError: Interrupting thread MainThread [ident=140541077903168] after 720s timeout.,,,,
openml.org/t/9981,cnae-9,mljarsupervised_compete,6m_10F_2c_8GB,5,multiclass,,neg_logloss,local,0.11.2,{'mode': 'Compete'},2.0.5,2022-06-04T07:59:10,732.8,,,,701981519,CalledProcessError: Command '/plx-context/artifacts/automl/frameworks/mljarsupervised/venv/bin/python -W ignore /plx-context/artifacts/automl/frameworks/mljarsupervised/exec.py' returned non-zero exi…,,,,
openml.org/t/9981,cnae-9,mljarsupervised_compete,6m_10F_2c_8GB,6,multiclass,,neg_logloss,local,0.11.2,{'mode': 'Compete'},2.0.5,2022-06-04T08:11:22,732.9,,,,701981520,CalledProcessError: Command '/plx-context/artifacts/automl/frameworks/mljarsupervised/venv/bin/python -W ignore /plx-context/artifacts/automl/frameworks/mljarsupervised/exec.py' returned non-zero exi…,,,,
openml.org/t/9981,cnae-9,mljarsupervised_compete,6m_10F_2c_8GB,7,multiclass,,neg_logloss,local,0.11.2,{'mode': 'Compete'},2.0.5,2022-06-04T08:23:39,736.5,,,,701981521,NoResultError: Interrupting thread MainThread [ident=140267540621120] after 720s timeout.,,,,
openml.org/t/9981,cnae-9,mljarsupervised_compete,6m_10F_2c_8GB,8,multiclass,,neg_logloss,local,0.11.2,{'mode': 'Compete'},2.0.5,2022-06-04T08:35:52,732.7,,,,701981522,CalledProcessError: Command '/plx-context/artifacts/automl/frameworks/mljarsupervised/venv/bin/python -W ignore /plx-context/artifacts/automl/frameworks/mljarsupervised/exec.py' returned non-zero exi…,,,,
openml.org/t/9981,cnae-9,mljarsupervised_compete,6m_10F_2c_8GB,9,multiclass,,neg_logloss,local,0.11.2,{'mode': 'Compete'},2.0.5,2022-06-04T08:48:04,732.7,,,,701981523,CalledProcessError: Command '/plx-context/artifacts/automl/frameworks/mljarsupervised/venv/bin/python -W ignore /plx-context/artifacts/automl/frameworks/mljarsupervised/exec.py' returned non-zero exi…,,,,
openml.org/t/31,credit-g,mljarsupervised_compete,6m_10F_2c_8GB,0,binary,0.80619,auc,local,0.11.2,{'mode': 'Compete'},2.0.5,2022-06-04T08:51:56,230.0,221.3,0.5,18,701981514,,0.73,0.80619,0.607143,0.486283
openml.org/t/31,credit-g,mljarsupervised_compete,6m_10F_2c_8GB,1,binary,0.726667,auc,local,0.11.2,{'mode': 'Compete'},2.0.5,2022-06-04T08:57:09,312.7,304.2,0.5,6,701981515,,0.76,0.726667,0.638095,0.55052
openml.org/t/31,credit-g,mljarsupervised_compete,6m_10F_2c_8GB,2,binary,0.751429,auc,local,0.11.2,{'mode': 'Compete'},2.0.5,2022-06-04T09:01:50,281.5,273.3,0.3,9,701981516,,0.73,0.751429,0.645238,0.526021
openml.org/t/31,credit-g,mljarsupervised_compete,6m_10F_2c_8GB,3,binary,0.733333,auc,local,0.11.2,{'mode': 'Compete'},2.0.5,2022-06-04T09:06:07,257.3,248.7,0.3,9,701981517,,0.74,0.733333,0.690476,0.541272
openml.org/t/31,credit-g,mljarsupervised_compete,6m_10F_2c_8GB,4,binary,0.767143,auc,local,0.11.2,{'mode': 'Compete'},2.0.5,2022-06-04T09:09:40,212.3,203.8,0.4,14,701981518,,0.76,0.767143,0.666667,0.526816
openml.org/t/31,credit-g,mljarsupervised_compete,6m_10F_2c_8GB,5,binary,,auc,local,0.11.2,{'mode': 'Compete'},2.0.5,2022-06-04T09:21:51,731.0,,,,701981519,NoResultError: Interrupting thread MainThread [ident=140446238779200] after 720s timeout.,,,,
openml.org/t/31,credit-g,mljarsupervised_compete,6m_10F_2c_8GB,6,binary,0.764762,auc,local,0.11.2,{'mode': 'Compete'},2.0.5,2022-06-04T09:26:04,253.5,245.0,0.3,11,701981520,,0.74,0.764762,0.652381,0.510625
openml.org/t/31,credit-g,mljarsupervised_compete,6m_10F_2c_8GB,7,binary,0.850476,auc,local,0.11.2,{'mode': 'Compete'},2.0.5,2022-06-04T09:31:48,343.6,335.5,0.2,5,701981521,,0.76,0.850476,0.609524,0.473268
openml.org/t/31,credit-g,mljarsupervised_compete,6m_10F_2c_8GB,8,binary,0.713333,auc,local,0.11.2,{'mode': 'Compete'},2.0.5,2022-06-04T09:36:05,256.8,248.2,0.4,10,701981522,,0.74,0.713333,0.633333,0.55144
openml.org/t/31,credit-g,mljarsupervised_compete,6m_10F_2c_8GB,9,binary,0.74381,auc,local,0.11.2,{'mode': 'Compete'},2.0.5,2022-06-04T09:41:34,329.1,321.0,0.3,5,701981523,,0.71,0.74381,0.554762,0.531303
openml.org/t/168909,dilbert,mljarsupervised_compete,6m_10F_2c_8GB,0,multiclass,,neg_logloss,local,0.11.2,{'mode': 'Compete'},2.0.5,2022-06-04T09:54:24,735.0,,,,701981514,NoResultError: Interrupting thread MainThread [ident=140081736001344] after 720s timeout.,,,,
openml.org/t/168909,dilbert,mljarsupervised_compete,6m_10F_2c_8GB,1,multiclass,,neg_logloss,local,0.11.2,{'mode': 'Compete'},2.0.5,2022-06-04T10:06:39,735.1,,,,701981515,CalledProcessError: Command '/plx-context/artifacts/automl/frameworks/mljarsupervised/venv/bin/python -W ignore /plx-context/artifacts/automl/frameworks/mljarsupervised/exec.py' returned non-zero exi…,,,,
openml.org/t/168909,dilbert,mljarsupervised_compete,6m_10F_2c_8GB,2,multiclass,,neg_logloss,local,0.11.2,{'mode': 'Compete'},2.0.5,2022-06-04T10:18:55,735.4,,,,701981516,CalledProcessError: Command '/plx-context/artifacts/automl/frameworks/mljarsupervised/venv/bin/python -W ignore /plx-context/artifacts/automl/frameworks/mljarsupervised/exec.py' returned non-zero exi…,,,,
openml.org/t/168909,dilbert,mljarsupervised_compete,6m_10F_2c_8GB,3,multiclass,,neg_logloss,local,0.11.2,{'mode': 'Compete'},2.0.5,2022-06-04T10:31:10,735.3,,,,701981517,CalledProcessError: Command '/plx-context/artifacts/automl/frameworks/mljarsupervised/venv/bin/python -W ignore /plx-context/artifacts/automl/frameworks/mljarsupervised/exec.py' returned non-zero exi…,,,,
openml.org/t/168909,dilbert,mljarsupervised_compete,6m_10F_2c_8GB,4,multiclass,,neg_logloss,local,0.11.2,{'mode': 'Compete'},2.0.5,2022-06-04T10:43:25,735.1,,,,701981518,CalledProcessError: Command '/plx-context/artifacts/automl/frameworks/mljarsupervised/venv/bin/python -W ignore /plx-context/artifacts/automl/frameworks/mljarsupervised/exec.py' returned non-zero exi…,,,,
openml.org/t/168909,dilbert,mljarsupervised_compete,6m_10F_2c_8GB,5,multiclass,,neg_logloss,local,0.11.2,{'mode': 'Compete'},2.0.5,2022-06-04T10:55:41,735.4,,,,701981519,CalledProcessError: Command '/plx-context/artifacts/automl/frameworks/mljarsupervised/venv/bin/python -W ignore /plx-context/artifacts/automl/frameworks/mljarsupervised/exec.py' returned non-zero exi…,,,,
openml.org/t/168909,dilbert,mljarsupervised_compete,6m_10F_2c_8GB,6,multiclass,,neg_logloss,local,0.11.2,{'mode': 'Compete'},2.0.5,2022-06-04T11:07:56,735.3,,,,701981520,CalledProcessError: Command '/plx-context/artifacts/automl/frameworks/mljarsupervised/venv/bin/python -W ignore /plx-context/artifacts/automl/frameworks/mljarsupervised/exec.py' returned non-zero exi…,,,,
openml.org/t/168909,dilbert,mljarsupervised_compete,6m_10F_2c_8GB,7,multiclass,,neg_logloss,local,0.11.2,{'mode': 'Compete'},2.0.5,2022-06-04T11:20:11,735.2,,,,701981521,CalledProcessError: Command '/plx-context/artifacts/automl/frameworks/mljarsupervised/venv/bin/python -W ignore /plx-context/artifacts/automl/frameworks/mljarsupervised/exec.py' returned non-zero exi…,,,,
openml.org/t/168909,dilbert,mljarsupervised_compete,6m_10F_2c_8GB,8,multiclass,,neg_logloss,local,0.11.2,{'mode': 'Compete'},2.0.5,2022-06-04T11:32:26,735.1,,,,701981522,CalledProcessError: Command '/plx-context/artifacts/automl/frameworks/mljarsupervised/venv/bin/python -W ignore /plx-context/artifacts/automl/frameworks/mljarsupervised/exec.py' returned non-zero exi…,,,,
openml.org/t/168909,dilbert,mljarsupervised_compete,6m_10F_2c_8GB,9,multiclass,,neg_logloss,local,0.11.2,{'mode': 'Compete'},2.0.5,2022-06-04T11:44:41,735.3,,,,701981523,CalledProcessError: Command '/plx-context/artifacts/automl/frameworks/mljarsupervised/venv/bin/python -W ignore /plx-context/artifacts/automl/frameworks/mljarsupervised/exec.py' returned non-zero exi…,,,,
openml.org/t/168910,fabert,mljarsupervised_compete,6m_10F_2c_8GB,0,multiclass,,neg_logloss,local,0.11.2,{'mode': 'Compete'},2.0.5,2022-06-04T11:56:57,733.5,,,,701981514,CalledProcessError: Command '/plx-context/artifacts/automl/frameworks/mljarsupervised/venv/bin/python -W ignore /plx-context/artifacts/automl/frameworks/mljarsupervised/exec.py' returned non-zero exi…,,,,
openml.org/t/168910,fabert,mljarsupervised_compete,6m_10F_2c_8GB,1,multiclass,,neg_logloss,local,0.11.2,{'mode': 'Compete'},2.0.5,2022-06-04T12:09:10,732.6,,,,701981515,CalledProcessError: Command '/plx-context/artifacts/automl/frameworks/mljarsupervised/venv/bin/python -W ignore /plx-context/artifacts/automl/frameworks/mljarsupervised/exec.py' returned non-zero exi…,,,,
openml.org/t/168910,fabert,mljarsupervised_compete,6m_10F_2c_8GB,2,multiclass,,neg_logloss,local,0.11.2,{'mode': 'Compete'},2.0.5,2022-06-04T12:21:23,732.8,,,,701981516,CalledProcessError: Command '/plx-context/artifacts/automl/frameworks/mljarsupervised/venv/bin/python -W ignore /plx-context/artifacts/automl/frameworks/mljarsupervised/exec.py' returned non-zero exi…,,,,
openml.org/t/168910,fabert,mljarsupervised_compete,6m_10F_2c_8GB,3,multiclass,,neg_logloss,local,0.11.2,{'mode': 'Compete'},2.0.5,2022-06-04T12:33:35,731.9,,,,701981517,NoResultError: Interrupting thread MainThread [ident=139689423484736] after 720s timeout.,,,,
openml.org/t/168910,fabert,mljarsupervised_compete,6m_10F_2c_8GB,4,multiclass,,neg_logloss,local,0.11.2,{'mode': 'Compete'},2.0.5,2022-06-04T12:45:45,730.5,,,,701981518,NoResultError: Interrupting thread MainThread [ident=140710879262528] after 720s timeout.,,,,
openml.org/t/168910,fabert,mljarsupervised_compete,6m_10F_2c_8GB,5,multiclass,,neg_logloss,local,0.11.2,{'mode': 'Compete'},2.0.5,2022-06-04T12:57:58,732.9,,,,701981519,CalledProcessError: Command '/plx-context/artifacts/automl/frameworks/mljarsupervised/venv/bin/python -W ignore /plx-context/artifacts/automl/frameworks/mljarsupervised/exec.py' returned non-zero exi…,,,,
openml.org/t/168910,fabert,mljarsupervised_compete,6m_10F_2c_8GB,6,multiclass,,neg_logloss,local,0.11.2,{'mode': 'Compete'},2.0.5,2022-06-04T13:10:11,732.9,,,,701981520,CalledProcessError: Command '/plx-context/artifacts/automl/frameworks/mljarsupervised/venv/bin/python -W ignore /plx-context/artifacts/automl/frameworks/mljarsupervised/exec.py' returned non-zero exi…,,,,
openml.org/t/168910,fabert,mljarsupervised_compete,6m_10F_2c_8GB,7,multiclass,,neg_logloss,local,0.11.2,{'mode': 'Compete'},2.0.5,2022-06-04T13:22:24,732.7,,,,701981521,CalledProcessError: Command '/plx-context/artifacts/automl/frameworks/mljarsupervised/venv/bin/python -W ignore /plx-context/artifacts/automl/frameworks/mljarsupervised/exec.py' returned non-zero exi…,,,,
openml.org/t/168910,fabert,mljarsupervised_compete,6m_10F_2c_8GB,8,multiclass,,neg_logloss,local,0.11.2,{'mode': 'Compete'},2.0.5,2022-06-04T13:34:36,732.8,,,,701981522,CalledProcessError: Command '/plx-context/artifacts/automl/frameworks/mljarsupervised/venv/bin/python -W ignore /plx-context/artifacts/automl/frameworks/mljarsupervised/exec.py' returned non-zero exi…,,,,
openml.org/t/168910,fabert,mljarsupervised_compete,6m_10F_2c_8GB,9,multiclass,,neg_logloss,local,0.11.2,{'mode': 'Compete'},2.0.5,2022-06-04T13:46:49,732.7,,,,701981523,CalledProcessError: Command '/plx-context/artifacts/automl/frameworks/mljarsupervised/venv/bin/python -W ignore /plx-context/artifacts/automl/frameworks/mljarsupervised/exec.py' returned non-zero exi…,,,,
openml.org/t/168911,jasmine,mljarsupervised_compete,6m_10F_2c_8GB,0,binary,,auc,local,0.11.2,{'mode': 'Compete'},2.0.5,2022-06-04T13:59:05,733.3,,,,701981514,NoResultError: Interrupting thread MainThread [ident=140528992614208] after 720s timeout.,,,,
openml.org/t/168911,jasmine,mljarsupervised_compete,6m_10F_2c_8GB,1,binary,0.879239,auc,local,0.11.2,{'mode': 'Compete'},2.0.5,2022-06-04T14:08:10,545.1,535.8,1.3,5,701981515,,0.779264,0.879239,0.778993,0.411243
openml.org/t/168911,jasmine,mljarsupervised_compete,6m_10F_2c_8GB,2,binary,0.881521,auc,local,0.11.2,{'mode': 'Compete'},2.0.5,2022-06-04T14:13:31,321.1,312.5,0.4,9,701981516,,0.842809,0.881521,0.843177,0.399268
openml.org/t/168911,jasmine,mljarsupervised_compete,6m_10F_2c_8GB,3,binary,0.848143,auc,local,0.11.2,{'mode': 'Compete'},2.0.5,2022-06-04T14:23:01,570.3,560.6,1.8,5,701981517,,0.795987,0.848143,0.796532,0.424907
openml.org/t/168911,jasmine,mljarsupervised_compete,6m_10F_2c_8GB,4,binary,,auc,local,0.11.2,{'mode': 'Compete'},2.0.5,2022-06-04T14:35:16,734.5,,,,701981518,NoResultError: Interrupting thread MainThread [ident=140052099868480] after 720s timeout.,,,,
openml.org/t/168911,jasmine,mljarsupervised_compete,6m_10F_2c_8GB,5,binary,,auc,local,0.11.2,{'mode': 'Compete'},2.0.5,2022-06-04T14:47:32,736.5,,,,701981519,NoResultError: Interrupting thread MainThread [ident=140588176848704] after 720s timeout.,,,,
openml.org/t/168911,jasmine,mljarsupervised_compete,6m_10F_2c_8GB,6,binary,0.866177,auc,local,0.11.2,{'mode': 'Compete'},2.0.5,2022-06-04T14:54:30,417.4,409.4,0.2,5,701981520,,0.818792,0.866177,0.818792,0.425851
openml.org/t/168911,jasmine,mljarsupervised_compete,6m_10F_2c_8GB,7,binary,,auc,local,0.11.2,{'mode': 'Compete'},2.0.5,2022-06-04T15:06:46,736.5,,,,701981521,NoResultError: Interrupting thread MainThread [ident=140079717349184] after 720s timeout.,,,,
openml.org/t/168911,jasmine,mljarsupervised_compete,6m_10F_2c_8GB,8,binary,0.903293,auc,local,0.11.2,{'mode': 'Compete'},2.0.5,2022-06-04T15:13:41,414.8,406.5,0.2,6,701981522,,0.825503,0.903293,0.825503,0.366135
openml.org/t/168911,jasmine,mljarsupervised_compete,6m_10F_2c_8GB,9,binary,,auc,local,0.11.2,{'mode': 'Compete'},2.0.5,2022-06-04T15:25:55,733.8,,,,701981523,NoResultError: Interrupting thread MainThread [ident=139907870132032] after 720s timeout.,,,,
openml.org/t/3917,kc1,mljarsupervised_compete,6m_10F_2c_8GB,0,binary,0.817825,auc,local,0.11.2,{'mode': 'Compete'},2.0.5,2022-06-04T15:32:31,394.2,386.1,0.1,5,701981514,,0.853081,0.817825,0.592615,0.339672
openml.org/t/3917,kc1,mljarsupervised_compete,6m_10F_2c_8GB,1,binary,0.833101,auc,local,0.11.2,{'mode': 'Compete'},2.0.5,2022-06-04T15:40:26,475.3,467.5,0.07,7,701981515,,0.867299,0.833101,0.600995,0.325909
openml.org/t/3917,kc1,mljarsupervised_compete,6m_10F_2c_8GB,2,binary,0.821491,auc,local,0.11.2,{'mode': 'Compete'},2.0.5,2022-06-04T15:45:39,312.5,304.5,0.1,6,701981516,,0.838863,0.821491,0.584235,0.344407
openml.org/t/3917,kc1,mljarsupervised_compete,6m_10F_2c_8GB,3,binary,0.830354,auc,local,0.11.2,{'mode': 'Compete'},2.0.5,2022-06-04T15:53:08,449.4,441.6,0.05,6,701981517,,0.862559,0.830354,0.659346,0.329205
openml.org/t/3917,kc1,mljarsupervised_compete,6m_10F_2c_8GB,4,binary,0.741233,auc,local,0.11.2,{'mode': 'Compete'},2.0.5,2022-06-04T16:00:20,432.0,424.2,0.1,5,701981518,,0.848341,0.741233,0.589207,0.377937
openml.org/t/3917,kc1,mljarsupervised_compete,6m_10F_2c_8GB,5,binary,0.796561,auc,local,0.11.2,{'mode': 'Compete'},2.0.5,2022-06-04T16:07:14,414.4,406.4,0.1,5,701981519,,0.853081,0.796561,0.579673,0.354263
openml.org/t/3917,kc1,mljarsupervised_compete,6m_10F_2c_8GB,6,binary,0.803541,auc,local,0.11.2,{'mode': 'Compete'},2.0.5,2022-06-04T16:12:06,291.9,284.0,0.04,8,701981520,,0.843602,0.803541,0.524685,0.345909
openml.org/t/3917,kc1,mljarsupervised_compete,6m_10F_2c_8GB,7,binary,0.839632,auc,local,0.11.2,{'mode': 'Compete'},2.0.5,2022-06-04T16:18:47,400.7,392.6,0.1,5,701981521,,0.853081,0.839632,0.567331,0.327672
openml.org/t/3917,kc1,mljarsupervised_compete,6m_10F_2c_8GB,8,binary,0.862445,auc,local,0.11.2,{'mode': 'Compete'},2.0.5,2022-06-04T16:27:03,496.2,488.2,0.06,6,701981522,,0.900474,0.862445,0.706503,0.29587
openml.org/t/3917,kc1,mljarsupervised_compete,6m_10F_2c_8GB,9,binary,0.75,auc,local,0.11.2,{'mode': 'Compete'},2.0.5,2022-06-04T16:33:10,366.6,358.9,0.1,5,701981523,,0.838095,0.75,0.507198,0.380109
openml.org/t/3,kr-vs-kp,mljarsupervised_compete,6m_10F_2c_8GB,0,binary,0.995577,auc,local,0.11.2,{'mode': 'Compete'},2.0.5,2022-06-04T16:43:36,624.0,615.3,0.7,5,701981514,,0.975,0.995577,0.974404,0.106175
openml.org/t/3,kr-vs-kp,mljarsupervised_compete,6m_10F_2c_8GB,1,binary,,auc,local,0.11.2,{'mode': 'Compete'},2.0.5,2022-06-04T16:55:51,734.9,,,,701981515,NoResultError: Interrupting thread MainThread [ident=140642696750912] after 720s timeout.,,,,
openml.org/t/3,kr-vs-kp,mljarsupervised_compete,6m_10F_2c_8GB,2,binary,0.993425,auc,local,0.11.2,{'mode': 'Compete'},2.0.5,2022-06-04T17:07:03,672.5,663.9,0.6,5,701981516,,0.975,0.993425,0.975774,0.112622
openml.org/t/3,kr-vs-kp,mljarsupervised_compete,6m_10F_2c_8GB,3,binary,0.99726,auc,local,0.11.2,{'mode': 'Compete'},2.0.5,2022-06-04T17:18:13,670.1,661.5,0.7,5,701981517,,0.96875,0.99726,0.969786,0.2866
openml.org/t/3,kr-vs-kp,mljarsupervised_compete,6m_10F_2c_8GB,4,binary,0.997182,auc,local,0.11.2,{'mode': 'Compete'},2.0.5,2022-06-04T17:25:53,460.0,451.5,0.6,5,701981518,,0.975,0.997182,0.9755,0.257463
openml.org/t/3,kr-vs-kp,mljarsupervised_compete,6m_10F_2c_8GB,5,binary,,auc,local,0.11.2,{'mode': 'Compete'},2.0.5,2022-06-04T17:38:10,736.9,,,,701981519,NoResultError: Interrupting thread MainThread [ident=140052402788160] after 720s timeout.,,,,
openml.org/t/3,kr-vs-kp,mljarsupervised_compete,6m_10F_2c_8GB,6,binary,0.987912,auc,local,0.11.2,{'mode': 'Compete'},2.0.5,2022-06-04T17:48:57,646.4,637.8,0.7,5,701981520,,0.937304,0.987912,0.938479,0.145935
openml.org/t/3,kr-vs-kp,mljarsupervised_compete,6m_10F_2c_8GB,7,binary,,auc,local,0.11.2,{'mode': 'Compete'},2.0.5,2022-06-04T18:01:09,732.7,,,,701981521,NoResultError: Interrupting thread MainThread [ident=140442944210752] after 720s timeout.,,,,
openml.org/t/3,kr-vs-kp,mljarsupervised_compete,6m_10F_2c_8GB,8,binary,,auc,local,0.11.2,{'mode': 'Compete'},2.0.5,2022-06-04T18:13:21,731.6,,,,701981522,NoResultError: Interrupting thread MainThread [ident=140433928181568] after 720s timeout.,,,,
openml.org/t/3,kr-vs-kp,mljarsupervised_compete,6m_10F_2c_8GB,9,binary,0.995312,auc,local,0.11.2,{'mode': 'Compete'},2.0.5,2022-06-04T18:23:23,602.4,593.7,0.6,5,701981523,,0.978056,0.995312,0.978746,0.203558
openml.org/t/12,mfeat-factors,mljarsupervised_compete,6m_10F_2c_8GB,0,multiclass,,neg_logloss,local,0.11.2,{'mode': 'Compete'},2.0.5,2022-06-04T18:35:38,732.5,,,,701981514,CalledProcessError: Command '/plx-context/artifacts/automl/frameworks/mljarsupervised/venv/bin/python -W ignore /plx-context/artifacts/automl/frameworks/mljarsupervised/exec.py' returned non-zero exi…,,,,
openml.org/t/12,mfeat-factors,mljarsupervised_compete,6m_10F_2c_8GB,1,multiclass,,neg_logloss,local,0.11.2,{'mode': 'Compete'},2.0.5,2022-06-04T18:47:49,730.8,,,,701981515,NoResultError: Interrupting thread MainThread [ident=140654587725632] after 720s timeout.,,,,
openml.org/t/12,mfeat-factors,mljarsupervised_compete,6m_10F_2c_8GB,2,multiclass,,neg_logloss,local,0.11.2,{'mode': 'Compete'},2.0.5,2022-06-04T18:59:59,730.1,,,,701981516,NoResultError: Interrupting thread MainThread [ident=140116119881536] after 720s timeout.,,,,
openml.org/t/12,mfeat-factors,mljarsupervised_compete,6m_10F_2c_8GB,3,multiclass,-0.187746,neg_logloss,local,0.11.2,{'mode': 'Compete'},2.0.5,2022-06-04T19:12:05,726.4,718.5,0.09,6,701981517,,0.965,,0.965,0.187746
openml.org/t/12,mfeat-factors,mljarsupervised_compete,6m_10F_2c_8GB,4,multiclass,-0.11192,neg_logloss,local,0.11.2,{'mode': 'Compete'},2.0.5,2022-06-04T19:23:25,680.1,671.8,0.3,6,701981518,,0.98,,0.98,0.11192
openml.org/t/12,mfeat-factors,mljarsupervised_compete,6m_10F_2c_8GB,5,multiclass,-0.089074,neg_logloss,local,0.11.2,{'mode': 'Compete'},2.0.5,2022-06-04T19:34:27,661.1,653.1,0.08,6,701981519,,0.97,,0.97,0.089074
openml.org/t/12,mfeat-factors,mljarsupervised_compete,6m_10F_2c_8GB,6,multiclass,-0.0484778,neg_logloss,local,0.11.2,{'mode': 'Compete'},2.0.5,2022-06-04T19:45:50,683.0,674.8,0.3,6,701981520,,0.99,,0.99,0.0484778
openml.org/t/12,mfeat-factors,mljarsupervised_compete,6m_10F_2c_8GB,7,multiclass,,neg_logloss,local,0.11.2,{'mode': 'Compete'},2.0.5,2022-06-04T19:58:00,730.2,,,,701981521,NoResultError: Interrupting thread MainThread [ident=140106380248896] after 720s timeout.,,,,
openml.org/t/12,mfeat-factors,mljarsupervised_compete,6m_10F_2c_8GB,8,multiclass,,neg_logloss,local,0.11.2,{'mode': 'Compete'},2.0.5,2022-06-04T20:10:11,731.3,,,,701981522,NoResultError: Interrupting thread MainThread [ident=140376033122112] after 720s timeout.,,,,
openml.org/t/12,mfeat-factors,mljarsupervised_compete,6m_10F_2c_8GB,9,multiclass,,neg_logloss,local,0.11.2,{'mode': 'Compete'},2.0.5,2022-06-04T20:22:22,731.1,,,,701981523,NoResultError: Interrupting thread MainThread [ident=139765006964544] after 720s timeout.,,,,
openml.org/t/9952,phoneme,mljarsupervised_compete,6m_10F_2c_8GB,0,binary,0.960157,auc,local,0.11.2,{'mode': 'Compete'},2.0.5,2022-06-04T20:28:23,356.7,348.5,0.4,6,701981514,,0.907579,0.960157,0.896004,0.231142
openml.org/t/9952,phoneme,mljarsupervised_compete,6m_10F_2c_8GB,1,binary,0.971023,auc,local,0.11.2,{'mode': 'Compete'},2.0.5,2022-06-04T20:34:34,371.7,363.7,0.4,6,701981515,,0.916821,0.971023,0.898877,0.197316
openml.org/t/9952,phoneme,mljarsupervised_compete,6m_10F_2c_8GB,2,binary,0.957555,auc,local,0.11.2,{'mode': 'Compete'},2.0.5,2022-06-04T20:41:14,400.0,391.9,0.5,6,701981516,,0.890943,0.957555,0.854852,0.263215
openml.org/t/9952,phoneme,mljarsupervised_compete,6m_10F_2c_8GB,3,binary,0.949455,auc,local,0.11.2,{'mode': 'Compete'},2.0.5,2022-06-04T20:47:38,384.0,376.0,0.4,6,701981517,,0.879852,0.949455,0.867192,0.258426
openml.org/t/9952,phoneme,mljarsupervised_compete,6m_10F_2c_8GB,4,binary,0.945971,auc,local,0.11.2,{'mode': 'Compete'},2.0.5,2022-06-04T20:53:13,335.0,326.8,0.4,6,701981518,,0.9,0.945971,0.871794,0.286541
openml.org/t/9952,phoneme,mljarsupervised_compete,6m_10F_2c_8GB,5,binary,0.971569,auc,local,0.11.2,{'mode': 'Compete'},2.0.5,2022-06-04T21:01:03,469.4,461.1,0.5,6,701981519,,0.927778,0.971569,0.908128,0.196275
openml.org/t/9952,phoneme,mljarsupervised_compete,6m_10F_2c_8GB,6,binary,0.974899,auc,local,0.11.2,{'mode': 'Compete'},2.0.5,2022-06-04T21:10:11,548.2,539.9,0.5,6,701981520,,0.940741,0.974899,0.924713,0.18922
openml.org/t/9952,phoneme,mljarsupervised_compete,6m_10F_2c_8GB,7,binary,0.964444,auc,local,0.11.2,{'mode': 'Compete'},2.0.5,2022-06-04T21:17:31,440.3,432.4,0.5,6,701981521,,0.916667,0.964444,0.883574,0.228683
openml.org/t/9952,phoneme,mljarsupervised_compete,6m_10F_2c_8GB,8,binary,0.959524,auc,local,0.11.2,{'mode': 'Compete'},2.0.5,2022-06-04T21:22:49,318.0,310.1,0.3,6,701981522,,0.9,0.959524,0.877829,0.263824
openml.org/t/9952,phoneme,mljarsupervised_compete,6m_10F_2c_8GB,9,binary,0.882245,auc,local,0.11.2,{'mode': 'Compete'},2.0.5,2022-06-04T21:27:16,266.4,258.7,0.09,9,701981523,,0.8,0.882245,0.739167,0.385961
openml.org/t/146822,segment,mljarsupervised_compete,6m_10F_2c_8GB,0,multiclass,-0.21163,neg_logloss,local,0.11.2,{'mode': 'Compete'},2.0.5,2022-06-04T21:35:03,466.0,458.5,0.06,5,701981514,,0.926407,,0.926407,0.21163
openml.org/t/146822,segment,mljarsupervised_compete,6m_10F_2c_8GB,1,multiclass,-0.241863,neg_logloss,local,0.11.2,{'mode': 'Compete'},2.0.5,2022-06-04T21:41:05,362.0,354.1,0.09,5,701981515,,0.922078,,0.922078,0.241863
openml.org/t/146822,segment,mljarsupervised_compete,6m_10F_2c_8GB,2,multiclass,-0.208012,neg_logloss,local,0.11.2,{'mode': 'Compete'},2.0.5,2022-06-04T21:45:42,276.7,268.8,0.1,9,701981516,,0.935065,,0.935065,0.208012
openml.org/t/146822,segment,mljarsupervised_compete,6m_10F_2c_8GB,3,multiclass,-0.202058,neg_logloss,local,0.11.2,{'mode': 'Compete'},2.0.5,2022-06-04T21:49:57,254.8,246.8,0.1,9,701981517,,0.926407,,0.926407,0.202058
openml.org/t/146822,segment,mljarsupervised_compete,6m_10F_2c_8GB,4,multiclass,-0.138101,neg_logloss,local,0.11.2,{'mode': 'Compete'},2.0.5,2022-06-04T21:53:43,226.5,218.3,0.2,13,701981518,,0.961039,,0.961039,0.138101
openml.org/t/146822,segment,mljarsupervised_compete,6m_10F_2c_8GB,5,multiclass,-0.155371,neg_logloss,local,0.11.2,{'mode': 'Compete'},2.0.5,2022-06-04T21:57:50,246.6,238.4,0.2,14,701981519,,0.961039,,0.961039,0.155371
openml.org/t/146822,segment,mljarsupervised_compete,6m_10F_2c_8GB,6,multiclass,-0.197728,neg_logloss,local,0.11.2,{'mode': 'Compete'},2.0.5,2022-06-04T22:02:25,275.4,267.5,0.1,10,701981520,,0.969697,,0.969697,0.197728
openml.org/t/146822,segment,mljarsupervised_compete,6m_10F_2c_8GB,7,multiclass,-0.236409,neg_logloss,local,0.11.2,{'mode': 'Compete'},2.0.5,2022-06-04T22:07:19,293.9,286.0,0.3,7,701981521,,0.935065,,0.935065,0.236409
openml.org/t/146822,segment,mljarsupervised_compete,6m_10F_2c_8GB,8,multiclass,-0.225914,neg_logloss,local,0.11.2,{'mode': 'Compete'},2.0.5,2022-06-04T22:11:14,235.3,227.4,0.1,10,701981522,,0.926407,,0.926407,0.225914
openml.org/t/146822,segment,mljarsupervised_compete,6m_10F_2c_8GB,9,multiclass,-0.189997,neg_logloss,local,0.11.2,{'mode': 'Compete'},2.0.5,2022-06-04T22:15:22,248.0,239.7,0.2,15,701981523,,0.926407,,0.926407,0.189997
openml.org/t/168912,sylvine,mljarsupervised_compete,6m_10F_2c_8GB,0,binary,0.962731,auc,local,0.11.2,{'mode': 'Compete'},2.0.5,2022-06-04T22:19:27,242.2,234.0,0.4,8,701981514,,0.904483,0.962731,0.904396,0.230675
openml.org/t/168912,sylvine,mljarsupervised_compete,6m_10F_2c_8GB,1,binary,0.970209,auc,local,0.11.2,{'mode': 'Compete'},2.0.5,2022-06-04T22:24:06,279.6,271.1,0.4,9,701981515,,0.929825,0.970209,0.929725,0.191073
openml.org/t/168912,sylvine,mljarsupervised_compete,6m_10F_2c_8GB,2,binary,0.991184,auc,local,0.11.2,{'mode': 'Compete'},2.0.5,2022-06-04T22:30:33,386.4,378.2,0.03,26,701981516,,0.962963,0.991184,0.963027,0.107972
openml.org/t/168912,sylvine,mljarsupervised_compete,6m_10F_2c_8GB,3,binary,0.983433,auc,local,0.11.2,{'mode': 'Compete'},2.0.5,2022-06-04T22:35:49,316.5,308.2,0.3,9,701981517,,0.945419,0.983433,0.945472,0.14932
openml.org/t/168912,sylvine,mljarsupervised_compete,6m_10F_2c_8GB,4,binary,0.989441,auc,local,0.11.2,{'mode': 'Compete'},2.0.5,2022-06-04T22:42:14,384.6,372.4,4.3,23,701981518,,0.957031,0.989441,0.957031,0.121858
openml.org/t/168912,sylvine,mljarsupervised_compete,6m_10F_2c_8GB,5,binary,0.987198,auc,local,0.11.2,{'mode': 'Compete'},2.0.5,2022-06-04T22:48:34,379.8,367.0,4.9,19,701981519,,0.945312,0.987198,0.945312,0.143169
openml.org/t/168912,sylvine,mljarsupervised_compete,6m_10F_2c_8GB,6,binary,0.993225,auc,local,0.11.2,{'mode': 'Compete'},2.0.5,2022-06-04T22:54:54,380.0,367.4,4.4,22,701981520,,0.947266,0.993225,0.947266,0.118945
openml.org/t/168912,sylvine,mljarsupervised_compete,6m_10F_2c_8GB,7,binary,0.98465,auc,local,0.11.2,{'mode': 'Compete'},2.0.5,2022-06-04T23:00:39,345.6,337.0,0.4,14,701981521,,0.943359,0.98465,0.943359,0.280302
openml.org/t/168912,sylvine,mljarsupervised_compete,6m_10F_2c_8GB,8,binary,0.989853,auc,local,0.11.2,{'mode': 'Compete'},2.0.5,2022-06-04T23:06:55,375.2,364.0,3.4,17,701981522,,0.957031,0.989853,0.957031,0.128164
openml.org/t/168912,sylvine,mljarsupervised_compete,6m_10F_2c_8GB,9,binary,0.99234,auc,local,0.11.2,{'mode': 'Compete'},2.0.5,2022-06-04T23:13:19,384.1,371.6,4.6,17,701981523,,0.949219,0.99234,0.949219,0.10982
openml.org/t/53,vehicle,mljarsupervised_compete,6m_10F_2c_8GB,0,multiclass,-0.335558,neg_logloss,local,0.11.2,{'mode': 'Compete'},2.0.5,2022-06-04T23:19:45,382.5,368.7,5.5,41,701981514,,0.811765,,0.813258,0.335558
openml.org/t/53,vehicle,mljarsupervised_compete,6m_10F_2c_8GB,1,multiclass,-0.331585,neg_logloss,local,0.11.2,{'mode': 'Compete'},2.0.5,2022-06-04T23:26:08,383.0,368.8,6.0,41,701981515,,0.858824,,0.859307,0.331585
openml.org/t/53,vehicle,mljarsupervised_compete,6m_10F_2c_8GB,2,multiclass,-0.392994,neg_logloss,local,0.11.2,{'mode': 'Compete'},2.0.5,2022-06-04T23:32:32,384.0,369.6,6.3,42,701981516,,0.752941,,0.757035,0.392994
openml.org/t/53,vehicle,mljarsupervised_compete,6m_10F_2c_8GB,3,multiclass,-0.336595,neg_logloss,local,0.11.2,{'mode': 'Compete'},2.0.5,2022-06-04T23:38:57,385.1,370.7,6.0,47,701981517,,0.811765,,0.812229,0.336595
openml.org/t/53,vehicle,mljarsupervised_compete,6m_10F_2c_8GB,4,multiclass,-0.307505,neg_logloss,local,0.11.2,{'mode': 'Compete'},2.0.5,2022-06-04T23:45:25,388.7,373.7,6.8,47,701981518,,0.870588,,0.871753,0.307505
openml.org/t/53,vehicle,mljarsupervised_compete,6m_10F_2c_8GB,5,multiclass,-0.27985,neg_logloss,local,0.11.2,{'mode': 'Compete'},2.0.5,2022-06-04T23:51:47,381.2,367.4,5.6,37,701981519,,0.894118,,0.895563,0.27985
openml.org/t/53,vehicle,mljarsupervised_compete,6m_10F_2c_8GB,6,multiclass,-0.32004,neg_logloss,local,0.11.2,{'mode': 'Compete'},2.0.5,2022-06-04T23:58:09,382.0,369.6,4.1,42,701981520,,0.845238,,0.850478,0.32004
openml.org/t/53,vehicle,mljarsupervised_compete,6m_10F_2c_8GB,7,multiclass,-0.320563,neg_logloss,local,0.11.2,{'mode': 'Compete'},2.0.5,2022-06-05T00:04:33,384.6,371.4,4.9,47,701981521,,0.833333,,0.83658,0.320563
openml.org/t/53,vehicle,mljarsupervised_compete,6m_10F_2c_8GB,8,multiclass,-0.298477,neg_logloss,local,0.11.2,{'mode': 'Compete'},2.0.5,2022-06-05T00:11:11,398.3,384.0,6.2,45,701981522,,0.869048,,0.869589,0.298477
openml.org/t/53,vehicle,mljarsupervised_compete,6m_10F_2c_8GB,9,multiclass,-0.391035,neg_logloss,local,0.11.2,{'mode': 'Compete'},2.0.5,2022-06-05T00:17:35,383.9,369.9,5.9,45,701981523,,0.821429,,0.820833,0.391035
