id,task,framework,constraint,fold,type,result,metric,mode,version,params,app_version,utc,duration,training_duration,predict_duration,models_count,seed,info,acc,auc,balacc,logloss
openml.org/t/146818,Australian,hyperoptsklearn,6m_10F_2c_8GB,0,binary,0.859508,auc,local,latest,,2.0.5,2022-05-30T16:33:25,8.3,7.0,0.2,10,1058270825,,0.855072,0.859508,0.859508,5.00562
openml.org/t/146818,Australian,hyperoptsklearn,6m_10F_2c_8GB,1,binary,0.815365,auc,local,latest,,2.0.5,2022-05-30T16:33:27,2.2,1.3,0.002,10,1058270826,,0.826087,0.815365,0.815365,6.00674
openml.org/t/146818,Australian,hyperoptsklearn,6m_10F_2c_8GB,2,binary,0.820034,auc,local,latest,,2.0.5,2022-05-30T16:33:29,2.2,1.3,0.0009,10,1058270827,,0.811594,0.820034,0.820034,6.50731
openml.org/t/146818,Australian,hyperoptsklearn,6m_10F_2c_8GB,3,binary,0.859508,auc,local,latest,,2.0.5,2022-05-30T16:33:31,2.1,1.1,0.0006,10,1058270828,,0.855072,0.859508,0.859508,5.00562
openml.org/t/146818,Australian,hyperoptsklearn,6m_10F_2c_8GB,4,binary,0.869694,auc,local,latest,,2.0.5,2022-05-30T16:33:36,4.4,3.5,0.0008,10,1058270829,,0.869565,0.869694,0.869694,4.50506
openml.org/t/146818,Australian,hyperoptsklearn,6m_10F_2c_8GB,5,binary,0.847623,auc,local,latest,,2.0.5,2022-05-30T16:33:39,3.1,2.1,0.003,10,1058270830,,0.855072,0.847623,0.847623,5.00562
openml.org/t/146818,Australian,hyperoptsklearn,6m_10F_2c_8GB,6,binary,0.803905,auc,local,latest,,2.0.5,2022-05-30T16:33:41,2.4,1.5,0.0009,10,1058270831,,0.797101,0.803905,0.803905,7.00787
openml.org/t/146818,Australian,hyperoptsklearn,6m_10F_2c_8GB,7,binary,0.894872,auc,local,latest,,2.0.5,2022-05-30T16:33:43,2.5,1.5,0.004,10,1058270832,,0.898551,0.894872,0.894872,3.50393
openml.org/t/146818,Australian,hyperoptsklearn,6m_10F_2c_8GB,8,binary,0.857692,auc,local,latest,,2.0.5,2022-05-30T16:33:46,2.7,1.8,0.007,10,1058270833,,0.869565,0.857692,0.857692,4.50506
openml.org/t/146818,Australian,hyperoptsklearn,6m_10F_2c_8GB,9,binary,0.85641,auc,local,latest,,2.0.5,2022-05-30T16:33:51,5.2,4.1,0.03,10,1058270834,,0.855072,0.85641,0.85641,5.00562
openml.org/t/10101,blood-transfusion,hyperoptsklearn,6m_10F_2c_8GB,0,binary,0.586257,auc,local,latest,,2.0.5,2022-05-30T16:39:54,360.8,360.0,0.001,8,1058270825,,0.746667,0.586257,0.586257,8.74982
openml.org/t/10101,blood-transfusion,hyperoptsklearn,6m_10F_2c_8GB,1,binary,0.55848,auc,local,latest,,2.0.5,2022-05-30T16:39:56,2.8,1.9,0.002,10,1058270826,,0.733333,0.55848,0.55848,9.21034
openml.org/t/10101,blood-transfusion,hyperoptsklearn,6m_10F_2c_8GB,2,binary,0.526316,auc,local,latest,,2.0.5,2022-05-30T16:44:31,274.4,273.6,0.0005,10,1058270827,,0.453333,0.526316,0.526316,18.8812
openml.org/t/10101,blood-transfusion,hyperoptsklearn,6m_10F_2c_8GB,3,binary,0.647661,auc,local,latest,,2.0.5,2022-05-30T16:44:33,2.4,1.5,0.002,10,1058270828,,0.666667,0.647661,0.647661,11.5129
openml.org/t/10101,blood-transfusion,hyperoptsklearn,6m_10F_2c_8GB,4,binary,0.678363,auc,local,latest,,2.0.5,2022-05-30T16:44:35,2.1,1.2,0.004,10,1058270829,,0.8,0.678363,0.678363,6.90776
openml.org/t/10101,blood-transfusion,hyperoptsklearn,6m_10F_2c_8GB,5,binary,0.546784,auc,local,latest,,2.0.5,2022-05-30T16:45:01,25.2,24.4,0.0006,10,1058270830,,0.773333,0.546784,0.546784,7.82879
openml.org/t/10101,blood-transfusion,hyperoptsklearn,6m_10F_2c_8GB,6,binary,0.624269,auc,local,latest,,2.0.5,2022-05-30T16:45:03,2.7,1.8,0.002,10,1058270831,,0.746667,0.624269,0.624269,8.74982
openml.org/t/10101,blood-transfusion,hyperoptsklearn,6m_10F_2c_8GB,7,binary,0.631579,auc,local,latest,,2.0.5,2022-05-30T16:45:06,2.3,1.4,0.003,10,1058270832,,0.786667,0.631579,0.631579,7.36827
openml.org/t/10101,blood-transfusion,hyperoptsklearn,6m_10F_2c_8GB,8,binary,0.5,auc,local,latest,,2.0.5,2022-05-30T16:51:06,360.9,360.0,0.001,2,1058270833,,0.77027,0.5,0.5,7.93458
openml.org/t/10101,blood-transfusion,hyperoptsklearn,6m_10F_2c_8GB,9,binary,0.582559,auc,local,latest,,2.0.5,2022-05-30T16:56:14,307.8,306.9,0.0007,10,1058270834,,0.77027,0.582559,0.582559,7.93458
openml.org/t/146821,car,hyperoptsklearn,6m_10F_2c_8GB,0,multiclass,-0.798584,neg_logloss,local,latest,,2.0.5,2022-05-30T16:56:19,3.5,2.7,0.0004,10,1058270825,,0.976879,,0.949399,0.798584
openml.org/t/146821,car,hyperoptsklearn,6m_10F_2c_8GB,1,multiclass,-0.798584,neg_logloss,local,latest,,2.0.5,2022-05-30T16:56:24,5.1,4.3,0.009,10,1058270826,,0.976879,,0.845238,0.798584
openml.org/t/146821,car,hyperoptsklearn,6m_10F_2c_8GB,2,multiclass,-0.798584,neg_logloss,local,latest,,2.0.5,2022-05-30T16:56:27,2.4,1.6,0.004,10,1058270827,,0.976879,,0.958087,0.798584
openml.org/t/146821,car,hyperoptsklearn,6m_10F_2c_8GB,3,multiclass,-0.798584,neg_logloss,local,latest,,2.0.5,2022-05-30T16:56:29,2.5,1.6,0.002,10,1058270828,,0.976879,,0.943447,0.798584
openml.org/t/146821,car,hyperoptsklearn,6m_10F_2c_8GB,4,multiclass,-0.598938,neg_logloss,local,latest,,2.0.5,2022-05-30T16:56:32,3.1,2.2,0.002,10,1058270829,,0.982659,,0.960153,0.598938
openml.org/t/146821,car,hyperoptsklearn,6m_10F_2c_8GB,5,multiclass,-1.39752,neg_logloss,local,latest,,2.0.5,2022-05-30T16:56:34,2.1,1.1,0.007,10,1058270830,,0.959538,,0.817296,1.39752
openml.org/t/146821,car,hyperoptsklearn,6m_10F_2c_8GB,6,multiclass,-3.21066e-15,neg_logloss,local,latest,,2.0.5,2022-05-30T16:56:45,10.2,9.3,0.004,10,1058270831,,1.0,,1.0,3.21066e-15
openml.org/t/146821,car,hyperoptsklearn,6m_10F_2c_8GB,7,multiclass,-1.39752,neg_logloss,local,latest,,2.0.5,2022-05-30T16:56:49,4.2,3.1,0.003,10,1058270832,,0.959538,,0.938351,1.39752
openml.org/t/146821,car,hyperoptsklearn,6m_10F_2c_8GB,8,multiclass,-0.803227,neg_logloss,local,latest,,2.0.5,2022-05-30T16:56:57,7.6,6.6,0.06,10,1058270833,,0.976744,,0.953575,0.803227
openml.org/t/146821,car,hyperoptsklearn,6m_10F_2c_8GB,9,multiclass,-2.40968,neg_logloss,local,latest,,2.0.5,2022-05-30T16:57:00,3.6,2.7,0.0005,10,1058270834,,0.930233,,0.714226,2.40968
openml.org/t/168908,christine,hyperoptsklearn,6m_10F_2c_8GB,0,binary,0.697417,auc,local,latest,,2.0.5,2022-05-30T17:03:37,361.4,359.6,0.1,10,1058270825,,0.697417,0.697417,0.697417,10.4508
openml.org/t/168908,christine,hyperoptsklearn,6m_10F_2c_8GB,1,binary,,auc,local,latest,,2.0.5,2022-05-30T17:09:45,367.3,,,,1058270826,CalledProcessError: Command '/plx-context/artifacts/automl/frameworks/hyperoptsklearn/venv/bin/python -W ignore /plx-context/artifacts/automl/frameworks/hyperoptsklearn/exec.py' returned non-zero exi…,,,,
openml.org/t/168908,christine,hyperoptsklearn,6m_10F_2c_8GB,2,binary,,auc,local,latest,,2.0.5,2022-05-30T17:15:52,367.3,,,,1058270827,CalledProcessError: Command '/plx-context/artifacts/automl/frameworks/hyperoptsklearn/venv/bin/python -W ignore /plx-context/artifacts/automl/frameworks/hyperoptsklearn/exec.py' returned non-zero exi…,,,,
openml.org/t/168908,christine,hyperoptsklearn,6m_10F_2c_8GB,3,binary,0.723247,auc,local,latest,,2.0.5,2022-05-30T17:17:12,79.9,76.6,1.7,10,1058270828,,0.723247,0.723247,0.723247,9.5587
openml.org/t/168908,christine,hyperoptsklearn,6m_10F_2c_8GB,4,binary,,auc,local,latest,,2.0.5,2022-05-30T17:23:19,367.4,,,,1058270829,CalledProcessError: Command '/plx-context/artifacts/automl/frameworks/hyperoptsklearn/venv/bin/python -W ignore /plx-context/artifacts/automl/frameworks/hyperoptsklearn/exec.py' returned non-zero exi…,,,,
openml.org/t/168908,christine,hyperoptsklearn,6m_10F_2c_8GB,5,binary,,auc,local,latest,,2.0.5,2022-05-30T17:29:27,367.4,,,,1058270830,CalledProcessError: Command '/plx-context/artifacts/automl/frameworks/hyperoptsklearn/venv/bin/python -W ignore /plx-context/artifacts/automl/frameworks/hyperoptsklearn/exec.py' returned non-zero exi…,,,,
openml.org/t/168908,christine,hyperoptsklearn,6m_10F_2c_8GB,6,binary,0.592251,auc,local,latest,,2.0.5,2022-05-30T17:30:55,88.8,87.2,0.007,10,1058270831,,0.592251,0.592251,0.592251,14.0832
openml.org/t/168908,christine,hyperoptsklearn,6m_10F_2c_8GB,7,binary,,auc,local,latest,,2.0.5,2022-05-30T17:36:57,361.4,,,,1058270832,NoResultError: ,,,,
openml.org/t/168908,christine,hyperoptsklearn,6m_10F_2c_8GB,8,binary,0.730053,auc,local,latest,,2.0.5,2022-05-30T17:39:02,125.1,123.2,0.01,10,1058270833,,0.730129,0.730053,0.730053,9.321
openml.org/t/168908,christine,hyperoptsklearn,6m_10F_2c_8GB,9,binary,0.707988,auc,local,latest,,2.0.5,2022-05-30T17:40:30,87.7,84.3,1.8,10,1058270834,,0.707948,0.707988,0.707988,10.0871
openml.org/t/9981,cnae-9,hyperoptsklearn,6m_10F_2c_8GB,0,multiclass,-3.19803,neg_logloss,local,latest,,2.0.5,2022-05-30T17:41:24,20.8,19.8,0.04,10,1058270825,,0.907407,,0.907407,3.19803
openml.org/t/9981,cnae-9,hyperoptsklearn,6m_10F_2c_8GB,1,multiclass,-3.51784,neg_logloss,local,latest,,2.0.5,2022-05-30T17:41:31,6.8,5.9,0.002,10,1058270826,,0.898148,,0.898148,3.51784
openml.org/t/9981,cnae-9,hyperoptsklearn,6m_10F_2c_8GB,2,multiclass,-1.91882,neg_logloss,local,latest,,2.0.5,2022-05-30T17:41:43,12.2,11.3,0.002,10,1058270827,,0.944444,,0.944444,1.91882
openml.org/t/9981,cnae-9,hyperoptsklearn,6m_10F_2c_8GB,3,multiclass,-5.11686,neg_logloss,local,latest,,2.0.5,2022-05-30T17:41:53,9.5,7.8,0.6,10,1058270828,,0.851852,,0.851852,5.11686
openml.org/t/9981,cnae-9,hyperoptsklearn,6m_10F_2c_8GB,4,multiclass,-1.27921,neg_logloss,local,latest,,2.0.5,2022-05-30T17:42:04,11.5,10.4,0.001,10,1058270829,,0.962963,,0.962963,1.27921
openml.org/t/9981,cnae-9,hyperoptsklearn,6m_10F_2c_8GB,5,multiclass,-1.59902,neg_logloss,local,latest,,2.0.5,2022-05-30T17:42:18,13.6,12.6,0.002,10,1058270830,,0.953704,,0.953704,1.59902
openml.org/t/9981,cnae-9,hyperoptsklearn,6m_10F_2c_8GB,6,multiclass,-4.47725,neg_logloss,local,latest,,2.0.5,2022-05-30T17:42:52,33.8,32.8,0.005,10,1058270831,,0.87037,,0.87037,4.47725
openml.org/t/9981,cnae-9,hyperoptsklearn,6m_10F_2c_8GB,7,multiclass,-1.91882,neg_logloss,local,latest,,2.0.5,2022-05-30T17:43:32,40.3,39.3,0.001,10,1058270832,,0.944444,,0.944444,1.91882
openml.org/t/9981,cnae-9,hyperoptsklearn,6m_10F_2c_8GB,8,multiclass,-4.15745,neg_logloss,local,latest,,2.0.5,2022-05-30T17:43:41,9.5,8.6,0.002,10,1058270833,,0.87963,,0.87963,4.15745
openml.org/t/9981,cnae-9,hyperoptsklearn,6m_10F_2c_8GB,9,multiclass,-2.55843,neg_logloss,local,latest,,2.0.5,2022-05-30T17:44:36,54.2,53.2,0.02,10,1058270834,,0.925926,,0.925926,2.55843
openml.org/t/31,credit-g,hyperoptsklearn,6m_10F_2c_8GB,0,binary,0.778571,auc,local,latest,,2.0.5,2022-05-30T17:44:45,7.3,6.4,0.009,10,1058270825,,0.77,0.778571,0.778571,7.94392
openml.org/t/31,credit-g,hyperoptsklearn,6m_10F_2c_8GB,1,binary,0.595238,auc,local,latest,,2.0.5,2022-05-30T17:44:50,5.7,4.5,0.0007,10,1058270826,,0.74,0.595238,0.595238,8.98008
openml.org/t/31,credit-g,hyperoptsklearn,6m_10F_2c_8GB,2,binary,0.619048,auc,local,latest,,2.0.5,2022-05-30T17:44:55,4.4,3.2,0.003,10,1058270827,,0.72,0.619048,0.619048,9.67086
openml.org/t/31,credit-g,hyperoptsklearn,6m_10F_2c_8GB,3,binary,0.719048,auc,local,latest,,2.0.5,2022-05-30T17:44:58,2.8,1.8,0.001,10,1058270828,,0.78,0.719048,0.719048,7.59853
openml.org/t/31,credit-g,hyperoptsklearn,6m_10F_2c_8GB,4,binary,0.669048,auc,local,latest,,2.0.5,2022-05-30T17:45:00,2.2,1.4,0.006,10,1058270829,,0.75,0.669048,0.669048,8.63469
openml.org/t/31,credit-g,hyperoptsklearn,6m_10F_2c_8GB,5,binary,0.711905,auc,local,latest,,2.0.5,2022-05-30T17:45:07,7.1,6.2,0.02,10,1058270830,,0.77,0.711905,0.711905,7.94392
openml.org/t/31,credit-g,hyperoptsklearn,6m_10F_2c_8GB,6,binary,0.664286,auc,local,latest,,2.0.5,2022-05-30T17:45:09,2.0,1.1,0.0005,10,1058270831,,0.73,0.664286,0.664286,9.32547
openml.org/t/31,credit-g,hyperoptsklearn,6m_10F_2c_8GB,7,binary,0.752381,auc,local,latest,,2.0.5,2022-05-30T17:45:14,4.7,3.9,0.004,10,1058270832,,0.76,0.752381,0.752381,8.28931
openml.org/t/31,credit-g,hyperoptsklearn,6m_10F_2c_8GB,8,binary,0.630952,auc,local,latest,,2.0.5,2022-05-30T17:45:17,3.7,2.8,0.0006,10,1058270833,,0.75,0.630952,0.630952,8.63469
openml.org/t/31,credit-g,hyperoptsklearn,6m_10F_2c_8GB,9,binary,0.628571,auc,local,latest,,2.0.5,2022-05-30T17:45:24,7.0,6.1,0.005,10,1058270834,,0.72,0.628571,0.628571,9.67086
openml.org/t/168909,dilbert,hyperoptsklearn,6m_10F_2c_8GB,0,multiclass,-0.932547,neg_logloss,local,latest,,2.0.5,2022-05-30T17:52:49,380.4,361.0,12.7,6,1058270825,,0.973,,0.973022,0.932547
openml.org/t/168909,dilbert,hyperoptsklearn,6m_10F_2c_8GB,1,multiclass,-19.9634,neg_logloss,local,latest,,2.0.5,2022-05-30T17:58:57,367.7,363.3,0.06,2,1058270826,,0.422,,0.42083,19.9634
openml.org/t/168909,dilbert,hyperoptsklearn,6m_10F_2c_8GB,2,multiclass,,neg_logloss,local,latest,,2.0.5,2022-05-30T18:05:01,364.9,,,,1058270827,"NoResultError: All trials failed or timed out. 
Result of last trial: {'status': 'new'}",,,,
openml.org/t/168909,dilbert,hyperoptsklearn,6m_10F_2c_8GB,3,multiclass,,neg_logloss,local,latest,,2.0.5,2022-05-30T18:11:12,370.4,,,,1058270828,CalledProcessError: Command '/plx-context/artifacts/automl/frameworks/hyperoptsklearn/venv/bin/python -W ignore /plx-context/artifacts/automl/frameworks/hyperoptsklearn/exec.py' returned non-zero exi…,,,,
openml.org/t/168909,dilbert,hyperoptsklearn,6m_10F_2c_8GB,4,multiclass,-1.00162,neg_logloss,local,latest,,2.0.5,2022-05-30T18:17:29,377.0,362.1,11.9,9,1058270829,,0.971,,0.970909,1.00162
openml.org/t/168909,dilbert,hyperoptsklearn,6m_10F_2c_8GB,5,multiclass,-0.449004,neg_logloss,local,latest,,2.0.5,2022-05-30T18:21:50,261.1,239.1,19.1,10,1058270830,,0.987,,0.986977,0.449004
openml.org/t/168909,dilbert,hyperoptsklearn,6m_10F_2c_8GB,6,multiclass,,neg_logloss,local,latest,,2.0.5,2022-05-30T18:27:53,363.2,,,,1058270831,"NoResultError: All trials failed or timed out. 
Result of last trial: {'status': 'new'}",,,,
openml.org/t/168909,dilbert,hyperoptsklearn,6m_10F_2c_8GB,7,multiclass,-1.20886,neg_logloss,local,latest,,2.0.5,2022-05-30T18:34:14,381.3,361.7,15.6,9,1058270832,,0.965,,0.964662,1.20886
openml.org/t/168909,dilbert,hyperoptsklearn,6m_10F_2c_8GB,8,multiclass,,neg_logloss,local,latest,,2.0.5,2022-05-30T18:40:25,370.2,,,,1058270833,CalledProcessError: Command '/plx-context/artifacts/automl/frameworks/hyperoptsklearn/venv/bin/python -W ignore /plx-context/artifacts/automl/frameworks/hyperoptsklearn/exec.py' returned non-zero exi…,,,,
openml.org/t/168909,dilbert,hyperoptsklearn,6m_10F_2c_8GB,9,multiclass,-1.65786,neg_logloss,local,latest,,2.0.5,2022-05-30T18:46:30,365.5,362.7,0.2,9,1058270834,,0.952,,0.95211,1.65786
openml.org/t/168910,fabert,hyperoptsklearn,6m_10F_2c_8GB,0,multiclass,-20.7484,neg_logloss,local,latest,,2.0.5,2022-05-30T18:50:30,236.3,234.9,0.004,10,1058270825,,0.399272,,0.289427,20.7484
openml.org/t/168910,fabert,hyperoptsklearn,6m_10F_2c_8GB,1,multiclass,-10.5628,neg_logloss,local,latest,,2.0.5,2022-05-30T18:53:18,168.1,162.7,4.2,10,1058270826,,0.694175,,0.646695,10.5628
openml.org/t/168910,fabert,hyperoptsklearn,6m_10F_2c_8GB,2,multiclass,,neg_logloss,local,latest,,2.0.5,2022-05-30T18:59:19,361.2,,,,1058270827,"NoResultError: All trials failed or timed out. 
Result of last trial: {'status': 'new'}",,,,
openml.org/t/168910,fabert,hyperoptsklearn,6m_10F_2c_8GB,3,multiclass,-11.3173,neg_logloss,local,latest,,2.0.5,2022-05-30T19:02:44,204.9,203.6,0.02,10,1058270828,,0.67233,,0.654785,11.3173
openml.org/t/168910,fabert,hyperoptsklearn,6m_10F_2c_8GB,4,multiclass,-11.7784,neg_logloss,local,latest,,2.0.5,2022-05-30T19:08:47,363.0,361.7,0.006,8,1058270829,,0.658981,,0.64554,11.7784
openml.org/t/168910,fabert,hyperoptsklearn,6m_10F_2c_8GB,5,multiclass,-9.97601,neg_logloss,local,latest,,2.0.5,2022-05-30T19:11:57,189.8,188.3,0.01,10,1058270830,,0.711165,,0.679112,9.97601
openml.org/t/168910,fabert,hyperoptsklearn,6m_10F_2c_8GB,6,multiclass,-11.3592,neg_logloss,local,latest,,2.0.5,2022-05-30T19:16:04,247.1,243.5,2.4,10,1058270831,,0.671117,,0.627476,11.3592
openml.org/t/168910,fabert,hyperoptsklearn,6m_10F_2c_8GB,7,multiclass,-11.5829,neg_logloss,local,latest,,2.0.5,2022-05-30T19:18:10,125.3,121.8,2.2,10,1058270832,,0.664642,,0.629239,11.5829
openml.org/t/168910,fabert,hyperoptsklearn,6m_10F_2c_8GB,8,multiclass,-12.0025,neg_logloss,local,latest,,2.0.5,2022-05-30T19:24:12,362.6,361.3,0.006,7,1058270833,,0.652491,,0.636195,12.0025
openml.org/t/168910,fabert,hyperoptsklearn,6m_10F_2c_8GB,9,multiclass,-10.9534,neg_logloss,local,latest,,2.0.5,2022-05-30T19:25:55,102.8,98.9,2.6,10,1058270834,,0.682868,,0.643756,10.9534
openml.org/t/168911,jasmine,hyperoptsklearn,6m_10F_2c_8GB,0,binary,0.818971,auc,local,latest,,2.0.5,2022-05-30T19:28:40,154.0,152.7,0.01,10,1058270825,,0.819398,0.818971,0.818971,6.23777
openml.org/t/168911,jasmine,hyperoptsklearn,6m_10F_2c_8GB,1,binary,0.829038,auc,local,latest,,2.0.5,2022-05-30T19:29:15,35.1,33.6,0.4,10,1058270826,,0.829431,0.829038,0.829038,5.89123
openml.org/t/168911,jasmine,hyperoptsklearn,6m_10F_2c_8GB,2,binary,0.826488,auc,local,latest,,2.0.5,2022-05-30T19:30:08,52.7,51.6,0.002,10,1058270827,,0.826087,0.826488,0.826488,6.00674
openml.org/t/168911,jasmine,hyperoptsklearn,6m_10F_2c_8GB,3,binary,0.819888,auc,local,latest,,2.0.5,2022-05-30T19:30:17,9.1,8.0,0.004,10,1058270828,,0.819398,0.819888,0.819888,6.23777
openml.org/t/168911,jasmine,hyperoptsklearn,6m_10F_2c_8GB,4,binary,0.785235,auc,local,latest,,2.0.5,2022-05-30T19:30:21,3.5,2.3,0.07,10,1058270829,,0.785235,0.785235,0.785235,7.41772
openml.org/t/168911,jasmine,hyperoptsklearn,6m_10F_2c_8GB,5,binary,0.788591,auc,local,latest,,2.0.5,2022-05-30T19:30:35,14.2,13.1,0.003,10,1058270830,,0.788591,0.788591,0.788591,7.30182
openml.org/t/168911,jasmine,hyperoptsklearn,6m_10F_2c_8GB,6,binary,0.798658,auc,local,latest,,2.0.5,2022-05-30T19:30:51,16.6,15.3,0.1,10,1058270831,,0.798658,0.798658,0.798658,6.95412
openml.org/t/168911,jasmine,hyperoptsklearn,6m_10F_2c_8GB,7,binary,0.808725,auc,local,latest,,2.0.5,2022-05-30T19:32:14,83.0,81.6,0.2,10,1058270832,,0.808725,0.808725,0.808725,6.60641
openml.org/t/168911,jasmine,hyperoptsklearn,6m_10F_2c_8GB,8,binary,0.781879,auc,local,latest,,2.0.5,2022-05-30T19:32:21,7.2,5.9,0.1,10,1058270833,,0.781879,0.781879,0.781879,7.53363
openml.org/t/168911,jasmine,hyperoptsklearn,6m_10F_2c_8GB,9,binary,0.802013,auc,local,latest,,2.0.5,2022-05-30T19:32:29,7.6,6.3,0.09,10,1058270834,,0.802013,0.802013,0.802013,6.83821
openml.org/t/3917,kc1,hyperoptsklearn,6m_10F_2c_8GB,0,binary,0.624389,auc,local,latest,,2.0.5,2022-05-30T19:32:36,2.6,1.6,0.0008,10,1058270825,,0.819905,0.624389,0.624389,6.22025
openml.org/t/3917,kc1,hyperoptsklearn,6m_10F_2c_8GB,1,binary,0.735859,auc,local,latest,,2.0.5,2022-05-30T19:32:39,3.5,2.5,0.002,10,1058270826,,0.682464,0.735859,0.735859,10.9673
openml.org/t/3917,kc1,hyperoptsklearn,6m_10F_2c_8GB,2,binary,0.617144,auc,local,latest,,2.0.5,2022-05-30T19:32:43,3.7,2.7,0.0006,10,1058270827,,0.829384,0.617144,0.617144,5.89287
openml.org/t/3917,kc1,hyperoptsklearn,6m_10F_2c_8GB,3,binary,0.765237,auc,local,latest,,2.0.5,2022-05-30T19:32:57,13.8,12.5,0.2,10,1058270828,,0.687204,0.765237,0.765237,10.8036
openml.org/t/3917,kc1,hyperoptsklearn,6m_10F_2c_8GB,4,binary,0.694076,auc,local,latest,,2.0.5,2022-05-30T19:33:01,4.5,3.5,0.009,10,1058270829,,0.796209,0.694076,0.694076,7.03871
openml.org/t/3917,kc1,hyperoptsklearn,6m_10F_2c_8GB,5,binary,0.736636,auc,local,latest,,2.0.5,2022-05-30T19:33:05,3.8,2.7,0.009,10,1058270830,,0.701422,0.736636,0.736636,10.3125
openml.org/t/3917,kc1,hyperoptsklearn,6m_10F_2c_8GB,6,binary,0.730507,auc,local,latest,,2.0.5,2022-05-30T19:33:32,26.6,25.3,0.3,10,1058270831,,0.753555,0.730507,0.730507,8.51193
openml.org/t/3917,kc1,hyperoptsklearn,6m_10F_2c_8GB,7,binary,0.654835,auc,local,latest,,2.0.5,2022-05-30T19:33:57,24.9,23.8,0.1,10,1058270832,,0.834123,0.654835,0.654835,5.72918
openml.org/t/3917,kc1,hyperoptsklearn,6m_10F_2c_8GB,8,binary,0.680116,auc,local,latest,,2.0.5,2022-05-30T19:34:00,3.4,2.4,0.002,10,1058270833,,0.876777,0.680116,0.680116,4.25596
openml.org/t/3917,kc1,hyperoptsklearn,6m_10F_2c_8GB,9,binary,0.628511,auc,local,latest,,2.0.5,2022-05-30T19:34:06,5.5,4.6,0.01,10,1058270834,,0.804762,0.628511,0.628511,6.74328
openml.org/t/3,kr-vs-kp,hyperoptsklearn,6m_10F_2c_8GB,0,binary,0.993738,auc,local,latest,,2.0.5,2022-05-30T19:34:14,2.6,1.6,0.0007,10,1058270825,,0.99375,0.993738,0.993738,0.215867
openml.org/t/3,kr-vs-kp,hyperoptsklearn,6m_10F_2c_8GB,1,binary,0.988024,auc,local,latest,,2.0.5,2022-05-30T19:34:20,6.2,5.2,0.003,10,1058270826,,0.9875,0.988024,0.988024,0.431735
openml.org/t/3,kr-vs-kp,hyperoptsklearn,6m_10F_2c_8GB,2,binary,0.974952,auc,local,latest,,2.0.5,2022-05-30T19:34:24,3.1,2.2,0.0006,10,1058270827,,0.975,0.974952,0.974952,0.863469
openml.org/t/3,kr-vs-kp,hyperoptsklearn,6m_10F_2c_8GB,3,binary,0.969238,auc,local,latest,,2.0.5,2022-05-30T19:34:27,3.1,2.2,0.004,10,1058270828,,0.96875,0.969238,0.969238,1.07934
openml.org/t/3,kr-vs-kp,hyperoptsklearn,6m_10F_2c_8GB,4,binary,0.961078,auc,local,latest,,2.0.5,2022-05-30T19:34:30,3.4,2.5,0.0007,10,1058270829,,0.959375,0.961078,0.961078,1.40314
openml.org/t/3,kr-vs-kp,hyperoptsklearn,6m_10F_2c_8GB,5,binary,0.994012,auc,local,latest,,2.0.5,2022-05-30T19:34:40,9.9,8.9,0.003,10,1058270830,,0.99375,0.994012,0.994012,0.215867
openml.org/t/3,kr-vs-kp,hyperoptsklearn,6m_10F_2c_8GB,6,binary,0.996732,auc,local,latest,,2.0.5,2022-05-30T19:34:44,3.7,2.7,0.003,10,1058270831,,0.996865,0.996732,0.996732,0.108272
openml.org/t/3,kr-vs-kp,hyperoptsklearn,6m_10F_2c_8GB,7,binary,0.932694,auc,local,latest,,2.0.5,2022-05-30T19:34:58,14.6,13.3,0.2,10,1058270832,,0.934169,0.932694,0.932694,2.27371
openml.org/t/3,kr-vs-kp,hyperoptsklearn,6m_10F_2c_8GB,8,binary,0.996711,auc,local,latest,,2.0.5,2022-05-30T19:35:04,5.3,4.4,0.0006,10,1058270833,,0.996865,0.996711,0.996711,0.108272
openml.org/t/3,kr-vs-kp,hyperoptsklearn,6m_10F_2c_8GB,9,binary,0.993717,auc,local,latest,,2.0.5,2022-05-30T19:35:09,5.4,4.4,0.08,10,1058270834,,0.99373,0.993717,0.993717,0.216544
openml.org/t/12,mfeat-factors,hyperoptsklearn,6m_10F_2c_8GB,0,multiclass,-0.690776,neg_logloss,local,latest,,2.0.5,2022-05-30T19:36:49,79.3,78.3,0.007,10,1058270825,,0.98,,0.98,0.690776
openml.org/t/12,mfeat-factors,hyperoptsklearn,6m_10F_2c_8GB,1,multiclass,-0.518082,neg_logloss,local,latest,,2.0.5,2022-05-30T19:37:05,16.7,15.7,0.03,10,1058270826,,0.985,,0.985,0.518082
openml.org/t/12,mfeat-factors,hyperoptsklearn,6m_10F_2c_8GB,2,multiclass,-1.03616,neg_logloss,local,latest,,2.0.5,2022-05-30T19:37:15,9.8,8.8,0.007,10,1058270827,,0.97,,0.97,1.03616
openml.org/t/12,mfeat-factors,hyperoptsklearn,6m_10F_2c_8GB,3,multiclass,-1.20886,neg_logloss,local,latest,,2.0.5,2022-05-30T19:41:41,266.0,265.1,0.009,10,1058270828,,0.965,,0.965,1.20886
openml.org/t/12,mfeat-factors,hyperoptsklearn,6m_10F_2c_8GB,4,multiclass,-1.03616,neg_logloss,local,latest,,2.0.5,2022-05-30T19:42:20,38.5,37.5,0.007,10,1058270829,,0.97,,0.97,1.03616
openml.org/t/12,mfeat-factors,hyperoptsklearn,6m_10F_2c_8GB,5,multiclass,-0.690776,neg_logloss,local,latest,,2.0.5,2022-05-30T19:43:24,64.5,63.5,0.04,10,1058270830,,0.98,,0.98,0.690776
openml.org/t/12,mfeat-factors,hyperoptsklearn,6m_10F_2c_8GB,6,multiclass,-0.690776,neg_logloss,local,latest,,2.0.5,2022-05-30T19:47:32,248.2,247.2,0.01,10,1058270831,,0.98,,0.98,0.690776
openml.org/t/12,mfeat-factors,hyperoptsklearn,6m_10F_2c_8GB,7,multiclass,-1.03616,neg_logloss,local,latest,,2.0.5,2022-05-30T19:48:09,37.1,36.0,0.008,10,1058270832,,0.97,,0.97,1.03616
openml.org/t/12,mfeat-factors,hyperoptsklearn,6m_10F_2c_8GB,8,multiclass,-0.690776,neg_logloss,local,latest,,2.0.5,2022-05-30T19:48:35,25.3,24.4,0.003,10,1058270833,,0.98,,0.98,0.690776
openml.org/t/12,mfeat-factors,hyperoptsklearn,6m_10F_2c_8GB,9,multiclass,-1.20886,neg_logloss,local,latest,,2.0.5,2022-05-30T19:50:33,118.3,117.3,0.05,10,1058270834,,0.965,,0.965,1.20886
openml.org/t/9952,phoneme,hyperoptsklearn,6m_10F_2c_8GB,0,binary,0.871884,auc,local,latest,,2.0.5,2022-05-30T19:50:40,5.5,4.5,0.02,10,1058270825,,0.902033,0.871884,0.871884,3.38365
openml.org/t/9952,phoneme,hyperoptsklearn,6m_10F_2c_8GB,1,binary,0.857231,auc,local,latest,,2.0.5,2022-05-30T19:50:49,8.7,7.7,0.007,10,1058270826,,0.876155,0.857231,0.857231,4.27745
openml.org/t/9952,phoneme,hyperoptsklearn,6m_10F_2c_8GB,2,binary,0.842339,auc,local,latest,,2.0.5,2022-05-30T19:50:57,7.8,6.7,0.01,10,1058270827,,0.831793,0.842339,0.842339,5.80966
openml.org/t/9952,phoneme,hyperoptsklearn,6m_10F_2c_8GB,3,binary,0.792247,auc,local,latest,,2.0.5,2022-05-30T19:51:09,12.0,11.0,0.02,10,1058270828,,0.833641,0.792247,0.792247,5.74582
openml.org/t/9952,phoneme,hyperoptsklearn,6m_10F_2c_8GB,4,binary,0.862085,auc,local,latest,,2.0.5,2022-05-30T19:51:17,8.4,7.2,0.1,10,1058270829,,0.888889,0.862085,0.862085,3.83764
openml.org/t/9952,phoneme,hyperoptsklearn,6m_10F_2c_8GB,5,binary,0.897889,auc,local,latest,,2.0.5,2022-05-30T19:51:46,28.9,27.6,0.2,10,1058270830,,0.887037,0.897889,0.897889,3.9016
openml.org/t/9952,phoneme,hyperoptsklearn,6m_10F_2c_8GB,6,binary,0.888064,auc,local,latest,,2.0.5,2022-05-30T19:51:53,6.9,5.7,0.03,10,1058270831,,0.888889,0.888064,0.888064,3.83764
openml.org/t/9952,phoneme,hyperoptsklearn,6m_10F_2c_8GB,7,binary,0.827391,auc,local,latest,,2.0.5,2022-05-30T19:51:58,4.8,3.9,0.0006,10,1058270832,,0.855556,0.827391,0.827391,4.98893
openml.org/t/9952,phoneme,hyperoptsklearn,6m_10F_2c_8GB,8,binary,0.872332,auc,local,latest,,2.0.5,2022-05-30T19:52:14,15.9,14.8,0.2,10,1058270833,,0.9,0.872332,0.872332,3.45388
openml.org/t/9952,phoneme,hyperoptsklearn,6m_10F_2c_8GB,9,binary,0.796736,auc,local,latest,,2.0.5,2022-05-30T19:52:28,13.8,12.8,0.04,10,1058270834,,0.790741,0.796736,0.796736,7.22756
openml.org/t/146822,segment,hyperoptsklearn,6m_10F_2c_8GB,0,multiclass,-1.19615,neg_logloss,local,latest,,2.0.5,2022-05-30T19:52:39,6.2,5.3,0.007,10,1058270825,,0.965368,,0.965368,1.19615
openml.org/t/146822,segment,hyperoptsklearn,6m_10F_2c_8GB,1,multiclass,-0.747593,neg_logloss,local,latest,,2.0.5,2022-05-30T19:54:01,82.7,81.8,0.003,10,1058270826,,0.978355,,0.978355,0.747593
openml.org/t/146822,segment,hyperoptsklearn,6m_10F_2c_8GB,2,multiclass,-1.79422,neg_logloss,local,latest,,2.0.5,2022-05-30T19:54:28,26.4,25.5,0.001,10,1058270827,,0.948052,,0.948052,1.79422
openml.org/t/146822,segment,hyperoptsklearn,6m_10F_2c_8GB,3,multiclass,-0.897111,neg_logloss,local,latest,,2.0.5,2022-05-30T19:54:38,9.9,9.0,0.003,10,1058270828,,0.974026,,0.974026,0.897111
openml.org/t/146822,segment,hyperoptsklearn,6m_10F_2c_8GB,4,multiclass,-0.299037,neg_logloss,local,latest,,2.0.5,2022-05-30T19:55:02,24.5,23.5,0.01,10,1058270829,,0.991342,,0.991342,0.299037
openml.org/t/146822,segment,hyperoptsklearn,6m_10F_2c_8GB,5,multiclass,-2.09326,neg_logloss,local,latest,,2.0.5,2022-05-30T19:55:12,10.2,9.2,0.02,10,1058270830,,0.939394,,0.939394,2.09326
openml.org/t/146822,segment,hyperoptsklearn,6m_10F_2c_8GB,6,multiclass,-1.34567,neg_logloss,local,latest,,2.0.5,2022-05-30T19:55:17,4.8,3.8,0.01,10,1058270831,,0.961039,,0.961039,1.34567
openml.org/t/146822,segment,hyperoptsklearn,6m_10F_2c_8GB,7,multiclass,-1.34567,neg_logloss,local,latest,,2.0.5,2022-05-30T19:55:30,12.7,11.6,0.006,10,1058270832,,0.961039,,0.961039,1.34567
openml.org/t/146822,segment,hyperoptsklearn,6m_10F_2c_8GB,8,multiclass,-1.19615,neg_logloss,local,latest,,2.0.5,2022-05-30T19:55:34,4.6,3.7,0.007,10,1058270833,,0.965368,,0.965368,1.19615
openml.org/t/146822,segment,hyperoptsklearn,6m_10F_2c_8GB,9,multiclass,-0.747593,neg_logloss,local,latest,,2.0.5,2022-05-30T19:57:54,139.1,137.8,0.3,10,1058270834,,0.978355,,0.978355,0.747593
openml.org/t/168912,sylvine,hyperoptsklearn,6m_10F_2c_8GB,0,binary,0.921959,auc,local,latest,,2.0.5,2022-05-30T19:58:06,10.7,9.7,0.03,10,1058270825,,0.922027,0.921959,0.921959,2.69308
openml.org/t/168912,sylvine,hyperoptsklearn,6m_10F_2c_8GB,1,binary,0.923881,auc,local,latest,,2.0.5,2022-05-30T19:58:17,10.7,9.7,0.06,10,1058270826,,0.923977,0.923881,0.923881,2.62575
openml.org/t/168912,sylvine,hyperoptsklearn,6m_10F_2c_8GB,2,binary,0.92794,auc,local,latest,,2.0.5,2022-05-30T19:58:32,14.8,13.9,0.03,10,1058270827,,0.927875,0.92794,0.92794,2.4911
openml.org/t/168912,sylvine,hyperoptsklearn,6m_10F_2c_8GB,3,binary,0.945449,auc,local,latest,,2.0.5,2022-05-30T19:59:37,65.2,64.3,0.003,10,1058270828,,0.945419,0.945449,0.945449,1.88516
openml.org/t/168912,sylvine,hyperoptsklearn,6m_10F_2c_8GB,4,binary,0.871094,auc,local,latest,,2.0.5,2022-05-30T19:59:41,3.8,2.8,0.0007,10,1058270829,,0.871094,0.871094,0.871094,4.45226
openml.org/t/168912,sylvine,hyperoptsklearn,6m_10F_2c_8GB,5,binary,0.673828,auc,local,latest,,2.0.5,2022-05-30T20:05:42,361.0,360.0,0.04,5,1058270830,,0.673828,0.673828,0.673828,11.2656
openml.org/t/168912,sylvine,hyperoptsklearn,6m_10F_2c_8GB,6,binary,0.958984,auc,local,latest,,2.0.5,2022-05-30T20:05:56,14.4,13.4,0.009,10,1058270831,,0.958984,0.958984,0.958984,1.41663
openml.org/t/168912,sylvine,hyperoptsklearn,6m_10F_2c_8GB,7,binary,0.910156,auc,local,latest,,2.0.5,2022-05-30T20:06:11,14.6,13.6,0.1,10,1058270832,,0.910156,0.910156,0.910156,3.10309
openml.org/t/168912,sylvine,hyperoptsklearn,6m_10F_2c_8GB,8,binary,0.935547,auc,local,latest,,2.0.5,2022-05-30T20:06:20,9.0,8.0,0.02,10,1058270833,,0.935547,0.935547,0.935547,2.22613
openml.org/t/168912,sylvine,hyperoptsklearn,6m_10F_2c_8GB,9,binary,0.953125,auc,local,latest,,2.0.5,2022-05-30T20:06:54,34.6,33.4,0.2,10,1058270834,,0.953125,0.953125,0.953125,1.61901
openml.org/t/53,vehicle,hyperoptsklearn,6m_10F_2c_8GB,0,multiclass,-7.72043,neg_logloss,local,latest,,2.0.5,2022-05-30T20:07:01,5.5,4.6,0.02,10,1058270825,,0.776471,,0.77803,7.72043
openml.org/t/53,vehicle,hyperoptsklearn,6m_10F_2c_8GB,1,multiclass,-5.68874,neg_logloss,local,latest,,2.0.5,2022-05-30T20:07:12,10.2,9.3,0.002,10,1058270826,,0.835294,,0.835444,5.68874
openml.org/t/53,vehicle,hyperoptsklearn,6m_10F_2c_8GB,2,multiclass,-10.1585,neg_logloss,local,latest,,2.0.5,2022-05-30T20:07:16,4.1,3.1,0.0006,10,1058270827,,0.705882,,0.709361,10.1585
openml.org/t/53,vehicle,hyperoptsklearn,6m_10F_2c_8GB,3,multiclass,-7.72043,neg_logloss,local,latest,,2.0.5,2022-05-30T20:07:19,3.3,2.4,0.001,10,1058270828,,0.776471,,0.777056,7.72043
openml.org/t/53,vehicle,hyperoptsklearn,6m_10F_2c_8GB,4,multiclass,-7.72043,neg_logloss,local,latest,,2.0.5,2022-05-30T20:07:40,20.9,20.0,0.0006,10,1058270829,,0.776471,,0.77868,7.72043
openml.org/t/53,vehicle,hyperoptsklearn,6m_10F_2c_8GB,5,multiclass,-7.72043,neg_logloss,local,latest,,2.0.5,2022-05-30T20:07:44,4.1,3.1,0.03,10,1058270830,,0.776471,,0.779762,7.72043
openml.org/t/53,vehicle,hyperoptsklearn,6m_10F_2c_8GB,6,multiclass,-14.8023,neg_logloss,local,latest,,2.0.5,2022-05-30T20:07:48,4.1,2.9,0.02,10,1058270831,,0.571429,,0.588203,14.8023
openml.org/t/53,vehicle,hyperoptsklearn,6m_10F_2c_8GB,7,multiclass,-6.98999,neg_logloss,local,latest,,2.0.5,2022-05-30T20:07:58,9.7,8.7,0.002,10,1058270832,,0.797619,,0.800271,6.98999
openml.org/t/53,vehicle,hyperoptsklearn,6m_10F_2c_8GB,8,multiclass,-7.81234,neg_logloss,local,latest,,2.0.5,2022-05-30T20:08:06,8.1,7.2,0.002,10,1058270833,,0.77381,,0.773214,7.81234
openml.org/t/53,vehicle,hyperoptsklearn,6m_10F_2c_8GB,9,multiclass,-9.04587,neg_logloss,local,latest,,2.0.5,2022-05-30T20:08:12,5.8,4.8,0.002,10,1058270834,,0.738095,,0.735714,9.04587
