id,task,framework,constraint,fold,type,result,metric,mode,version,params,app_version,utc,duration,training_duration,predict_duration,models_count,seed,info,acc,auc,balacc,logloss
openml.org/t/146818,Australian,MLPlanSKLearn,6m_10F_2c_8GB,0,binary,,auc,local,stable,{'_backend': 'sklearn'},2.0.5,2022-06-02T05:44:02,0.3,,,,1339008140,NoResultError: list index out of range,,,,
openml.org/t/146818,Australian,MLPlanSKLearn,6m_10F_2c_8GB,1,binary,,auc,local,stable,{'_backend': 'sklearn'},2.0.5,2022-06-02T05:44:02,0.2,,,,1339008141,NoResultError: list index out of range,,,,
openml.org/t/146818,Australian,MLPlanSKLearn,6m_10F_2c_8GB,2,binary,,auc,local,stable,{'_backend': 'sklearn'},2.0.5,2022-06-02T05:44:02,0.3,,,,1339008142,NoResultError: list index out of range,,,,
openml.org/t/146818,Australian,MLPlanSKLearn,6m_10F_2c_8GB,3,binary,,auc,local,stable,{'_backend': 'sklearn'},2.0.5,2022-06-02T05:44:03,0.3,,,,1339008143,NoResultError: list index out of range,,,,
openml.org/t/146818,Australian,MLPlanSKLearn,6m_10F_2c_8GB,4,binary,,auc,local,stable,{'_backend': 'sklearn'},2.0.5,2022-06-02T05:44:03,0.2,,,,1339008144,NoResultError: list index out of range,,,,
openml.org/t/146818,Australian,MLPlanSKLearn,6m_10F_2c_8GB,5,binary,,auc,local,stable,{'_backend': 'sklearn'},2.0.5,2022-06-02T05:44:03,0.2,,,,1339008145,NoResultError: list index out of range,,,,
openml.org/t/146818,Australian,MLPlanSKLearn,6m_10F_2c_8GB,6,binary,,auc,local,stable,{'_backend': 'sklearn'},2.0.5,2022-06-02T05:44:03,0.3,,,,1339008146,NoResultError: list index out of range,,,,
openml.org/t/146818,Australian,MLPlanSKLearn,6m_10F_2c_8GB,7,binary,,auc,local,stable,{'_backend': 'sklearn'},2.0.5,2022-06-02T05:44:04,0.3,,,,1339008147,NoResultError: list index out of range,,,,
openml.org/t/146818,Australian,MLPlanSKLearn,6m_10F_2c_8GB,8,binary,,auc,local,stable,{'_backend': 'sklearn'},2.0.5,2022-06-02T05:44:04,0.2,,,,1339008148,NoResultError: list index out of range,,,,
openml.org/t/146818,Australian,MLPlanSKLearn,6m_10F_2c_8GB,9,binary,,auc,local,stable,{'_backend': 'sklearn'},2.0.5,2022-06-02T05:44:04,0.3,,,,1339008149,NoResultError: list index out of range,,,,
openml.org/t/10101,blood-transfusion,MLPlanSKLearn,6m_10F_2c_8GB,0,binary,,auc,local,stable,{'_backend': 'sklearn'},2.0.5,2022-06-02T05:44:06,0.2,,,,1339008140,NoResultError: list index out of range,,,,
openml.org/t/10101,blood-transfusion,MLPlanSKLearn,6m_10F_2c_8GB,1,binary,,auc,local,stable,{'_backend': 'sklearn'},2.0.5,2022-06-02T05:44:06,0.2,,,,1339008141,NoResultError: list index out of range,,,,
openml.org/t/10101,blood-transfusion,MLPlanSKLearn,6m_10F_2c_8GB,2,binary,,auc,local,stable,{'_backend': 'sklearn'},2.0.5,2022-06-02T05:44:07,0.2,,,,1339008142,NoResultError: list index out of range,,,,
openml.org/t/10101,blood-transfusion,MLPlanSKLearn,6m_10F_2c_8GB,3,binary,,auc,local,stable,{'_backend': 'sklearn'},2.0.5,2022-06-02T05:44:07,0.3,,,,1339008143,NoResultError: list index out of range,,,,
openml.org/t/10101,blood-transfusion,MLPlanSKLearn,6m_10F_2c_8GB,4,binary,,auc,local,stable,{'_backend': 'sklearn'},2.0.5,2022-06-02T05:44:07,0.3,,,,1339008144,NoResultError: list index out of range,,,,
openml.org/t/10101,blood-transfusion,MLPlanSKLearn,6m_10F_2c_8GB,5,binary,,auc,local,stable,{'_backend': 'sklearn'},2.0.5,2022-06-02T05:44:07,0.2,,,,1339008145,NoResultError: list index out of range,,,,
openml.org/t/10101,blood-transfusion,MLPlanSKLearn,6m_10F_2c_8GB,6,binary,,auc,local,stable,{'_backend': 'sklearn'},2.0.5,2022-06-02T05:44:08,0.3,,,,1339008146,NoResultError: list index out of range,,,,
openml.org/t/10101,blood-transfusion,MLPlanSKLearn,6m_10F_2c_8GB,7,binary,,auc,local,stable,{'_backend': 'sklearn'},2.0.5,2022-06-02T05:44:08,0.3,,,,1339008147,NoResultError: list index out of range,,,,
openml.org/t/10101,blood-transfusion,MLPlanSKLearn,6m_10F_2c_8GB,8,binary,,auc,local,stable,{'_backend': 'sklearn'},2.0.5,2022-06-02T05:44:08,0.2,,,,1339008148,NoResultError: list index out of range,,,,
openml.org/t/10101,blood-transfusion,MLPlanSKLearn,6m_10F_2c_8GB,9,binary,,auc,local,stable,{'_backend': 'sklearn'},2.0.5,2022-06-02T05:44:08,0.3,,,,1339008149,NoResultError: list index out of range,,,,
openml.org/t/146821,car,MLPlanSKLearn,6m_10F_2c_8GB,0,multiclass,,neg_logloss,local,stable,{'_backend': 'sklearn'},2.0.5,2022-06-02T05:44:10,0.3,,,,1339008140,NoResultError: list index out of range,,,,
openml.org/t/146821,car,MLPlanSKLearn,6m_10F_2c_8GB,1,multiclass,,neg_logloss,local,stable,{'_backend': 'sklearn'},2.0.5,2022-06-02T05:44:10,0.2,,,,1339008141,NoResultError: list index out of range,,,,
openml.org/t/146821,car,MLPlanSKLearn,6m_10F_2c_8GB,2,multiclass,,neg_logloss,local,stable,{'_backend': 'sklearn'},2.0.5,2022-06-02T05:44:11,0.2,,,,1339008142,NoResultError: list index out of range,,,,
openml.org/t/146821,car,MLPlanSKLearn,6m_10F_2c_8GB,3,multiclass,,neg_logloss,local,stable,{'_backend': 'sklearn'},2.0.5,2022-06-02T05:44:11,0.3,,,,1339008143,NoResultError: list index out of range,,,,
openml.org/t/146821,car,MLPlanSKLearn,6m_10F_2c_8GB,4,multiclass,,neg_logloss,local,stable,{'_backend': 'sklearn'},2.0.5,2022-06-02T05:44:11,0.3,,,,1339008144,NoResultError: list index out of range,,,,
openml.org/t/146821,car,MLPlanSKLearn,6m_10F_2c_8GB,5,multiclass,,neg_logloss,local,stable,{'_backend': 'sklearn'},2.0.5,2022-06-02T05:44:11,0.2,,,,1339008145,NoResultError: list index out of range,,,,
openml.org/t/146821,car,MLPlanSKLearn,6m_10F_2c_8GB,6,multiclass,,neg_logloss,local,stable,{'_backend': 'sklearn'},2.0.5,2022-06-02T05:44:12,0.3,,,,1339008146,NoResultError: list index out of range,,,,
openml.org/t/146821,car,MLPlanSKLearn,6m_10F_2c_8GB,7,multiclass,,neg_logloss,local,stable,{'_backend': 'sklearn'},2.0.5,2022-06-02T05:44:12,0.3,,,,1339008147,NoResultError: list index out of range,,,,
openml.org/t/146821,car,MLPlanSKLearn,6m_10F_2c_8GB,8,multiclass,,neg_logloss,local,stable,{'_backend': 'sklearn'},2.0.5,2022-06-02T05:44:12,0.3,,,,1339008148,NoResultError: list index out of range,,,,
openml.org/t/146821,car,MLPlanSKLearn,6m_10F_2c_8GB,9,multiclass,,neg_logloss,local,stable,{'_backend': 'sklearn'},2.0.5,2022-06-02T05:44:13,0.3,,,,1339008149,NoResultError: list index out of range,,,,
openml.org/t/168908,christine,MLPlanSKLearn,6m_10F_2c_8GB,0,binary,,auc,local,stable,{'_backend': 'sklearn'},2.0.5,2022-06-02T05:44:42,19.5,,,,1339008140,NoResultError: list index out of range,,,,
openml.org/t/168908,christine,MLPlanSKLearn,6m_10F_2c_8GB,1,binary,,auc,local,stable,{'_backend': 'sklearn'},2.0.5,2022-06-02T05:45:06,24.1,,,,1339008141,NoResultError: list index out of range,,,,
openml.org/t/168908,christine,MLPlanSKLearn,6m_10F_2c_8GB,2,binary,,auc,local,stable,{'_backend': 'sklearn'},2.0.5,2022-06-02T05:45:32,26.1,,,,1339008142,NoResultError: list index out of range,,,,
openml.org/t/168908,christine,MLPlanSKLearn,6m_10F_2c_8GB,3,binary,,auc,local,stable,{'_backend': 'sklearn'},2.0.5,2022-06-02T05:45:59,26.7,,,,1339008143,NoResultError: list index out of range,,,,
openml.org/t/168908,christine,MLPlanSKLearn,6m_10F_2c_8GB,4,binary,,auc,local,stable,{'_backend': 'sklearn'},2.0.5,2022-06-02T05:46:26,26.8,,,,1339008144,NoResultError: list index out of range,,,,
openml.org/t/168908,christine,MLPlanSKLearn,6m_10F_2c_8GB,5,binary,,auc,local,stable,{'_backend': 'sklearn'},2.0.5,2022-06-02T05:46:52,26.6,,,,1339008145,NoResultError: list index out of range,,,,
openml.org/t/168908,christine,MLPlanSKLearn,6m_10F_2c_8GB,6,binary,,auc,local,stable,{'_backend': 'sklearn'},2.0.5,2022-06-02T05:47:18,25.6,,,,1339008146,NoResultError: list index out of range,,,,
openml.org/t/168908,christine,MLPlanSKLearn,6m_10F_2c_8GB,7,binary,,auc,local,stable,{'_backend': 'sklearn'},2.0.5,2022-06-02T05:47:45,27.0,,,,1339008147,NoResultError: list index out of range,,,,
openml.org/t/168908,christine,MLPlanSKLearn,6m_10F_2c_8GB,8,binary,,auc,local,stable,{'_backend': 'sklearn'},2.0.5,2022-06-02T05:48:13,27.8,,,,1339008148,NoResultError: list index out of range,,,,
openml.org/t/168908,christine,MLPlanSKLearn,6m_10F_2c_8GB,9,binary,,auc,local,stable,{'_backend': 'sklearn'},2.0.5,2022-06-02T05:48:39,25.9,,,,1339008149,NoResultError: list index out of range,,,,
openml.org/t/9981,cnae-9,MLPlanSKLearn,6m_10F_2c_8GB,0,multiclass,,neg_logloss,local,stable,{'_backend': 'sklearn'},2.0.5,2022-06-02T05:48:42,1.2,,,,1339008140,NoResultError: list index out of range,,,,
openml.org/t/9981,cnae-9,MLPlanSKLearn,6m_10F_2c_8GB,1,multiclass,,neg_logloss,local,stable,{'_backend': 'sklearn'},2.0.5,2022-06-02T05:48:43,1.1,,,,1339008141,NoResultError: list index out of range,,,,
openml.org/t/9981,cnae-9,MLPlanSKLearn,6m_10F_2c_8GB,2,multiclass,,neg_logloss,local,stable,{'_backend': 'sklearn'},2.0.5,2022-06-02T05:48:44,0.9,,,,1339008142,NoResultError: list index out of range,,,,
openml.org/t/9981,cnae-9,MLPlanSKLearn,6m_10F_2c_8GB,3,multiclass,,neg_logloss,local,stable,{'_backend': 'sklearn'},2.0.5,2022-06-02T05:48:45,1.0,,,,1339008143,NoResultError: list index out of range,,,,
openml.org/t/9981,cnae-9,MLPlanSKLearn,6m_10F_2c_8GB,4,multiclass,,neg_logloss,local,stable,{'_backend': 'sklearn'},2.0.5,2022-06-02T05:48:46,0.9,,,,1339008144,NoResultError: list index out of range,,,,
openml.org/t/9981,cnae-9,MLPlanSKLearn,6m_10F_2c_8GB,5,multiclass,,neg_logloss,local,stable,{'_backend': 'sklearn'},2.0.5,2022-06-02T05:48:47,0.9,,,,1339008145,NoResultError: list index out of range,,,,
openml.org/t/9981,cnae-9,MLPlanSKLearn,6m_10F_2c_8GB,6,multiclass,,neg_logloss,local,stable,{'_backend': 'sklearn'},2.0.5,2022-06-02T05:48:48,1.0,,,,1339008146,NoResultError: list index out of range,,,,
openml.org/t/9981,cnae-9,MLPlanSKLearn,6m_10F_2c_8GB,7,multiclass,,neg_logloss,local,stable,{'_backend': 'sklearn'},2.0.5,2022-06-02T05:48:49,1.0,,,,1339008147,NoResultError: list index out of range,,,,
openml.org/t/9981,cnae-9,MLPlanSKLearn,6m_10F_2c_8GB,8,multiclass,,neg_logloss,local,stable,{'_backend': 'sklearn'},2.0.5,2022-06-02T05:48:50,1.0,,,,1339008148,NoResultError: list index out of range,,,,
openml.org/t/9981,cnae-9,MLPlanSKLearn,6m_10F_2c_8GB,9,multiclass,,neg_logloss,local,stable,{'_backend': 'sklearn'},2.0.5,2022-06-02T05:48:51,1.0,,,,1339008149,NoResultError: list index out of range,,,,
openml.org/t/31,credit-g,MLPlanSKLearn,6m_10F_2c_8GB,0,binary,,auc,local,stable,{'_backend': 'sklearn'},2.0.5,2022-06-02T05:48:52,0.4,,,,1339008140,NoResultError: list index out of range,,,,
openml.org/t/31,credit-g,MLPlanSKLearn,6m_10F_2c_8GB,1,binary,,auc,local,stable,{'_backend': 'sklearn'},2.0.5,2022-06-02T05:48:53,0.3,,,,1339008141,NoResultError: list index out of range,,,,
openml.org/t/31,credit-g,MLPlanSKLearn,6m_10F_2c_8GB,2,binary,,auc,local,stable,{'_backend': 'sklearn'},2.0.5,2022-06-02T05:48:53,0.3,,,,1339008142,NoResultError: list index out of range,,,,
openml.org/t/31,credit-g,MLPlanSKLearn,6m_10F_2c_8GB,3,binary,,auc,local,stable,{'_backend': 'sklearn'},2.0.5,2022-06-02T05:48:53,0.3,,,,1339008143,NoResultError: list index out of range,,,,
openml.org/t/31,credit-g,MLPlanSKLearn,6m_10F_2c_8GB,4,binary,,auc,local,stable,{'_backend': 'sklearn'},2.0.5,2022-06-02T05:48:54,0.4,,,,1339008144,NoResultError: list index out of range,,,,
openml.org/t/31,credit-g,MLPlanSKLearn,6m_10F_2c_8GB,5,binary,,auc,local,stable,{'_backend': 'sklearn'},2.0.5,2022-06-02T05:48:54,0.3,,,,1339008145,NoResultError: list index out of range,,,,
openml.org/t/31,credit-g,MLPlanSKLearn,6m_10F_2c_8GB,6,binary,,auc,local,stable,{'_backend': 'sklearn'},2.0.5,2022-06-02T05:48:54,0.3,,,,1339008146,NoResultError: list index out of range,,,,
openml.org/t/31,credit-g,MLPlanSKLearn,6m_10F_2c_8GB,7,binary,,auc,local,stable,{'_backend': 'sklearn'},2.0.5,2022-06-02T05:48:55,0.3,,,,1339008147,NoResultError: list index out of range,,,,
openml.org/t/31,credit-g,MLPlanSKLearn,6m_10F_2c_8GB,8,binary,,auc,local,stable,{'_backend': 'sklearn'},2.0.5,2022-06-02T05:48:55,0.3,,,,1339008148,NoResultError: list index out of range,,,,
openml.org/t/31,credit-g,MLPlanSKLearn,6m_10F_2c_8GB,9,binary,,auc,local,stable,{'_backend': 'sklearn'},2.0.5,2022-06-02T05:48:55,0.3,,,,1339008149,NoResultError: list index out of range,,,,
openml.org/t/168909,dilbert,MLPlanSKLearn,6m_10F_2c_8GB,0,multiclass,,neg_logloss,local,stable,{'_backend': 'sklearn'},2.0.5,2022-06-02T05:50:49,72.8,,,,1339008140,NoResultError: list index out of range,,,,
openml.org/t/168909,dilbert,MLPlanSKLearn,6m_10F_2c_8GB,1,multiclass,,neg_logloss,local,stable,{'_backend': 'sklearn'},2.0.5,2022-06-02T05:52:07,78.0,,,,1339008141,NoResultError: list index out of range,,,,
openml.org/t/168909,dilbert,MLPlanSKLearn,6m_10F_2c_8GB,2,multiclass,,neg_logloss,local,stable,{'_backend': 'sklearn'},2.0.5,2022-06-02T05:53:27,80.2,,,,1339008142,NoResultError: list index out of range,,,,
openml.org/t/168909,dilbert,MLPlanSKLearn,6m_10F_2c_8GB,3,multiclass,,neg_logloss,local,stable,{'_backend': 'sklearn'},2.0.5,2022-06-02T05:54:47,79.3,,,,1339008143,NoResultError: list index out of range,,,,
openml.org/t/168909,dilbert,MLPlanSKLearn,6m_10F_2c_8GB,4,multiclass,,neg_logloss,local,stable,{'_backend': 'sklearn'},2.0.5,2022-06-02T05:56:05,78.6,,,,1339008144,NoResultError: list index out of range,,,,
openml.org/t/168909,dilbert,MLPlanSKLearn,6m_10F_2c_8GB,5,multiclass,,neg_logloss,local,stable,{'_backend': 'sklearn'},2.0.5,2022-06-02T05:57:11,66.0,,,,1339008145,NoResultError: list index out of range,,,,
openml.org/t/168909,dilbert,MLPlanSKLearn,6m_10F_2c_8GB,6,multiclass,,neg_logloss,local,stable,{'_backend': 'sklearn'},2.0.5,2022-06-02T05:58:29,77.5,,,,1339008146,NoResultError: list index out of range,,,,
openml.org/t/168909,dilbert,MLPlanSKLearn,6m_10F_2c_8GB,7,multiclass,,neg_logloss,local,stable,{'_backend': 'sklearn'},2.0.5,2022-06-02T05:59:49,80.5,,,,1339008147,NoResultError: list index out of range,,,,
openml.org/t/168909,dilbert,MLPlanSKLearn,6m_10F_2c_8GB,8,multiclass,,neg_logloss,local,stable,{'_backend': 'sklearn'},2.0.5,2022-06-02T06:01:08,78.2,,,,1339008148,NoResultError: list index out of range,,,,
openml.org/t/168909,dilbert,MLPlanSKLearn,6m_10F_2c_8GB,9,multiclass,,neg_logloss,local,stable,{'_backend': 'sklearn'},2.0.5,2022-06-02T06:02:16,68.6,,,,1339008149,NoResultError: list index out of range,,,,
openml.org/t/168910,fabert,MLPlanSKLearn,6m_10F_2c_8GB,0,multiclass,,neg_logloss,local,stable,{'_backend': 'sklearn'},2.0.5,2022-06-02T06:02:34,15.5,,,,1339008140,NoResultError: list index out of range,,,,
openml.org/t/168910,fabert,MLPlanSKLearn,6m_10F_2c_8GB,1,multiclass,,neg_logloss,local,stable,{'_backend': 'sklearn'},2.0.5,2022-06-02T06:02:50,16.0,,,,1339008141,NoResultError: list index out of range,,,,
openml.org/t/168910,fabert,MLPlanSKLearn,6m_10F_2c_8GB,2,multiclass,,neg_logloss,local,stable,{'_backend': 'sklearn'},2.0.5,2022-06-02T06:03:08,17.7,,,,1339008142,NoResultError: list index out of range,,,,
openml.org/t/168910,fabert,MLPlanSKLearn,6m_10F_2c_8GB,3,multiclass,,neg_logloss,local,stable,{'_backend': 'sklearn'},2.0.5,2022-06-02T06:03:24,16.3,,,,1339008143,NoResultError: list index out of range,,,,
openml.org/t/168910,fabert,MLPlanSKLearn,6m_10F_2c_8GB,4,multiclass,,neg_logloss,local,stable,{'_backend': 'sklearn'},2.0.5,2022-06-02T06:03:41,16.7,,,,1339008144,NoResultError: list index out of range,,,,
openml.org/t/168910,fabert,MLPlanSKLearn,6m_10F_2c_8GB,5,multiclass,,neg_logloss,local,stable,{'_backend': 'sklearn'},2.0.5,2022-06-02T06:03:58,17.2,,,,1339008145,NoResultError: list index out of range,,,,
openml.org/t/168910,fabert,MLPlanSKLearn,6m_10F_2c_8GB,6,multiclass,,neg_logloss,local,stable,{'_backend': 'sklearn'},2.0.5,2022-06-02T06:04:14,15.6,,,,1339008146,NoResultError: list index out of range,,,,
openml.org/t/168910,fabert,MLPlanSKLearn,6m_10F_2c_8GB,7,multiclass,,neg_logloss,local,stable,{'_backend': 'sklearn'},2.0.5,2022-06-02T06:04:30,16.0,,,,1339008147,NoResultError: list index out of range,,,,
openml.org/t/168910,fabert,MLPlanSKLearn,6m_10F_2c_8GB,8,multiclass,,neg_logloss,local,stable,{'_backend': 'sklearn'},2.0.5,2022-06-02T06:04:47,16.9,,,,1339008148,NoResultError: list index out of range,,,,
openml.org/t/168910,fabert,MLPlanSKLearn,6m_10F_2c_8GB,9,multiclass,,neg_logloss,local,stable,{'_backend': 'sklearn'},2.0.5,2022-06-02T06:05:04,17.0,,,,1339008149,NoResultError: list index out of range,,,,
openml.org/t/168911,jasmine,MLPlanSKLearn,6m_10F_2c_8GB,0,binary,,auc,local,stable,{'_backend': 'sklearn'},2.0.5,2022-06-02T06:05:09,1.2,,,,1339008140,NoResultError: list index out of range,,,,
openml.org/t/168911,jasmine,MLPlanSKLearn,6m_10F_2c_8GB,1,binary,,auc,local,stable,{'_backend': 'sklearn'},2.0.5,2022-06-02T06:05:11,1.4,,,,1339008141,NoResultError: list index out of range,,,,
openml.org/t/168911,jasmine,MLPlanSKLearn,6m_10F_2c_8GB,2,binary,,auc,local,stable,{'_backend': 'sklearn'},2.0.5,2022-06-02T06:05:12,1.2,,,,1339008142,NoResultError: list index out of range,,,,
openml.org/t/168911,jasmine,MLPlanSKLearn,6m_10F_2c_8GB,3,binary,,auc,local,stable,{'_backend': 'sklearn'},2.0.5,2022-06-02T06:05:13,1.3,,,,1339008143,NoResultError: list index out of range,,,,
openml.org/t/168911,jasmine,MLPlanSKLearn,6m_10F_2c_8GB,4,binary,,auc,local,stable,{'_backend': 'sklearn'},2.0.5,2022-06-02T06:05:15,1.4,,,,1339008144,NoResultError: list index out of range,,,,
openml.org/t/168911,jasmine,MLPlanSKLearn,6m_10F_2c_8GB,5,binary,,auc,local,stable,{'_backend': 'sklearn'},2.0.5,2022-06-02T06:05:16,1.3,,,,1339008145,NoResultError: list index out of range,,,,
openml.org/t/168911,jasmine,MLPlanSKLearn,6m_10F_2c_8GB,6,binary,,auc,local,stable,{'_backend': 'sklearn'},2.0.5,2022-06-02T06:05:17,1.3,,,,1339008146,NoResultError: list index out of range,,,,
openml.org/t/168911,jasmine,MLPlanSKLearn,6m_10F_2c_8GB,7,binary,,auc,local,stable,{'_backend': 'sklearn'},2.0.5,2022-06-02T06:05:19,1.4,,,,1339008147,NoResultError: list index out of range,,,,
openml.org/t/168911,jasmine,MLPlanSKLearn,6m_10F_2c_8GB,8,binary,,auc,local,stable,{'_backend': 'sklearn'},2.0.5,2022-06-02T06:05:20,1.4,,,,1339008148,NoResultError: list index out of range,,,,
openml.org/t/168911,jasmine,MLPlanSKLearn,6m_10F_2c_8GB,9,binary,,auc,local,stable,{'_backend': 'sklearn'},2.0.5,2022-06-02T06:05:21,1.3,,,,1339008149,NoResultError: list index out of range,,,,
openml.org/t/3917,kc1,MLPlanSKLearn,6m_10F_2c_8GB,0,binary,,auc,local,stable,{'_backend': 'sklearn'},2.0.5,2022-06-02T06:05:23,0.2,,,,1339008140,NoResultError: list index out of range,,,,
openml.org/t/3917,kc1,MLPlanSKLearn,6m_10F_2c_8GB,1,binary,,auc,local,stable,{'_backend': 'sklearn'},2.0.5,2022-06-02T06:05:23,0.2,,,,1339008141,NoResultError: list index out of range,,,,
openml.org/t/3917,kc1,MLPlanSKLearn,6m_10F_2c_8GB,2,binary,,auc,local,stable,{'_backend': 'sklearn'},2.0.5,2022-06-02T06:05:23,0.2,,,,1339008142,NoResultError: list index out of range,,,,
openml.org/t/3917,kc1,MLPlanSKLearn,6m_10F_2c_8GB,3,binary,,auc,local,stable,{'_backend': 'sklearn'},2.0.5,2022-06-02T06:05:24,0.2,,,,1339008143,NoResultError: list index out of range,,,,
openml.org/t/3917,kc1,MLPlanSKLearn,6m_10F_2c_8GB,4,binary,,auc,local,stable,{'_backend': 'sklearn'},2.0.5,2022-06-02T06:05:24,0.2,,,,1339008144,NoResultError: list index out of range,,,,
openml.org/t/3917,kc1,MLPlanSKLearn,6m_10F_2c_8GB,5,binary,,auc,local,stable,{'_backend': 'sklearn'},2.0.5,2022-06-02T06:05:24,0.2,,,,1339008145,NoResultError: list index out of range,,,,
openml.org/t/3917,kc1,MLPlanSKLearn,6m_10F_2c_8GB,6,binary,,auc,local,stable,{'_backend': 'sklearn'},2.0.5,2022-06-02T06:05:24,0.3,,,,1339008146,NoResultError: list index out of range,,,,
openml.org/t/3917,kc1,MLPlanSKLearn,6m_10F_2c_8GB,7,binary,,auc,local,stable,{'_backend': 'sklearn'},2.0.5,2022-06-02T06:05:25,0.2,,,,1339008147,NoResultError: list index out of range,,,,
openml.org/t/3917,kc1,MLPlanSKLearn,6m_10F_2c_8GB,8,binary,,auc,local,stable,{'_backend': 'sklearn'},2.0.5,2022-06-02T06:05:25,0.2,,,,1339008148,NoResultError: list index out of range,,,,
openml.org/t/3917,kc1,MLPlanSKLearn,6m_10F_2c_8GB,9,binary,,auc,local,stable,{'_backend': 'sklearn'},2.0.5,2022-06-02T06:05:25,0.2,,,,1339008149,NoResultError: list index out of range,,,,
openml.org/t/3,kr-vs-kp,MLPlanSKLearn,6m_10F_2c_8GB,0,binary,,auc,local,stable,{'_backend': 'sklearn'},2.0.5,2022-06-02T06:05:27,0.4,,,,1339008140,NoResultError: list index out of range,,,,
openml.org/t/3,kr-vs-kp,MLPlanSKLearn,6m_10F_2c_8GB,1,binary,,auc,local,stable,{'_backend': 'sklearn'},2.0.5,2022-06-02T06:05:27,0.4,,,,1339008141,NoResultError: list index out of range,,,,
openml.org/t/3,kr-vs-kp,MLPlanSKLearn,6m_10F_2c_8GB,2,binary,,auc,local,stable,{'_backend': 'sklearn'},2.0.5,2022-06-02T06:05:28,0.4,,,,1339008142,NoResultError: list index out of range,,,,
openml.org/t/3,kr-vs-kp,MLPlanSKLearn,6m_10F_2c_8GB,3,binary,,auc,local,stable,{'_backend': 'sklearn'},2.0.5,2022-06-02T06:05:28,0.4,,,,1339008143,NoResultError: list index out of range,,,,
openml.org/t/3,kr-vs-kp,MLPlanSKLearn,6m_10F_2c_8GB,4,binary,,auc,local,stable,{'_backend': 'sklearn'},2.0.5,2022-06-02T06:05:29,0.4,,,,1339008144,NoResultError: list index out of range,,,,
openml.org/t/3,kr-vs-kp,MLPlanSKLearn,6m_10F_2c_8GB,5,binary,,auc,local,stable,{'_backend': 'sklearn'},2.0.5,2022-06-02T06:05:29,0.4,,,,1339008145,NoResultError: list index out of range,,,,
openml.org/t/3,kr-vs-kp,MLPlanSKLearn,6m_10F_2c_8GB,6,binary,,auc,local,stable,{'_backend': 'sklearn'},2.0.5,2022-06-02T06:05:29,0.4,,,,1339008146,NoResultError: list index out of range,,,,
openml.org/t/3,kr-vs-kp,MLPlanSKLearn,6m_10F_2c_8GB,7,binary,,auc,local,stable,{'_backend': 'sklearn'},2.0.5,2022-06-02T06:05:30,0.3,,,,1339008147,NoResultError: list index out of range,,,,
openml.org/t/3,kr-vs-kp,MLPlanSKLearn,6m_10F_2c_8GB,8,binary,,auc,local,stable,{'_backend': 'sklearn'},2.0.5,2022-06-02T06:05:30,0.4,,,,1339008148,NoResultError: list index out of range,,,,
openml.org/t/3,kr-vs-kp,MLPlanSKLearn,6m_10F_2c_8GB,9,binary,,auc,local,stable,{'_backend': 'sklearn'},2.0.5,2022-06-02T06:05:31,0.4,,,,1339008149,NoResultError: list index out of range,,,,
openml.org/t/12,mfeat-factors,MLPlanSKLearn,6m_10F_2c_8GB,0,multiclass,,neg_logloss,local,stable,{'_backend': 'sklearn'},2.0.5,2022-06-02T06:05:33,0.7,,,,1339008140,NoResultError: list index out of range,,,,
openml.org/t/12,mfeat-factors,MLPlanSKLearn,6m_10F_2c_8GB,1,multiclass,,neg_logloss,local,stable,{'_backend': 'sklearn'},2.0.5,2022-06-02T06:05:34,0.6,,,,1339008141,NoResultError: list index out of range,,,,
openml.org/t/12,mfeat-factors,MLPlanSKLearn,6m_10F_2c_8GB,2,multiclass,,neg_logloss,local,stable,{'_backend': 'sklearn'},2.0.5,2022-06-02T06:05:35,0.7,,,,1339008142,NoResultError: list index out of range,,,,
openml.org/t/12,mfeat-factors,MLPlanSKLearn,6m_10F_2c_8GB,3,multiclass,,neg_logloss,local,stable,{'_backend': 'sklearn'},2.0.5,2022-06-02T06:05:35,0.7,,,,1339008143,NoResultError: list index out of range,,,,
openml.org/t/12,mfeat-factors,MLPlanSKLearn,6m_10F_2c_8GB,4,multiclass,,neg_logloss,local,stable,{'_backend': 'sklearn'},2.0.5,2022-06-02T06:05:36,0.7,,,,1339008144,NoResultError: list index out of range,,,,
openml.org/t/12,mfeat-factors,MLPlanSKLearn,6m_10F_2c_8GB,5,multiclass,,neg_logloss,local,stable,{'_backend': 'sklearn'},2.0.5,2022-06-02T06:05:37,0.7,,,,1339008145,NoResultError: list index out of range,,,,
openml.org/t/12,mfeat-factors,MLPlanSKLearn,6m_10F_2c_8GB,6,multiclass,,neg_logloss,local,stable,{'_backend': 'sklearn'},2.0.5,2022-06-02T06:05:37,0.7,,,,1339008146,NoResultError: list index out of range,,,,
openml.org/t/12,mfeat-factors,MLPlanSKLearn,6m_10F_2c_8GB,7,multiclass,,neg_logloss,local,stable,{'_backend': 'sklearn'},2.0.5,2022-06-02T06:05:38,0.5,,,,1339008147,NoResultError: list index out of range,,,,
openml.org/t/12,mfeat-factors,MLPlanSKLearn,6m_10F_2c_8GB,8,multiclass,,neg_logloss,local,stable,{'_backend': 'sklearn'},2.0.5,2022-06-02T06:05:39,0.6,,,,1339008148,NoResultError: list index out of range,,,,
openml.org/t/12,mfeat-factors,MLPlanSKLearn,6m_10F_2c_8GB,9,multiclass,,neg_logloss,local,stable,{'_backend': 'sklearn'},2.0.5,2022-06-02T06:05:39,0.6,,,,1339008149,NoResultError: list index out of range,,,,
openml.org/t/9952,phoneme,MLPlanSKLearn,6m_10F_2c_8GB,0,binary,,auc,local,stable,{'_backend': 'sklearn'},2.0.5,2022-06-02T06:05:43,0.3,,,,1339008140,NoResultError: list index out of range,,,,
openml.org/t/9952,phoneme,MLPlanSKLearn,6m_10F_2c_8GB,1,binary,,auc,local,stable,{'_backend': 'sklearn'},2.0.5,2022-06-02T06:05:43,0.3,,,,1339008141,NoResultError: list index out of range,,,,
openml.org/t/9952,phoneme,MLPlanSKLearn,6m_10F_2c_8GB,2,binary,,auc,local,stable,{'_backend': 'sklearn'},2.0.5,2022-06-02T06:05:43,0.3,,,,1339008142,NoResultError: list index out of range,,,,
openml.org/t/9952,phoneme,MLPlanSKLearn,6m_10F_2c_8GB,3,binary,,auc,local,stable,{'_backend': 'sklearn'},2.0.5,2022-06-02T06:05:44,0.3,,,,1339008143,NoResultError: list index out of range,,,,
openml.org/t/9952,phoneme,MLPlanSKLearn,6m_10F_2c_8GB,4,binary,,auc,local,stable,{'_backend': 'sklearn'},2.0.5,2022-06-02T06:05:44,0.3,,,,1339008144,NoResultError: list index out of range,,,,
openml.org/t/9952,phoneme,MLPlanSKLearn,6m_10F_2c_8GB,5,binary,,auc,local,stable,{'_backend': 'sklearn'},2.0.5,2022-06-02T06:05:44,0.3,,,,1339008145,NoResultError: list index out of range,,,,
openml.org/t/9952,phoneme,MLPlanSKLearn,6m_10F_2c_8GB,6,binary,,auc,local,stable,{'_backend': 'sklearn'},2.0.5,2022-06-02T06:05:45,0.3,,,,1339008146,NoResultError: list index out of range,,,,
openml.org/t/9952,phoneme,MLPlanSKLearn,6m_10F_2c_8GB,7,binary,,auc,local,stable,{'_backend': 'sklearn'},2.0.5,2022-06-02T06:05:45,0.4,,,,1339008147,NoResultError: list index out of range,,,,
openml.org/t/9952,phoneme,MLPlanSKLearn,6m_10F_2c_8GB,8,binary,,auc,local,stable,{'_backend': 'sklearn'},2.0.5,2022-06-02T06:05:45,0.3,,,,1339008148,NoResultError: list index out of range,,,,
openml.org/t/9952,phoneme,MLPlanSKLearn,6m_10F_2c_8GB,9,binary,,auc,local,stable,{'_backend': 'sklearn'},2.0.5,2022-06-02T06:05:46,0.3,,,,1339008149,NoResultError: list index out of range,,,,
openml.org/t/146822,segment,MLPlanSKLearn,6m_10F_2c_8GB,0,multiclass,,neg_logloss,local,stable,{'_backend': 'sklearn'},2.0.5,2022-06-02T06:05:47,0.4,,,,1339008140,NoResultError: list index out of range,,,,
openml.org/t/146822,segment,MLPlanSKLearn,6m_10F_2c_8GB,1,multiclass,,neg_logloss,local,stable,{'_backend': 'sklearn'},2.0.5,2022-06-02T06:05:48,0.4,,,,1339008141,NoResultError: list index out of range,,,,
openml.org/t/146822,segment,MLPlanSKLearn,6m_10F_2c_8GB,2,multiclass,,neg_logloss,local,stable,{'_backend': 'sklearn'},2.0.5,2022-06-02T06:05:48,0.4,,,,1339008142,NoResultError: list index out of range,,,,
openml.org/t/146822,segment,MLPlanSKLearn,6m_10F_2c_8GB,3,multiclass,,neg_logloss,local,stable,{'_backend': 'sklearn'},2.0.5,2022-06-02T06:05:49,0.4,,,,1339008143,NoResultError: list index out of range,,,,
openml.org/t/146822,segment,MLPlanSKLearn,6m_10F_2c_8GB,4,multiclass,,neg_logloss,local,stable,{'_backend': 'sklearn'},2.0.5,2022-06-02T06:05:49,0.4,,,,1339008144,NoResultError: list index out of range,,,,
openml.org/t/146822,segment,MLPlanSKLearn,6m_10F_2c_8GB,5,multiclass,,neg_logloss,local,stable,{'_backend': 'sklearn'},2.0.5,2022-06-02T06:05:49,0.4,,,,1339008145,NoResultError: list index out of range,,,,
openml.org/t/146822,segment,MLPlanSKLearn,6m_10F_2c_8GB,6,multiclass,,neg_logloss,local,stable,{'_backend': 'sklearn'},2.0.5,2022-06-02T06:05:50,0.4,,,,1339008146,NoResultError: list index out of range,,,,
openml.org/t/146822,segment,MLPlanSKLearn,6m_10F_2c_8GB,7,multiclass,,neg_logloss,local,stable,{'_backend': 'sklearn'},2.0.5,2022-06-02T06:05:50,0.4,,,,1339008147,NoResultError: list index out of range,,,,
openml.org/t/146822,segment,MLPlanSKLearn,6m_10F_2c_8GB,8,multiclass,,neg_logloss,local,stable,{'_backend': 'sklearn'},2.0.5,2022-06-02T06:05:51,0.4,,,,1339008148,NoResultError: list index out of range,,,,
openml.org/t/146822,segment,MLPlanSKLearn,6m_10F_2c_8GB,9,multiclass,,neg_logloss,local,stable,{'_backend': 'sklearn'},2.0.5,2022-06-02T06:05:51,0.4,,,,1339008149,NoResultError: list index out of range,,,,
openml.org/t/168912,sylvine,MLPlanSKLearn,6m_10F_2c_8GB,0,binary,,auc,local,stable,{'_backend': 'sklearn'},2.0.5,2022-06-02T06:05:53,0.7,,,,1339008140,NoResultError: list index out of range,,,,
openml.org/t/168912,sylvine,MLPlanSKLearn,6m_10F_2c_8GB,1,binary,,auc,local,stable,{'_backend': 'sklearn'},2.0.5,2022-06-02T06:05:54,0.6,,,,1339008141,NoResultError: list index out of range,,,,
openml.org/t/168912,sylvine,MLPlanSKLearn,6m_10F_2c_8GB,2,binary,,auc,local,stable,{'_backend': 'sklearn'},2.0.5,2022-06-02T06:05:55,0.6,,,,1339008142,NoResultError: list index out of range,,,,
openml.org/t/168912,sylvine,MLPlanSKLearn,6m_10F_2c_8GB,3,binary,,auc,local,stable,{'_backend': 'sklearn'},2.0.5,2022-06-02T06:05:55,0.6,,,,1339008143,NoResultError: list index out of range,,,,
openml.org/t/168912,sylvine,MLPlanSKLearn,6m_10F_2c_8GB,4,binary,,auc,local,stable,{'_backend': 'sklearn'},2.0.5,2022-06-02T06:05:56,0.6,,,,1339008144,NoResultError: list index out of range,,,,
openml.org/t/168912,sylvine,MLPlanSKLearn,6m_10F_2c_8GB,5,binary,,auc,local,stable,{'_backend': 'sklearn'},2.0.5,2022-06-02T06:05:57,0.6,,,,1339008145,NoResultError: list index out of range,,,,
openml.org/t/168912,sylvine,MLPlanSKLearn,6m_10F_2c_8GB,6,binary,,auc,local,stable,{'_backend': 'sklearn'},2.0.5,2022-06-02T06:05:57,0.6,,,,1339008146,NoResultError: list index out of range,,,,
openml.org/t/168912,sylvine,MLPlanSKLearn,6m_10F_2c_8GB,7,binary,,auc,local,stable,{'_backend': 'sklearn'},2.0.5,2022-06-02T06:05:58,0.6,,,,1339008147,NoResultError: list index out of range,,,,
openml.org/t/168912,sylvine,MLPlanSKLearn,6m_10F_2c_8GB,8,binary,,auc,local,stable,{'_backend': 'sklearn'},2.0.5,2022-06-02T06:05:58,0.6,,,,1339008148,NoResultError: list index out of range,,,,
openml.org/t/168912,sylvine,MLPlanSKLearn,6m_10F_2c_8GB,9,binary,,auc,local,stable,{'_backend': 'sklearn'},2.0.5,2022-06-02T06:05:59,0.5,,,,1339008149,NoResultError: list index out of range,,,,
openml.org/t/53,vehicle,MLPlanSKLearn,6m_10F_2c_8GB,0,multiclass,,neg_logloss,local,stable,{'_backend': 'sklearn'},2.0.5,2022-06-02T06:06:01,0.3,,,,1339008140,NoResultError: list index out of range,,,,
openml.org/t/53,vehicle,MLPlanSKLearn,6m_10F_2c_8GB,1,multiclass,,neg_logloss,local,stable,{'_backend': 'sklearn'},2.0.5,2022-06-02T06:06:01,0.3,,,,1339008141,NoResultError: list index out of range,,,,
openml.org/t/53,vehicle,MLPlanSKLearn,6m_10F_2c_8GB,2,multiclass,,neg_logloss,local,stable,{'_backend': 'sklearn'},2.0.5,2022-06-02T06:06:01,0.3,,,,1339008142,NoResultError: list index out of range,,,,
openml.org/t/53,vehicle,MLPlanSKLearn,6m_10F_2c_8GB,3,multiclass,,neg_logloss,local,stable,{'_backend': 'sklearn'},2.0.5,2022-06-02T06:06:02,0.3,,,,1339008143,NoResultError: list index out of range,,,,
openml.org/t/53,vehicle,MLPlanSKLearn,6m_10F_2c_8GB,4,multiclass,,neg_logloss,local,stable,{'_backend': 'sklearn'},2.0.5,2022-06-02T06:06:02,0.3,,,,1339008144,NoResultError: list index out of range,,,,
openml.org/t/53,vehicle,MLPlanSKLearn,6m_10F_2c_8GB,5,multiclass,,neg_logloss,local,stable,{'_backend': 'sklearn'},2.0.5,2022-06-02T06:06:02,0.3,,,,1339008145,NoResultError: list index out of range,,,,
openml.org/t/53,vehicle,MLPlanSKLearn,6m_10F_2c_8GB,6,multiclass,,neg_logloss,local,stable,{'_backend': 'sklearn'},2.0.5,2022-06-02T06:06:02,0.3,,,,1339008146,NoResultError: list index out of range,,,,
openml.org/t/53,vehicle,MLPlanSKLearn,6m_10F_2c_8GB,7,multiclass,,neg_logloss,local,stable,{'_backend': 'sklearn'},2.0.5,2022-06-02T06:06:03,0.3,,,,1339008147,NoResultError: list index out of range,,,,
openml.org/t/53,vehicle,MLPlanSKLearn,6m_10F_2c_8GB,8,multiclass,,neg_logloss,local,stable,{'_backend': 'sklearn'},2.0.5,2022-06-02T06:06:03,0.3,,,,1339008148,NoResultError: list index out of range,,,,
openml.org/t/53,vehicle,MLPlanSKLearn,6m_10F_2c_8GB,9,multiclass,,neg_logloss,local,stable,{'_backend': 'sklearn'},2.0.5,2022-06-02T06:06:03,0.3,,,,1339008149,NoResultError: list index out of range,,,,
