{
    "framework": "autoxgboost",
    "framework_params": {},
    "framework_version": "0.0.0.9000#9086316",
    "type": "classification",
    "name": "segment",
    "fold": 0,
    "metric": "logloss",
    "metrics": [
        "logloss",
        "acc",
        "balacc"
    ],
    "seed": 1821956811,
    "job_timeout_seconds": 720,
    "max_runtime_seconds": 360,
    "cores": 2,
    "max_mem_size_mb": 8192,
    "min_vol_size_mb": -1,
    "input_dir": "/root/.cache/openml",
    "output_dir": "/devops-k8s/results/autoxgboost.small.6m_10f_2c_8gb.local.20220601T002536",
    "output_predictions_file": "/devops-k8s/results/autoxgboost.small.6m_10f_2c_8gb.local.20220601T002536/predictions/segment/0/predictions.csv",
    "ext": {},
    "type_": "multiclass",
    "output_metadata_file": "/devops-k8s/results/autoxgboost.small.6m_10f_2c_8gb.local.20220601T002536/predictions/segment/0/metadata.json"
}