{
    "framework": "flaml",
    "framework_params": {},
    "framework_version": "1.0.3",
    "type": "classification",
    "name": "car",
    "fold": 9,
    "metric": "logloss",
    "metrics": [
        "logloss",
        "acc",
        "balacc"
    ],
    "seed": 1470471006,
    "job_timeout_seconds": 720,
    "max_runtime_seconds": 360,
    "cores": 2,
    "max_mem_size_mb": 8192,
    "min_vol_size_mb": -1,
    "input_dir": "/root/.cache/openml",
    "output_dir": "/devops-k8s/results/flaml.small.6m_10f_2c_8gb.local.20220601T123450",
    "output_predictions_file": "/devops-k8s/results/flaml.small.6m_10f_2c_8gb.local.20220601T123450/predictions/car/9/predictions.csv",
    "ext": {},
    "type_": "multiclass",
    "output_metadata_file": "/devops-k8s/results/flaml.small.6m_10f_2c_8gb.local.20220601T123450/predictions/car/9/metadata.json"
}