id,task,framework,constraint,fold,type,result,metric,mode,version,params,app_version,utc,duration,training_duration,predict_duration,models_count,seed,info,acc,auc,balacc,logloss
openml.org/t/146818,Australian,ranger,6m_10F_2c_8GB,0,binary,,auc,local,0.13.1,,2.0.5,2022-05-31T11:26:45,0.2,,,,2142378984,"CalledProcessError: Command 'Rscript --vanilla -e ""source('/plx-context/artifacts/automl/frameworks/ranger/exec.R'); run('/root/.cache/openml/org/openml/www/datasets/40981/dataset_train_0.arff', '/ro…",,,,
openml.org/t/146818,Australian,ranger,6m_10F_2c_8GB,1,binary,,auc,local,0.13.1,,2.0.5,2022-05-31T11:26:45,0.2,,,,2142378985,"CalledProcessError: Command 'Rscript --vanilla -e ""source('/plx-context/artifacts/automl/frameworks/ranger/exec.R'); run('/root/.cache/openml/org/openml/www/datasets/40981/dataset_train_1.arff', '/ro…",,,,
openml.org/t/146818,Australian,ranger,6m_10F_2c_8GB,2,binary,,auc,local,0.13.1,,2.0.5,2022-05-31T11:26:46,0.2,,,,2142378986,"CalledProcessError: Command 'Rscript --vanilla -e ""source('/plx-context/artifacts/automl/frameworks/ranger/exec.R'); run('/root/.cache/openml/org/openml/www/datasets/40981/dataset_train_2.arff', '/ro…",,,,
openml.org/t/146818,Australian,ranger,6m_10F_2c_8GB,3,binary,,auc,local,0.13.1,,2.0.5,2022-05-31T11:26:46,0.2,,,,2142378987,"CalledProcessError: Command 'Rscript --vanilla -e ""source('/plx-context/artifacts/automl/frameworks/ranger/exec.R'); run('/root/.cache/openml/org/openml/www/datasets/40981/dataset_train_3.arff', '/ro…",,,,
openml.org/t/146818,Australian,ranger,6m_10F_2c_8GB,4,binary,,auc,local,0.13.1,,2.0.5,2022-05-31T11:26:46,0.2,,,,2142378988,"CalledProcessError: Command 'Rscript --vanilla -e ""source('/plx-context/artifacts/automl/frameworks/ranger/exec.R'); run('/root/.cache/openml/org/openml/www/datasets/40981/dataset_train_4.arff', '/ro…",,,,
openml.org/t/146818,Australian,ranger,6m_10F_2c_8GB,5,binary,,auc,local,0.13.1,,2.0.5,2022-05-31T11:26:46,0.2,,,,2142378989,"CalledProcessError: Command 'Rscript --vanilla -e ""source('/plx-context/artifacts/automl/frameworks/ranger/exec.R'); run('/root/.cache/openml/org/openml/www/datasets/40981/dataset_train_5.arff', '/ro…",,,,
openml.org/t/146818,Australian,ranger,6m_10F_2c_8GB,6,binary,,auc,local,0.13.1,,2.0.5,2022-05-31T11:26:46,0.2,,,,2142378990,"CalledProcessError: Command 'Rscript --vanilla -e ""source('/plx-context/artifacts/automl/frameworks/ranger/exec.R'); run('/root/.cache/openml/org/openml/www/datasets/40981/dataset_train_6.arff', '/ro…",,,,
openml.org/t/146818,Australian,ranger,6m_10F_2c_8GB,7,binary,,auc,local,0.13.1,,2.0.5,2022-05-31T11:26:47,0.2,,,,2142378991,"CalledProcessError: Command 'Rscript --vanilla -e ""source('/plx-context/artifacts/automl/frameworks/ranger/exec.R'); run('/root/.cache/openml/org/openml/www/datasets/40981/dataset_train_7.arff', '/ro…",,,,
openml.org/t/146818,Australian,ranger,6m_10F_2c_8GB,8,binary,,auc,local,0.13.1,,2.0.5,2022-05-31T11:26:47,0.2,,,,2142378992,"CalledProcessError: Command 'Rscript --vanilla -e ""source('/plx-context/artifacts/automl/frameworks/ranger/exec.R'); run('/root/.cache/openml/org/openml/www/datasets/40981/dataset_train_8.arff', '/ro…",,,,
openml.org/t/146818,Australian,ranger,6m_10F_2c_8GB,9,binary,,auc,local,0.13.1,,2.0.5,2022-05-31T11:26:47,0.2,,,,2142378993,"CalledProcessError: Command 'Rscript --vanilla -e ""source('/plx-context/artifacts/automl/frameworks/ranger/exec.R'); run('/root/.cache/openml/org/openml/www/datasets/40981/dataset_train_9.arff', '/ro…",,,,
openml.org/t/10101,blood-transfusion,ranger,6m_10F_2c_8GB,0,binary,,auc,local,0.13.1,,2.0.5,2022-05-31T11:26:48,0.2,,,,2142378984,"CalledProcessError: Command 'Rscript --vanilla -e ""source('/plx-context/artifacts/automl/frameworks/ranger/exec.R'); run('/root/.cache/openml/org/openml/www/datasets/1464/dataset_train_0.arff', '/roo…",,,,
openml.org/t/10101,blood-transfusion,ranger,6m_10F_2c_8GB,1,binary,,auc,local,0.13.1,,2.0.5,2022-05-31T11:26:49,0.2,,,,2142378985,"CalledProcessError: Command 'Rscript --vanilla -e ""source('/plx-context/artifacts/automl/frameworks/ranger/exec.R'); run('/root/.cache/openml/org/openml/www/datasets/1464/dataset_train_1.arff', '/roo…",,,,
openml.org/t/10101,blood-transfusion,ranger,6m_10F_2c_8GB,2,binary,,auc,local,0.13.1,,2.0.5,2022-05-31T11:26:49,0.2,,,,2142378986,"CalledProcessError: Command 'Rscript --vanilla -e ""source('/plx-context/artifacts/automl/frameworks/ranger/exec.R'); run('/root/.cache/openml/org/openml/www/datasets/1464/dataset_train_2.arff', '/roo…",,,,
openml.org/t/10101,blood-transfusion,ranger,6m_10F_2c_8GB,3,binary,,auc,local,0.13.1,,2.0.5,2022-05-31T11:26:49,0.2,,,,2142378987,"CalledProcessError: Command 'Rscript --vanilla -e ""source('/plx-context/artifacts/automl/frameworks/ranger/exec.R'); run('/root/.cache/openml/org/openml/www/datasets/1464/dataset_train_3.arff', '/roo…",,,,
openml.org/t/10101,blood-transfusion,ranger,6m_10F_2c_8GB,4,binary,,auc,local,0.13.1,,2.0.5,2022-05-31T11:26:49,0.2,,,,2142378988,"CalledProcessError: Command 'Rscript --vanilla -e ""source('/plx-context/artifacts/automl/frameworks/ranger/exec.R'); run('/root/.cache/openml/org/openml/www/datasets/1464/dataset_train_4.arff', '/roo…",,,,
openml.org/t/10101,blood-transfusion,ranger,6m_10F_2c_8GB,5,binary,,auc,local,0.13.1,,2.0.5,2022-05-31T11:26:49,0.2,,,,2142378989,"CalledProcessError: Command 'Rscript --vanilla -e ""source('/plx-context/artifacts/automl/frameworks/ranger/exec.R'); run('/root/.cache/openml/org/openml/www/datasets/1464/dataset_train_5.arff', '/roo…",,,,
openml.org/t/10101,blood-transfusion,ranger,6m_10F_2c_8GB,6,binary,,auc,local,0.13.1,,2.0.5,2022-05-31T11:26:50,0.2,,,,2142378990,"CalledProcessError: Command 'Rscript --vanilla -e ""source('/plx-context/artifacts/automl/frameworks/ranger/exec.R'); run('/root/.cache/openml/org/openml/www/datasets/1464/dataset_train_6.arff', '/roo…",,,,
openml.org/t/10101,blood-transfusion,ranger,6m_10F_2c_8GB,7,binary,,auc,local,0.13.1,,2.0.5,2022-05-31T11:26:50,0.2,,,,2142378991,"CalledProcessError: Command 'Rscript --vanilla -e ""source('/plx-context/artifacts/automl/frameworks/ranger/exec.R'); run('/root/.cache/openml/org/openml/www/datasets/1464/dataset_train_7.arff', '/roo…",,,,
openml.org/t/10101,blood-transfusion,ranger,6m_10F_2c_8GB,8,binary,,auc,local,0.13.1,,2.0.5,2022-05-31T11:26:50,0.2,,,,2142378992,"CalledProcessError: Command 'Rscript --vanilla -e ""source('/plx-context/artifacts/automl/frameworks/ranger/exec.R'); run('/root/.cache/openml/org/openml/www/datasets/1464/dataset_train_8.arff', '/roo…",,,,
openml.org/t/10101,blood-transfusion,ranger,6m_10F_2c_8GB,9,binary,,auc,local,0.13.1,,2.0.5,2022-05-31T11:26:50,0.2,,,,2142378993,"CalledProcessError: Command 'Rscript --vanilla -e ""source('/plx-context/artifacts/automl/frameworks/ranger/exec.R'); run('/root/.cache/openml/org/openml/www/datasets/1464/dataset_train_9.arff', '/roo…",,,,
openml.org/t/146821,car,ranger,6m_10F_2c_8GB,0,multiclass,,neg_logloss,local,0.13.1,,2.0.5,2022-05-31T11:26:52,0.2,,,,2142378984,"CalledProcessError: Command 'Rscript --vanilla -e ""source('/plx-context/artifacts/automl/frameworks/ranger/exec.R'); run('/root/.cache/openml/org/openml/www/datasets/40975/dataset_train_0.arff', '/ro…",,,,
openml.org/t/146821,car,ranger,6m_10F_2c_8GB,1,multiclass,,neg_logloss,local,0.13.1,,2.0.5,2022-05-31T11:26:52,0.2,,,,2142378985,"CalledProcessError: Command 'Rscript --vanilla -e ""source('/plx-context/artifacts/automl/frameworks/ranger/exec.R'); run('/root/.cache/openml/org/openml/www/datasets/40975/dataset_train_1.arff', '/ro…",,,,
openml.org/t/146821,car,ranger,6m_10F_2c_8GB,2,multiclass,,neg_logloss,local,0.13.1,,2.0.5,2022-05-31T11:26:52,0.2,,,,2142378986,"CalledProcessError: Command 'Rscript --vanilla -e ""source('/plx-context/artifacts/automl/frameworks/ranger/exec.R'); run('/root/.cache/openml/org/openml/www/datasets/40975/dataset_train_2.arff', '/ro…",,,,
openml.org/t/146821,car,ranger,6m_10F_2c_8GB,3,multiclass,,neg_logloss,local,0.13.1,,2.0.5,2022-05-31T11:26:52,0.2,,,,2142378987,"CalledProcessError: Command 'Rscript --vanilla -e ""source('/plx-context/artifacts/automl/frameworks/ranger/exec.R'); run('/root/.cache/openml/org/openml/www/datasets/40975/dataset_train_3.arff', '/ro…",,,,
openml.org/t/146821,car,ranger,6m_10F_2c_8GB,4,multiclass,,neg_logloss,local,0.13.1,,2.0.5,2022-05-31T11:26:53,0.2,,,,2142378988,"CalledProcessError: Command 'Rscript --vanilla -e ""source('/plx-context/artifacts/automl/frameworks/ranger/exec.R'); run('/root/.cache/openml/org/openml/www/datasets/40975/dataset_train_4.arff', '/ro…",,,,
openml.org/t/146821,car,ranger,6m_10F_2c_8GB,5,multiclass,,neg_logloss,local,0.13.1,,2.0.5,2022-05-31T11:26:53,0.3,,,,2142378989,"CalledProcessError: Command 'Rscript --vanilla -e ""source('/plx-context/artifacts/automl/frameworks/ranger/exec.R'); run('/root/.cache/openml/org/openml/www/datasets/40975/dataset_train_5.arff', '/ro…",,,,
openml.org/t/146821,car,ranger,6m_10F_2c_8GB,6,multiclass,,neg_logloss,local,0.13.1,,2.0.5,2022-05-31T11:26:53,0.2,,,,2142378990,"CalledProcessError: Command 'Rscript --vanilla -e ""source('/plx-context/artifacts/automl/frameworks/ranger/exec.R'); run('/root/.cache/openml/org/openml/www/datasets/40975/dataset_train_6.arff', '/ro…",,,,
openml.org/t/146821,car,ranger,6m_10F_2c_8GB,7,multiclass,,neg_logloss,local,0.13.1,,2.0.5,2022-05-31T11:26:53,0.2,,,,2142378991,"CalledProcessError: Command 'Rscript --vanilla -e ""source('/plx-context/artifacts/automl/frameworks/ranger/exec.R'); run('/root/.cache/openml/org/openml/www/datasets/40975/dataset_train_7.arff', '/ro…",,,,
openml.org/t/146821,car,ranger,6m_10F_2c_8GB,8,multiclass,,neg_logloss,local,0.13.1,,2.0.5,2022-05-31T11:26:54,0.2,,,,2142378992,"CalledProcessError: Command 'Rscript --vanilla -e ""source('/plx-context/artifacts/automl/frameworks/ranger/exec.R'); run('/root/.cache/openml/org/openml/www/datasets/40975/dataset_train_8.arff', '/ro…",,,,
openml.org/t/146821,car,ranger,6m_10F_2c_8GB,9,multiclass,,neg_logloss,local,0.13.1,,2.0.5,2022-05-31T11:26:54,0.2,,,,2142378993,"CalledProcessError: Command 'Rscript --vanilla -e ""source('/plx-context/artifacts/automl/frameworks/ranger/exec.R'); run('/root/.cache/openml/org/openml/www/datasets/40975/dataset_train_9.arff', '/ro…",,,,
openml.org/t/168908,christine,ranger,6m_10F_2c_8GB,0,binary,,auc,local,0.13.1,,2.0.5,2022-05-31T11:27:11,6.8,,,,2142378984,"CalledProcessError: Command 'Rscript --vanilla -e ""source('/plx-context/artifacts/automl/frameworks/ranger/exec.R'); run('/root/.cache/openml/org/openml/www/datasets/41142/dataset_train_0.arff', '/ro…",,,,
openml.org/t/168908,christine,ranger,6m_10F_2c_8GB,1,binary,,auc,local,0.13.1,,2.0.5,2022-05-31T11:27:18,7.0,,,,2142378985,"CalledProcessError: Command 'Rscript --vanilla -e ""source('/plx-context/artifacts/automl/frameworks/ranger/exec.R'); run('/root/.cache/openml/org/openml/www/datasets/41142/dataset_train_1.arff', '/ro…",,,,
openml.org/t/168908,christine,ranger,6m_10F_2c_8GB,2,binary,,auc,local,0.13.1,,2.0.5,2022-05-31T11:27:24,6.7,,,,2142378986,"CalledProcessError: Command 'Rscript --vanilla -e ""source('/plx-context/artifacts/automl/frameworks/ranger/exec.R'); run('/root/.cache/openml/org/openml/www/datasets/41142/dataset_train_2.arff', '/ro…",,,,
openml.org/t/168908,christine,ranger,6m_10F_2c_8GB,3,binary,,auc,local,0.13.1,,2.0.5,2022-05-31T11:27:30,6.0,,,,2142378987,"CalledProcessError: Command 'Rscript --vanilla -e ""source('/plx-context/artifacts/automl/frameworks/ranger/exec.R'); run('/root/.cache/openml/org/openml/www/datasets/41142/dataset_train_3.arff', '/ro…",,,,
openml.org/t/168908,christine,ranger,6m_10F_2c_8GB,4,binary,,auc,local,0.13.1,,2.0.5,2022-05-31T11:27:36,5.9,,,,2142378988,"CalledProcessError: Command 'Rscript --vanilla -e ""source('/plx-context/artifacts/automl/frameworks/ranger/exec.R'); run('/root/.cache/openml/org/openml/www/datasets/41142/dataset_train_4.arff', '/ro…",,,,
openml.org/t/168908,christine,ranger,6m_10F_2c_8GB,5,binary,,auc,local,0.13.1,,2.0.5,2022-05-31T11:27:42,6.0,,,,2142378989,"CalledProcessError: Command 'Rscript --vanilla -e ""source('/plx-context/artifacts/automl/frameworks/ranger/exec.R'); run('/root/.cache/openml/org/openml/www/datasets/41142/dataset_train_5.arff', '/ro…",,,,
openml.org/t/168908,christine,ranger,6m_10F_2c_8GB,6,binary,,auc,local,0.13.1,,2.0.5,2022-05-31T11:27:50,7.8,,,,2142378990,"CalledProcessError: Command 'Rscript --vanilla -e ""source('/plx-context/artifacts/automl/frameworks/ranger/exec.R'); run('/root/.cache/openml/org/openml/www/datasets/41142/dataset_train_6.arff', '/ro…",,,,
openml.org/t/168908,christine,ranger,6m_10F_2c_8GB,7,binary,,auc,local,0.13.1,,2.0.5,2022-05-31T11:27:58,7.5,,,,2142378991,"CalledProcessError: Command 'Rscript --vanilla -e ""source('/plx-context/artifacts/automl/frameworks/ranger/exec.R'); run('/root/.cache/openml/org/openml/www/datasets/41142/dataset_train_7.arff', '/ro…",,,,
openml.org/t/168908,christine,ranger,6m_10F_2c_8GB,8,binary,,auc,local,0.13.1,,2.0.5,2022-05-31T11:28:05,7.0,,,,2142378992,"CalledProcessError: Command 'Rscript --vanilla -e ""source('/plx-context/artifacts/automl/frameworks/ranger/exec.R'); run('/root/.cache/openml/org/openml/www/datasets/41142/dataset_train_8.arff', '/ro…",,,,
openml.org/t/168908,christine,ranger,6m_10F_2c_8GB,9,binary,,auc,local,0.13.1,,2.0.5,2022-05-31T11:28:12,7.0,,,,2142378993,"CalledProcessError: Command 'Rscript --vanilla -e ""source('/plx-context/artifacts/automl/frameworks/ranger/exec.R'); run('/root/.cache/openml/org/openml/www/datasets/41142/dataset_train_9.arff', '/ro…",,,,
openml.org/t/9981,cnae-9,ranger,6m_10F_2c_8GB,0,multiclass,,neg_logloss,local,0.13.1,,2.0.5,2022-05-31T11:28:14,0.7,,,,2142378984,"CalledProcessError: Command 'Rscript --vanilla -e ""source('/plx-context/artifacts/automl/frameworks/ranger/exec.R'); run('/root/.cache/openml/org/openml/www/datasets/1468/dataset_train_0.arff', '/roo…",,,,
openml.org/t/9981,cnae-9,ranger,6m_10F_2c_8GB,1,multiclass,,neg_logloss,local,0.13.1,,2.0.5,2022-05-31T11:28:15,0.6,,,,2142378985,"CalledProcessError: Command 'Rscript --vanilla -e ""source('/plx-context/artifacts/automl/frameworks/ranger/exec.R'); run('/root/.cache/openml/org/openml/www/datasets/1468/dataset_train_1.arff', '/roo…",,,,
openml.org/t/9981,cnae-9,ranger,6m_10F_2c_8GB,2,multiclass,,neg_logloss,local,0.13.1,,2.0.5,2022-05-31T11:28:16,0.6,,,,2142378986,"CalledProcessError: Command 'Rscript --vanilla -e ""source('/plx-context/artifacts/automl/frameworks/ranger/exec.R'); run('/root/.cache/openml/org/openml/www/datasets/1468/dataset_train_2.arff', '/roo…",,,,
openml.org/t/9981,cnae-9,ranger,6m_10F_2c_8GB,3,multiclass,,neg_logloss,local,0.13.1,,2.0.5,2022-05-31T11:28:16,0.6,,,,2142378987,"CalledProcessError: Command 'Rscript --vanilla -e ""source('/plx-context/artifacts/automl/frameworks/ranger/exec.R'); run('/root/.cache/openml/org/openml/www/datasets/1468/dataset_train_3.arff', '/roo…",,,,
openml.org/t/9981,cnae-9,ranger,6m_10F_2c_8GB,4,multiclass,,neg_logloss,local,0.13.1,,2.0.5,2022-05-31T11:28:17,0.6,,,,2142378988,"CalledProcessError: Command 'Rscript --vanilla -e ""source('/plx-context/artifacts/automl/frameworks/ranger/exec.R'); run('/root/.cache/openml/org/openml/www/datasets/1468/dataset_train_4.arff', '/roo…",,,,
openml.org/t/9981,cnae-9,ranger,6m_10F_2c_8GB,5,multiclass,,neg_logloss,local,0.13.1,,2.0.5,2022-05-31T11:28:17,0.6,,,,2142378989,"CalledProcessError: Command 'Rscript --vanilla -e ""source('/plx-context/artifacts/automl/frameworks/ranger/exec.R'); run('/root/.cache/openml/org/openml/www/datasets/1468/dataset_train_5.arff', '/roo…",,,,
openml.org/t/9981,cnae-9,ranger,6m_10F_2c_8GB,6,multiclass,,neg_logloss,local,0.13.1,,2.0.5,2022-05-31T11:28:18,0.6,,,,2142378990,"CalledProcessError: Command 'Rscript --vanilla -e ""source('/plx-context/artifacts/automl/frameworks/ranger/exec.R'); run('/root/.cache/openml/org/openml/www/datasets/1468/dataset_train_6.arff', '/roo…",,,,
openml.org/t/9981,cnae-9,ranger,6m_10F_2c_8GB,7,multiclass,,neg_logloss,local,0.13.1,,2.0.5,2022-05-31T11:28:19,0.6,,,,2142378991,"CalledProcessError: Command 'Rscript --vanilla -e ""source('/plx-context/artifacts/automl/frameworks/ranger/exec.R'); run('/root/.cache/openml/org/openml/www/datasets/1468/dataset_train_7.arff', '/roo…",,,,
openml.org/t/9981,cnae-9,ranger,6m_10F_2c_8GB,8,multiclass,,neg_logloss,local,0.13.1,,2.0.5,2022-05-31T11:28:19,0.6,,,,2142378992,"CalledProcessError: Command 'Rscript --vanilla -e ""source('/plx-context/artifacts/automl/frameworks/ranger/exec.R'); run('/root/.cache/openml/org/openml/www/datasets/1468/dataset_train_8.arff', '/roo…",,,,
openml.org/t/9981,cnae-9,ranger,6m_10F_2c_8GB,9,multiclass,,neg_logloss,local,0.13.1,,2.0.5,2022-05-31T11:28:20,0.6,,,,2142378993,"CalledProcessError: Command 'Rscript --vanilla -e ""source('/plx-context/artifacts/automl/frameworks/ranger/exec.R'); run('/root/.cache/openml/org/openml/www/datasets/1468/dataset_train_9.arff', '/roo…",,,,
openml.org/t/31,credit-g,ranger,6m_10F_2c_8GB,0,binary,,auc,local,0.13.1,,2.0.5,2022-05-31T11:28:22,0.2,,,,2142378984,"CalledProcessError: Command 'Rscript --vanilla -e ""source('/plx-context/artifacts/automl/frameworks/ranger/exec.R'); run('/root/.cache/openml/org/openml/www/datasets/31/dataset_train_0.arff', '/root/…",,,,
openml.org/t/31,credit-g,ranger,6m_10F_2c_8GB,1,binary,,auc,local,0.13.1,,2.0.5,2022-05-31T11:28:22,0.2,,,,2142378985,"CalledProcessError: Command 'Rscript --vanilla -e ""source('/plx-context/artifacts/automl/frameworks/ranger/exec.R'); run('/root/.cache/openml/org/openml/www/datasets/31/dataset_train_1.arff', '/root/…",,,,
openml.org/t/31,credit-g,ranger,6m_10F_2c_8GB,2,binary,,auc,local,0.13.1,,2.0.5,2022-05-31T11:28:22,0.2,,,,2142378986,"CalledProcessError: Command 'Rscript --vanilla -e ""source('/plx-context/artifacts/automl/frameworks/ranger/exec.R'); run('/root/.cache/openml/org/openml/www/datasets/31/dataset_train_2.arff', '/root/…",,,,
openml.org/t/31,credit-g,ranger,6m_10F_2c_8GB,3,binary,,auc,local,0.13.1,,2.0.5,2022-05-31T11:28:23,0.2,,,,2142378987,"CalledProcessError: Command 'Rscript --vanilla -e ""source('/plx-context/artifacts/automl/frameworks/ranger/exec.R'); run('/root/.cache/openml/org/openml/www/datasets/31/dataset_train_3.arff', '/root/…",,,,
openml.org/t/31,credit-g,ranger,6m_10F_2c_8GB,4,binary,,auc,local,0.13.1,,2.0.5,2022-05-31T11:28:23,0.2,,,,2142378988,"CalledProcessError: Command 'Rscript --vanilla -e ""source('/plx-context/artifacts/automl/frameworks/ranger/exec.R'); run('/root/.cache/openml/org/openml/www/datasets/31/dataset_train_4.arff', '/root/…",,,,
openml.org/t/31,credit-g,ranger,6m_10F_2c_8GB,5,binary,,auc,local,0.13.1,,2.0.5,2022-05-31T11:28:23,0.2,,,,2142378989,"CalledProcessError: Command 'Rscript --vanilla -e ""source('/plx-context/artifacts/automl/frameworks/ranger/exec.R'); run('/root/.cache/openml/org/openml/www/datasets/31/dataset_train_5.arff', '/root/…",,,,
openml.org/t/31,credit-g,ranger,6m_10F_2c_8GB,6,binary,,auc,local,0.13.1,,2.0.5,2022-05-31T11:28:23,0.2,,,,2142378990,"CalledProcessError: Command 'Rscript --vanilla -e ""source('/plx-context/artifacts/automl/frameworks/ranger/exec.R'); run('/root/.cache/openml/org/openml/www/datasets/31/dataset_train_6.arff', '/root/…",,,,
openml.org/t/31,credit-g,ranger,6m_10F_2c_8GB,7,binary,,auc,local,0.13.1,,2.0.5,2022-05-31T11:28:23,0.2,,,,2142378991,"CalledProcessError: Command 'Rscript --vanilla -e ""source('/plx-context/artifacts/automl/frameworks/ranger/exec.R'); run('/root/.cache/openml/org/openml/www/datasets/31/dataset_train_7.arff', '/root/…",,,,
openml.org/t/31,credit-g,ranger,6m_10F_2c_8GB,8,binary,,auc,local,0.13.1,,2.0.5,2022-05-31T11:28:24,0.2,,,,2142378992,"CalledProcessError: Command 'Rscript --vanilla -e ""source('/plx-context/artifacts/automl/frameworks/ranger/exec.R'); run('/root/.cache/openml/org/openml/www/datasets/31/dataset_train_8.arff', '/root/…",,,,
openml.org/t/31,credit-g,ranger,6m_10F_2c_8GB,9,binary,,auc,local,0.13.1,,2.0.5,2022-05-31T11:28:24,0.2,,,,2142378993,"CalledProcessError: Command 'Rscript --vanilla -e ""source('/plx-context/artifacts/automl/frameworks/ranger/exec.R'); run('/root/.cache/openml/org/openml/www/datasets/31/dataset_train_9.arff', '/root/…",,,,
openml.org/t/168909,dilbert,ranger,6m_10F_2c_8GB,0,multiclass,,neg_logloss,local,0.13.1,,2.0.5,2022-05-31T11:29:22,22.1,,,,2142378984,"CalledProcessError: Command 'Rscript --vanilla -e ""source('/plx-context/artifacts/automl/frameworks/ranger/exec.R'); run('/root/.cache/openml/org/openml/www/datasets/41163/dataset_train_0.arff', '/ro…",,,,
openml.org/t/168909,dilbert,ranger,6m_10F_2c_8GB,1,multiclass,,neg_logloss,local,0.13.1,,2.0.5,2022-05-31T11:29:42,19.9,,,,2142378985,"CalledProcessError: Command 'Rscript --vanilla -e ""source('/plx-context/artifacts/automl/frameworks/ranger/exec.R'); run('/root/.cache/openml/org/openml/www/datasets/41163/dataset_train_1.arff', '/ro…",,,,
openml.org/t/168909,dilbert,ranger,6m_10F_2c_8GB,2,multiclass,,neg_logloss,local,0.13.1,,2.0.5,2022-05-31T11:30:04,21.3,,,,2142378986,"CalledProcessError: Command 'Rscript --vanilla -e ""source('/plx-context/artifacts/automl/frameworks/ranger/exec.R'); run('/root/.cache/openml/org/openml/www/datasets/41163/dataset_train_2.arff', '/ro…",,,,
openml.org/t/168909,dilbert,ranger,6m_10F_2c_8GB,3,multiclass,,neg_logloss,local,0.13.1,,2.0.5,2022-05-31T11:30:26,22.2,,,,2142378987,"CalledProcessError: Command 'Rscript --vanilla -e ""source('/plx-context/artifacts/automl/frameworks/ranger/exec.R'); run('/root/.cache/openml/org/openml/www/datasets/41163/dataset_train_3.arff', '/ro…",,,,
openml.org/t/168909,dilbert,ranger,6m_10F_2c_8GB,4,multiclass,,neg_logloss,local,0.13.1,,2.0.5,2022-05-31T11:30:47,21.0,,,,2142378988,"CalledProcessError: Command 'Rscript --vanilla -e ""source('/plx-context/artifacts/automl/frameworks/ranger/exec.R'); run('/root/.cache/openml/org/openml/www/datasets/41163/dataset_train_4.arff', '/ro…",,,,
openml.org/t/168909,dilbert,ranger,6m_10F_2c_8GB,5,multiclass,,neg_logloss,local,0.13.1,,2.0.5,2022-05-31T11:31:08,21.3,,,,2142378989,"CalledProcessError: Command 'Rscript --vanilla -e ""source('/plx-context/artifacts/automl/frameworks/ranger/exec.R'); run('/root/.cache/openml/org/openml/www/datasets/41163/dataset_train_5.arff', '/ro…",,,,
openml.org/t/168909,dilbert,ranger,6m_10F_2c_8GB,6,multiclass,,neg_logloss,local,0.13.1,,2.0.5,2022-05-31T11:31:29,20.4,,,,2142378990,"CalledProcessError: Command 'Rscript --vanilla -e ""source('/plx-context/artifacts/automl/frameworks/ranger/exec.R'); run('/root/.cache/openml/org/openml/www/datasets/41163/dataset_train_6.arff', '/ro…",,,,
openml.org/t/168909,dilbert,ranger,6m_10F_2c_8GB,7,multiclass,,neg_logloss,local,0.13.1,,2.0.5,2022-05-31T11:31:48,18.9,,,,2142378991,"CalledProcessError: Command 'Rscript --vanilla -e ""source('/plx-context/artifacts/automl/frameworks/ranger/exec.R'); run('/root/.cache/openml/org/openml/www/datasets/41163/dataset_train_7.arff', '/ro…",,,,
openml.org/t/168909,dilbert,ranger,6m_10F_2c_8GB,8,multiclass,,neg_logloss,local,0.13.1,,2.0.5,2022-05-31T11:32:05,17.8,,,,2142378992,"CalledProcessError: Command 'Rscript --vanilla -e ""source('/plx-context/artifacts/automl/frameworks/ranger/exec.R'); run('/root/.cache/openml/org/openml/www/datasets/41163/dataset_train_8.arff', '/ro…",,,,
openml.org/t/168909,dilbert,ranger,6m_10F_2c_8GB,9,multiclass,,neg_logloss,local,0.13.1,,2.0.5,2022-05-31T11:32:23,17.9,,,,2142378993,"CalledProcessError: Command 'Rscript --vanilla -e ""source('/plx-context/artifacts/automl/frameworks/ranger/exec.R'); run('/root/.cache/openml/org/openml/www/datasets/41163/dataset_train_9.arff', '/ro…",,,,
openml.org/t/168910,fabert,ranger,6m_10F_2c_8GB,0,multiclass,,neg_logloss,local,0.13.1,,2.0.5,2022-05-31T11:32:36,4.0,,,,2142378984,"CalledProcessError: Command 'Rscript --vanilla -e ""source('/plx-context/artifacts/automl/frameworks/ranger/exec.R'); run('/root/.cache/openml/org/openml/www/datasets/41164/dataset_train_0.arff', '/ro…",,,,
openml.org/t/168910,fabert,ranger,6m_10F_2c_8GB,1,multiclass,,neg_logloss,local,0.13.1,,2.0.5,2022-05-31T11:32:39,3.9,,,,2142378985,"CalledProcessError: Command 'Rscript --vanilla -e ""source('/plx-context/artifacts/automl/frameworks/ranger/exec.R'); run('/root/.cache/openml/org/openml/www/datasets/41164/dataset_train_1.arff', '/ro…",,,,
openml.org/t/168910,fabert,ranger,6m_10F_2c_8GB,2,multiclass,,neg_logloss,local,0.13.1,,2.0.5,2022-05-31T11:32:44,4.3,,,,2142378986,"CalledProcessError: Command 'Rscript --vanilla -e ""source('/plx-context/artifacts/automl/frameworks/ranger/exec.R'); run('/root/.cache/openml/org/openml/www/datasets/41164/dataset_train_2.arff', '/ro…",,,,
openml.org/t/168910,fabert,ranger,6m_10F_2c_8GB,3,multiclass,,neg_logloss,local,0.13.1,,2.0.5,2022-05-31T11:32:48,4.4,,,,2142378987,"CalledProcessError: Command 'Rscript --vanilla -e ""source('/plx-context/artifacts/automl/frameworks/ranger/exec.R'); run('/root/.cache/openml/org/openml/www/datasets/41164/dataset_train_3.arff', '/ro…",,,,
openml.org/t/168910,fabert,ranger,6m_10F_2c_8GB,4,multiclass,,neg_logloss,local,0.13.1,,2.0.5,2022-05-31T11:32:52,4.2,,,,2142378988,"CalledProcessError: Command 'Rscript --vanilla -e ""source('/plx-context/artifacts/automl/frameworks/ranger/exec.R'); run('/root/.cache/openml/org/openml/www/datasets/41164/dataset_train_4.arff', '/ro…",,,,
openml.org/t/168910,fabert,ranger,6m_10F_2c_8GB,5,multiclass,,neg_logloss,local,0.13.1,,2.0.5,2022-05-31T11:32:56,3.9,,,,2142378989,"CalledProcessError: Command 'Rscript --vanilla -e ""source('/plx-context/artifacts/automl/frameworks/ranger/exec.R'); run('/root/.cache/openml/org/openml/www/datasets/41164/dataset_train_5.arff', '/ro…",,,,
openml.org/t/168910,fabert,ranger,6m_10F_2c_8GB,6,multiclass,,neg_logloss,local,0.13.1,,2.0.5,2022-05-31T11:33:00,3.9,,,,2142378990,"CalledProcessError: Command 'Rscript --vanilla -e ""source('/plx-context/artifacts/automl/frameworks/ranger/exec.R'); run('/root/.cache/openml/org/openml/www/datasets/41164/dataset_train_6.arff', '/ro…",,,,
openml.org/t/168910,fabert,ranger,6m_10F_2c_8GB,7,multiclass,,neg_logloss,local,0.13.1,,2.0.5,2022-05-31T11:33:04,4.0,,,,2142378991,"CalledProcessError: Command 'Rscript --vanilla -e ""source('/plx-context/artifacts/automl/frameworks/ranger/exec.R'); run('/root/.cache/openml/org/openml/www/datasets/41164/dataset_train_7.arff', '/ro…",,,,
openml.org/t/168910,fabert,ranger,6m_10F_2c_8GB,8,multiclass,,neg_logloss,local,0.13.1,,2.0.5,2022-05-31T11:33:08,4.1,,,,2142378992,"CalledProcessError: Command 'Rscript --vanilla -e ""source('/plx-context/artifacts/automl/frameworks/ranger/exec.R'); run('/root/.cache/openml/org/openml/www/datasets/41164/dataset_train_8.arff', '/ro…",,,,
openml.org/t/168910,fabert,ranger,6m_10F_2c_8GB,9,multiclass,,neg_logloss,local,0.13.1,,2.0.5,2022-05-31T11:33:12,4.2,,,,2142378993,"CalledProcessError: Command 'Rscript --vanilla -e ""source('/plx-context/artifacts/automl/frameworks/ranger/exec.R'); run('/root/.cache/openml/org/openml/www/datasets/41164/dataset_train_9.arff', '/ro…",,,,
openml.org/t/168911,jasmine,ranger,6m_10F_2c_8GB,0,binary,,auc,local,0.13.1,,2.0.5,2022-05-31T11:33:19,0.5,,,,2142378984,"CalledProcessError: Command 'Rscript --vanilla -e ""source('/plx-context/artifacts/automl/frameworks/ranger/exec.R'); run('/root/.cache/openml/org/openml/www/datasets/41143/dataset_train_0.arff', '/ro…",,,,
openml.org/t/168911,jasmine,ranger,6m_10F_2c_8GB,1,binary,,auc,local,0.13.1,,2.0.5,2022-05-31T11:33:19,0.4,,,,2142378985,"CalledProcessError: Command 'Rscript --vanilla -e ""source('/plx-context/artifacts/automl/frameworks/ranger/exec.R'); run('/root/.cache/openml/org/openml/www/datasets/41143/dataset_train_1.arff', '/ro…",,,,
openml.org/t/168911,jasmine,ranger,6m_10F_2c_8GB,2,binary,,auc,local,0.13.1,,2.0.5,2022-05-31T11:33:20,0.4,,,,2142378986,"CalledProcessError: Command 'Rscript --vanilla -e ""source('/plx-context/artifacts/automl/frameworks/ranger/exec.R'); run('/root/.cache/openml/org/openml/www/datasets/41143/dataset_train_2.arff', '/ro…",,,,
openml.org/t/168911,jasmine,ranger,6m_10F_2c_8GB,3,binary,,auc,local,0.13.1,,2.0.5,2022-05-31T11:33:20,0.5,,,,2142378987,"CalledProcessError: Command 'Rscript --vanilla -e ""source('/plx-context/artifacts/automl/frameworks/ranger/exec.R'); run('/root/.cache/openml/org/openml/www/datasets/41143/dataset_train_3.arff', '/ro…",,,,
openml.org/t/168911,jasmine,ranger,6m_10F_2c_8GB,4,binary,,auc,local,0.13.1,,2.0.5,2022-05-31T11:33:21,0.4,,,,2142378988,"CalledProcessError: Command 'Rscript --vanilla -e ""source('/plx-context/artifacts/automl/frameworks/ranger/exec.R'); run('/root/.cache/openml/org/openml/www/datasets/41143/dataset_train_4.arff', '/ro…",,,,
openml.org/t/168911,jasmine,ranger,6m_10F_2c_8GB,5,binary,,auc,local,0.13.1,,2.0.5,2022-05-31T11:33:21,0.4,,,,2142378989,"CalledProcessError: Command 'Rscript --vanilla -e ""source('/plx-context/artifacts/automl/frameworks/ranger/exec.R'); run('/root/.cache/openml/org/openml/www/datasets/41143/dataset_train_5.arff', '/ro…",,,,
openml.org/t/168911,jasmine,ranger,6m_10F_2c_8GB,6,binary,,auc,local,0.13.1,,2.0.5,2022-05-31T11:33:22,0.4,,,,2142378990,"CalledProcessError: Command 'Rscript --vanilla -e ""source('/plx-context/artifacts/automl/frameworks/ranger/exec.R'); run('/root/.cache/openml/org/openml/www/datasets/41143/dataset_train_6.arff', '/ro…",,,,
openml.org/t/168911,jasmine,ranger,6m_10F_2c_8GB,7,binary,,auc,local,0.13.1,,2.0.5,2022-05-31T11:33:22,0.4,,,,2142378991,"CalledProcessError: Command 'Rscript --vanilla -e ""source('/plx-context/artifacts/automl/frameworks/ranger/exec.R'); run('/root/.cache/openml/org/openml/www/datasets/41143/dataset_train_7.arff', '/ro…",,,,
openml.org/t/168911,jasmine,ranger,6m_10F_2c_8GB,8,binary,,auc,local,0.13.1,,2.0.5,2022-05-31T11:33:22,0.4,,,,2142378992,"CalledProcessError: Command 'Rscript --vanilla -e ""source('/plx-context/artifacts/automl/frameworks/ranger/exec.R'); run('/root/.cache/openml/org/openml/www/datasets/41143/dataset_train_8.arff', '/ro…",,,,
openml.org/t/168911,jasmine,ranger,6m_10F_2c_8GB,9,binary,,auc,local,0.13.1,,2.0.5,2022-05-31T11:33:23,0.5,,,,2142378993,"CalledProcessError: Command 'Rscript --vanilla -e ""source('/plx-context/artifacts/automl/frameworks/ranger/exec.R'); run('/root/.cache/openml/org/openml/www/datasets/41143/dataset_train_9.arff', '/ro…",,,,
openml.org/t/3917,kc1,ranger,6m_10F_2c_8GB,0,binary,,auc,local,0.13.1,,2.0.5,2022-05-31T11:33:25,0.2,,,,2142378984,"CalledProcessError: Command 'Rscript --vanilla -e ""source('/plx-context/artifacts/automl/frameworks/ranger/exec.R'); run('/root/.cache/openml/org/openml/www/datasets/1067/dataset_train_0.arff', '/roo…",,,,
openml.org/t/3917,kc1,ranger,6m_10F_2c_8GB,1,binary,,auc,local,0.13.1,,2.0.5,2022-05-31T11:33:25,0.2,,,,2142378985,"CalledProcessError: Command 'Rscript --vanilla -e ""source('/plx-context/artifacts/automl/frameworks/ranger/exec.R'); run('/root/.cache/openml/org/openml/www/datasets/1067/dataset_train_1.arff', '/roo…",,,,
openml.org/t/3917,kc1,ranger,6m_10F_2c_8GB,2,binary,,auc,local,0.13.1,,2.0.5,2022-05-31T11:33:25,0.2,,,,2142378986,"CalledProcessError: Command 'Rscript --vanilla -e ""source('/plx-context/artifacts/automl/frameworks/ranger/exec.R'); run('/root/.cache/openml/org/openml/www/datasets/1067/dataset_train_2.arff', '/roo…",,,,
openml.org/t/3917,kc1,ranger,6m_10F_2c_8GB,3,binary,,auc,local,0.13.1,,2.0.5,2022-05-31T11:33:25,0.2,,,,2142378987,"CalledProcessError: Command 'Rscript --vanilla -e ""source('/plx-context/artifacts/automl/frameworks/ranger/exec.R'); run('/root/.cache/openml/org/openml/www/datasets/1067/dataset_train_3.arff', '/roo…",,,,
openml.org/t/3917,kc1,ranger,6m_10F_2c_8GB,4,binary,,auc,local,0.13.1,,2.0.5,2022-05-31T11:33:25,0.2,,,,2142378988,"CalledProcessError: Command 'Rscript --vanilla -e ""source('/plx-context/artifacts/automl/frameworks/ranger/exec.R'); run('/root/.cache/openml/org/openml/www/datasets/1067/dataset_train_4.arff', '/roo…",,,,
openml.org/t/3917,kc1,ranger,6m_10F_2c_8GB,5,binary,,auc,local,0.13.1,,2.0.5,2022-05-31T11:33:26,0.2,,,,2142378989,"CalledProcessError: Command 'Rscript --vanilla -e ""source('/plx-context/artifacts/automl/frameworks/ranger/exec.R'); run('/root/.cache/openml/org/openml/www/datasets/1067/dataset_train_5.arff', '/roo…",,,,
openml.org/t/3917,kc1,ranger,6m_10F_2c_8GB,6,binary,,auc,local,0.13.1,,2.0.5,2022-05-31T11:33:26,0.2,,,,2142378990,"CalledProcessError: Command 'Rscript --vanilla -e ""source('/plx-context/artifacts/automl/frameworks/ranger/exec.R'); run('/root/.cache/openml/org/openml/www/datasets/1067/dataset_train_6.arff', '/roo…",,,,
openml.org/t/3917,kc1,ranger,6m_10F_2c_8GB,7,binary,,auc,local,0.13.1,,2.0.5,2022-05-31T11:33:26,0.2,,,,2142378991,"CalledProcessError: Command 'Rscript --vanilla -e ""source('/plx-context/artifacts/automl/frameworks/ranger/exec.R'); run('/root/.cache/openml/org/openml/www/datasets/1067/dataset_train_7.arff', '/roo…",,,,
openml.org/t/3917,kc1,ranger,6m_10F_2c_8GB,8,binary,,auc,local,0.13.1,,2.0.5,2022-05-31T11:33:26,0.2,,,,2142378992,"CalledProcessError: Command 'Rscript --vanilla -e ""source('/plx-context/artifacts/automl/frameworks/ranger/exec.R'); run('/root/.cache/openml/org/openml/www/datasets/1067/dataset_train_8.arff', '/roo…",,,,
openml.org/t/3917,kc1,ranger,6m_10F_2c_8GB,9,binary,,auc,local,0.13.1,,2.0.5,2022-05-31T11:33:27,0.3,,,,2142378993,"CalledProcessError: Command 'Rscript --vanilla -e ""source('/plx-context/artifacts/automl/frameworks/ranger/exec.R'); run('/root/.cache/openml/org/openml/www/datasets/1067/dataset_train_9.arff', '/roo…",,,,
openml.org/t/3,kr-vs-kp,ranger,6m_10F_2c_8GB,0,binary,,auc,local,0.13.1,,2.0.5,2022-05-31T11:33:29,0.3,,,,2142378984,"CalledProcessError: Command 'Rscript --vanilla -e ""source('/plx-context/artifacts/automl/frameworks/ranger/exec.R'); run('/root/.cache/openml/org/openml/www/datasets/3/dataset_train_0.arff', '/root/.…",,,,
openml.org/t/3,kr-vs-kp,ranger,6m_10F_2c_8GB,1,binary,,auc,local,0.13.1,,2.0.5,2022-05-31T11:33:29,0.3,,,,2142378985,"CalledProcessError: Command 'Rscript --vanilla -e ""source('/plx-context/artifacts/automl/frameworks/ranger/exec.R'); run('/root/.cache/openml/org/openml/www/datasets/3/dataset_train_1.arff', '/root/.…",,,,
openml.org/t/3,kr-vs-kp,ranger,6m_10F_2c_8GB,2,binary,,auc,local,0.13.1,,2.0.5,2022-05-31T11:33:29,0.3,,,,2142378986,"CalledProcessError: Command 'Rscript --vanilla -e ""source('/plx-context/artifacts/automl/frameworks/ranger/exec.R'); run('/root/.cache/openml/org/openml/www/datasets/3/dataset_train_2.arff', '/root/.…",,,,
openml.org/t/3,kr-vs-kp,ranger,6m_10F_2c_8GB,3,binary,,auc,local,0.13.1,,2.0.5,2022-05-31T11:33:29,0.3,,,,2142378987,"CalledProcessError: Command 'Rscript --vanilla -e ""source('/plx-context/artifacts/automl/frameworks/ranger/exec.R'); run('/root/.cache/openml/org/openml/www/datasets/3/dataset_train_3.arff', '/root/.…",,,,
openml.org/t/3,kr-vs-kp,ranger,6m_10F_2c_8GB,4,binary,,auc,local,0.13.1,,2.0.5,2022-05-31T11:33:30,0.2,,,,2142378988,"CalledProcessError: Command 'Rscript --vanilla -e ""source('/plx-context/artifacts/automl/frameworks/ranger/exec.R'); run('/root/.cache/openml/org/openml/www/datasets/3/dataset_train_4.arff', '/root/.…",,,,
openml.org/t/3,kr-vs-kp,ranger,6m_10F_2c_8GB,5,binary,,auc,local,0.13.1,,2.0.5,2022-05-31T11:33:30,0.3,,,,2142378989,"CalledProcessError: Command 'Rscript --vanilla -e ""source('/plx-context/artifacts/automl/frameworks/ranger/exec.R'); run('/root/.cache/openml/org/openml/www/datasets/3/dataset_train_5.arff', '/root/.…",,,,
openml.org/t/3,kr-vs-kp,ranger,6m_10F_2c_8GB,6,binary,,auc,local,0.13.1,,2.0.5,2022-05-31T11:33:30,0.2,,,,2142378990,"CalledProcessError: Command 'Rscript --vanilla -e ""source('/plx-context/artifacts/automl/frameworks/ranger/exec.R'); run('/root/.cache/openml/org/openml/www/datasets/3/dataset_train_6.arff', '/root/.…",,,,
openml.org/t/3,kr-vs-kp,ranger,6m_10F_2c_8GB,7,binary,,auc,local,0.13.1,,2.0.5,2022-05-31T11:33:30,0.3,,,,2142378991,"CalledProcessError: Command 'Rscript --vanilla -e ""source('/plx-context/artifacts/automl/frameworks/ranger/exec.R'); run('/root/.cache/openml/org/openml/www/datasets/3/dataset_train_7.arff', '/root/.…",,,,
openml.org/t/3,kr-vs-kp,ranger,6m_10F_2c_8GB,8,binary,,auc,local,0.13.1,,2.0.5,2022-05-31T11:33:31,0.3,,,,2142378992,"CalledProcessError: Command 'Rscript --vanilla -e ""source('/plx-context/artifacts/automl/frameworks/ranger/exec.R'); run('/root/.cache/openml/org/openml/www/datasets/3/dataset_train_8.arff', '/root/.…",,,,
openml.org/t/3,kr-vs-kp,ranger,6m_10F_2c_8GB,9,binary,,auc,local,0.13.1,,2.0.5,2022-05-31T11:33:31,0.2,,,,2142378993,"CalledProcessError: Command 'Rscript --vanilla -e ""source('/plx-context/artifacts/automl/frameworks/ranger/exec.R'); run('/root/.cache/openml/org/openml/www/datasets/3/dataset_train_9.arff', '/root/.…",,,,
openml.org/t/12,mfeat-factors,ranger,6m_10F_2c_8GB,0,multiclass,,neg_logloss,local,0.13.1,,2.0.5,2022-05-31T11:33:33,0.4,,,,2142378984,"CalledProcessError: Command 'Rscript --vanilla -e ""source('/plx-context/artifacts/automl/frameworks/ranger/exec.R'); run('/root/.cache/openml/org/openml/www/datasets/12/dataset_train_0.arff', '/root/…",,,,
openml.org/t/12,mfeat-factors,ranger,6m_10F_2c_8GB,1,multiclass,,neg_logloss,local,0.13.1,,2.0.5,2022-05-31T11:33:34,0.4,,,,2142378985,"CalledProcessError: Command 'Rscript --vanilla -e ""source('/plx-context/artifacts/automl/frameworks/ranger/exec.R'); run('/root/.cache/openml/org/openml/www/datasets/12/dataset_train_1.arff', '/root/…",,,,
openml.org/t/12,mfeat-factors,ranger,6m_10F_2c_8GB,2,multiclass,,neg_logloss,local,0.13.1,,2.0.5,2022-05-31T11:33:34,0.4,,,,2142378986,"CalledProcessError: Command 'Rscript --vanilla -e ""source('/plx-context/artifacts/automl/frameworks/ranger/exec.R'); run('/root/.cache/openml/org/openml/www/datasets/12/dataset_train_2.arff', '/root/…",,,,
openml.org/t/12,mfeat-factors,ranger,6m_10F_2c_8GB,3,multiclass,,neg_logloss,local,0.13.1,,2.0.5,2022-05-31T11:33:34,0.4,,,,2142378987,"CalledProcessError: Command 'Rscript --vanilla -e ""source('/plx-context/artifacts/automl/frameworks/ranger/exec.R'); run('/root/.cache/openml/org/openml/www/datasets/12/dataset_train_3.arff', '/root/…",,,,
openml.org/t/12,mfeat-factors,ranger,6m_10F_2c_8GB,4,multiclass,,neg_logloss,local,0.13.1,,2.0.5,2022-05-31T11:33:35,0.4,,,,2142378988,"CalledProcessError: Command 'Rscript --vanilla -e ""source('/plx-context/artifacts/automl/frameworks/ranger/exec.R'); run('/root/.cache/openml/org/openml/www/datasets/12/dataset_train_4.arff', '/root/…",,,,
openml.org/t/12,mfeat-factors,ranger,6m_10F_2c_8GB,5,multiclass,,neg_logloss,local,0.13.1,,2.0.5,2022-05-31T11:33:35,0.4,,,,2142378989,"CalledProcessError: Command 'Rscript --vanilla -e ""source('/plx-context/artifacts/automl/frameworks/ranger/exec.R'); run('/root/.cache/openml/org/openml/www/datasets/12/dataset_train_5.arff', '/root/…",,,,
openml.org/t/12,mfeat-factors,ranger,6m_10F_2c_8GB,6,multiclass,,neg_logloss,local,0.13.1,,2.0.5,2022-05-31T11:33:36,0.4,,,,2142378990,"CalledProcessError: Command 'Rscript --vanilla -e ""source('/plx-context/artifacts/automl/frameworks/ranger/exec.R'); run('/root/.cache/openml/org/openml/www/datasets/12/dataset_train_6.arff', '/root/…",,,,
openml.org/t/12,mfeat-factors,ranger,6m_10F_2c_8GB,7,multiclass,,neg_logloss,local,0.13.1,,2.0.5,2022-05-31T11:33:36,0.4,,,,2142378991,"CalledProcessError: Command 'Rscript --vanilla -e ""source('/plx-context/artifacts/automl/frameworks/ranger/exec.R'); run('/root/.cache/openml/org/openml/www/datasets/12/dataset_train_7.arff', '/root/…",,,,
openml.org/t/12,mfeat-factors,ranger,6m_10F_2c_8GB,8,multiclass,,neg_logloss,local,0.13.1,,2.0.5,2022-05-31T11:33:36,0.4,,,,2142378992,"CalledProcessError: Command 'Rscript --vanilla -e ""source('/plx-context/artifacts/automl/frameworks/ranger/exec.R'); run('/root/.cache/openml/org/openml/www/datasets/12/dataset_train_8.arff', '/root/…",,,,
openml.org/t/12,mfeat-factors,ranger,6m_10F_2c_8GB,9,multiclass,,neg_logloss,local,0.13.1,,2.0.5,2022-05-31T11:33:37,0.4,,,,2142378993,"CalledProcessError: Command 'Rscript --vanilla -e ""source('/plx-context/artifacts/automl/frameworks/ranger/exec.R'); run('/root/.cache/openml/org/openml/www/datasets/12/dataset_train_9.arff', '/root/…",,,,
openml.org/t/9952,phoneme,ranger,6m_10F_2c_8GB,0,binary,,auc,local,0.13.1,,2.0.5,2022-05-31T11:33:39,0.2,,,,2142378984,"CalledProcessError: Command 'Rscript --vanilla -e ""source('/plx-context/artifacts/automl/frameworks/ranger/exec.R'); run('/root/.cache/openml/org/openml/www/datasets/1489/dataset_train_0.arff', '/roo…",,,,
openml.org/t/9952,phoneme,ranger,6m_10F_2c_8GB,1,binary,,auc,local,0.13.1,,2.0.5,2022-05-31T11:33:39,0.2,,,,2142378985,"CalledProcessError: Command 'Rscript --vanilla -e ""source('/plx-context/artifacts/automl/frameworks/ranger/exec.R'); run('/root/.cache/openml/org/openml/www/datasets/1489/dataset_train_1.arff', '/roo…",,,,
openml.org/t/9952,phoneme,ranger,6m_10F_2c_8GB,2,binary,,auc,local,0.13.1,,2.0.5,2022-05-31T11:33:39,0.2,,,,2142378986,"CalledProcessError: Command 'Rscript --vanilla -e ""source('/plx-context/artifacts/automl/frameworks/ranger/exec.R'); run('/root/.cache/openml/org/openml/www/datasets/1489/dataset_train_2.arff', '/roo…",,,,
openml.org/t/9952,phoneme,ranger,6m_10F_2c_8GB,3,binary,,auc,local,0.13.1,,2.0.5,2022-05-31T11:33:39,0.2,,,,2142378987,"CalledProcessError: Command 'Rscript --vanilla -e ""source('/plx-context/artifacts/automl/frameworks/ranger/exec.R'); run('/root/.cache/openml/org/openml/www/datasets/1489/dataset_train_3.arff', '/roo…",,,,
openml.org/t/9952,phoneme,ranger,6m_10F_2c_8GB,4,binary,,auc,local,0.13.1,,2.0.5,2022-05-31T11:33:40,0.2,,,,2142378988,"CalledProcessError: Command 'Rscript --vanilla -e ""source('/plx-context/artifacts/automl/frameworks/ranger/exec.R'); run('/root/.cache/openml/org/openml/www/datasets/1489/dataset_train_4.arff', '/roo…",,,,
openml.org/t/9952,phoneme,ranger,6m_10F_2c_8GB,5,binary,,auc,local,0.13.1,,2.0.5,2022-05-31T11:33:40,0.2,,,,2142378989,"CalledProcessError: Command 'Rscript --vanilla -e ""source('/plx-context/artifacts/automl/frameworks/ranger/exec.R'); run('/root/.cache/openml/org/openml/www/datasets/1489/dataset_train_5.arff', '/roo…",,,,
openml.org/t/9952,phoneme,ranger,6m_10F_2c_8GB,6,binary,,auc,local,0.13.1,,2.0.5,2022-05-31T11:33:40,0.2,,,,2142378990,"CalledProcessError: Command 'Rscript --vanilla -e ""source('/plx-context/artifacts/automl/frameworks/ranger/exec.R'); run('/root/.cache/openml/org/openml/www/datasets/1489/dataset_train_6.arff', '/roo…",,,,
openml.org/t/9952,phoneme,ranger,6m_10F_2c_8GB,7,binary,,auc,local,0.13.1,,2.0.5,2022-05-31T11:33:40,0.2,,,,2142378991,"CalledProcessError: Command 'Rscript --vanilla -e ""source('/plx-context/artifacts/automl/frameworks/ranger/exec.R'); run('/root/.cache/openml/org/openml/www/datasets/1489/dataset_train_7.arff', '/roo…",,,,
openml.org/t/9952,phoneme,ranger,6m_10F_2c_8GB,8,binary,,auc,local,0.13.1,,2.0.5,2022-05-31T11:33:41,0.2,,,,2142378992,"CalledProcessError: Command 'Rscript --vanilla -e ""source('/plx-context/artifacts/automl/frameworks/ranger/exec.R'); run('/root/.cache/openml/org/openml/www/datasets/1489/dataset_train_8.arff', '/roo…",,,,
openml.org/t/9952,phoneme,ranger,6m_10F_2c_8GB,9,binary,,auc,local,0.13.1,,2.0.5,2022-05-31T11:33:41,0.2,,,,2142378993,"CalledProcessError: Command 'Rscript --vanilla -e ""source('/plx-context/artifacts/automl/frameworks/ranger/exec.R'); run('/root/.cache/openml/org/openml/www/datasets/1489/dataset_train_9.arff', '/roo…",,,,
openml.org/t/146822,segment,ranger,6m_10F_2c_8GB,0,multiclass,,neg_logloss,local,0.13.1,,2.0.5,2022-05-31T11:33:42,0.2,,,,2142378984,"CalledProcessError: Command 'Rscript --vanilla -e ""source('/plx-context/artifacts/automl/frameworks/ranger/exec.R'); run('/root/.cache/openml/org/openml/www/datasets/40984/dataset_train_0.arff', '/ro…",,,,
openml.org/t/146822,segment,ranger,6m_10F_2c_8GB,1,multiclass,,neg_logloss,local,0.13.1,,2.0.5,2022-05-31T11:33:43,0.2,,,,2142378985,"CalledProcessError: Command 'Rscript --vanilla -e ""source('/plx-context/artifacts/automl/frameworks/ranger/exec.R'); run('/root/.cache/openml/org/openml/www/datasets/40984/dataset_train_1.arff', '/ro…",,,,
openml.org/t/146822,segment,ranger,6m_10F_2c_8GB,2,multiclass,,neg_logloss,local,0.13.1,,2.0.5,2022-05-31T11:33:43,0.2,,,,2142378986,"CalledProcessError: Command 'Rscript --vanilla -e ""source('/plx-context/artifacts/automl/frameworks/ranger/exec.R'); run('/root/.cache/openml/org/openml/www/datasets/40984/dataset_train_2.arff', '/ro…",,,,
openml.org/t/146822,segment,ranger,6m_10F_2c_8GB,3,multiclass,,neg_logloss,local,0.13.1,,2.0.5,2022-05-31T11:33:43,0.2,,,,2142378987,"CalledProcessError: Command 'Rscript --vanilla -e ""source('/plx-context/artifacts/automl/frameworks/ranger/exec.R'); run('/root/.cache/openml/org/openml/www/datasets/40984/dataset_train_3.arff', '/ro…",,,,
openml.org/t/146822,segment,ranger,6m_10F_2c_8GB,4,multiclass,,neg_logloss,local,0.13.1,,2.0.5,2022-05-31T11:33:43,0.2,,,,2142378988,"CalledProcessError: Command 'Rscript --vanilla -e ""source('/plx-context/artifacts/automl/frameworks/ranger/exec.R'); run('/root/.cache/openml/org/openml/www/datasets/40984/dataset_train_4.arff', '/ro…",,,,
openml.org/t/146822,segment,ranger,6m_10F_2c_8GB,5,multiclass,,neg_logloss,local,0.13.1,,2.0.5,2022-05-31T11:33:44,0.2,,,,2142378989,"CalledProcessError: Command 'Rscript --vanilla -e ""source('/plx-context/artifacts/automl/frameworks/ranger/exec.R'); run('/root/.cache/openml/org/openml/www/datasets/40984/dataset_train_5.arff', '/ro…",,,,
openml.org/t/146822,segment,ranger,6m_10F_2c_8GB,6,multiclass,,neg_logloss,local,0.13.1,,2.0.5,2022-05-31T11:33:44,0.2,,,,2142378990,"CalledProcessError: Command 'Rscript --vanilla -e ""source('/plx-context/artifacts/automl/frameworks/ranger/exec.R'); run('/root/.cache/openml/org/openml/www/datasets/40984/dataset_train_6.arff', '/ro…",,,,
openml.org/t/146822,segment,ranger,6m_10F_2c_8GB,7,multiclass,,neg_logloss,local,0.13.1,,2.0.5,2022-05-31T11:33:44,0.2,,,,2142378991,"CalledProcessError: Command 'Rscript --vanilla -e ""source('/plx-context/artifacts/automl/frameworks/ranger/exec.R'); run('/root/.cache/openml/org/openml/www/datasets/40984/dataset_train_7.arff', '/ro…",,,,
openml.org/t/146822,segment,ranger,6m_10F_2c_8GB,8,multiclass,,neg_logloss,local,0.13.1,,2.0.5,2022-05-31T11:33:44,0.2,,,,2142378992,"CalledProcessError: Command 'Rscript --vanilla -e ""source('/plx-context/artifacts/automl/frameworks/ranger/exec.R'); run('/root/.cache/openml/org/openml/www/datasets/40984/dataset_train_8.arff', '/ro…",,,,
openml.org/t/146822,segment,ranger,6m_10F_2c_8GB,9,multiclass,,neg_logloss,local,0.13.1,,2.0.5,2022-05-31T11:33:45,0.3,,,,2142378993,"CalledProcessError: Command 'Rscript --vanilla -e ""source('/plx-context/artifacts/automl/frameworks/ranger/exec.R'); run('/root/.cache/openml/org/openml/www/datasets/40984/dataset_train_9.arff', '/ro…",,,,
openml.org/t/168912,sylvine,ranger,6m_10F_2c_8GB,0,binary,,auc,local,0.13.1,,2.0.5,2022-05-31T11:33:47,0.3,,,,2142378984,"CalledProcessError: Command 'Rscript --vanilla -e ""source('/plx-context/artifacts/automl/frameworks/ranger/exec.R'); run('/root/.cache/openml/org/openml/www/datasets/41146/dataset_train_0.arff', '/ro…",,,,
openml.org/t/168912,sylvine,ranger,6m_10F_2c_8GB,1,binary,,auc,local,0.13.1,,2.0.5,2022-05-31T11:33:47,0.2,,,,2142378985,"CalledProcessError: Command 'Rscript --vanilla -e ""source('/plx-context/artifacts/automl/frameworks/ranger/exec.R'); run('/root/.cache/openml/org/openml/www/datasets/41146/dataset_train_1.arff', '/ro…",,,,
openml.org/t/168912,sylvine,ranger,6m_10F_2c_8GB,2,binary,,auc,local,0.13.1,,2.0.5,2022-05-31T11:33:47,0.3,,,,2142378986,"CalledProcessError: Command 'Rscript --vanilla -e ""source('/plx-context/artifacts/automl/frameworks/ranger/exec.R'); run('/root/.cache/openml/org/openml/www/datasets/41146/dataset_train_2.arff', '/ro…",,,,
openml.org/t/168912,sylvine,ranger,6m_10F_2c_8GB,3,binary,,auc,local,0.13.1,,2.0.5,2022-05-31T11:33:48,0.3,,,,2142378987,"CalledProcessError: Command 'Rscript --vanilla -e ""source('/plx-context/artifacts/automl/frameworks/ranger/exec.R'); run('/root/.cache/openml/org/openml/www/datasets/41146/dataset_train_3.arff', '/ro…",,,,
openml.org/t/168912,sylvine,ranger,6m_10F_2c_8GB,4,binary,,auc,local,0.13.1,,2.0.5,2022-05-31T11:33:48,0.3,,,,2142378988,"CalledProcessError: Command 'Rscript --vanilla -e ""source('/plx-context/artifacts/automl/frameworks/ranger/exec.R'); run('/root/.cache/openml/org/openml/www/datasets/41146/dataset_train_4.arff', '/ro…",,,,
openml.org/t/168912,sylvine,ranger,6m_10F_2c_8GB,5,binary,,auc,local,0.13.1,,2.0.5,2022-05-31T11:33:48,0.3,,,,2142378989,"CalledProcessError: Command 'Rscript --vanilla -e ""source('/plx-context/artifacts/automl/frameworks/ranger/exec.R'); run('/root/.cache/openml/org/openml/www/datasets/41146/dataset_train_5.arff', '/ro…",,,,
openml.org/t/168912,sylvine,ranger,6m_10F_2c_8GB,6,binary,,auc,local,0.13.1,,2.0.5,2022-05-31T11:33:49,0.3,,,,2142378990,"CalledProcessError: Command 'Rscript --vanilla -e ""source('/plx-context/artifacts/automl/frameworks/ranger/exec.R'); run('/root/.cache/openml/org/openml/www/datasets/41146/dataset_train_6.arff', '/ro…",,,,
openml.org/t/168912,sylvine,ranger,6m_10F_2c_8GB,7,binary,,auc,local,0.13.1,,2.0.5,2022-05-31T11:33:49,0.3,,,,2142378991,"CalledProcessError: Command 'Rscript --vanilla -e ""source('/plx-context/artifacts/automl/frameworks/ranger/exec.R'); run('/root/.cache/openml/org/openml/www/datasets/41146/dataset_train_7.arff', '/ro…",,,,
openml.org/t/168912,sylvine,ranger,6m_10F_2c_8GB,8,binary,,auc,local,0.13.1,,2.0.5,2022-05-31T11:33:49,0.3,,,,2142378992,"CalledProcessError: Command 'Rscript --vanilla -e ""source('/plx-context/artifacts/automl/frameworks/ranger/exec.R'); run('/root/.cache/openml/org/openml/www/datasets/41146/dataset_train_8.arff', '/ro…",,,,
openml.org/t/168912,sylvine,ranger,6m_10F_2c_8GB,9,binary,,auc,local,0.13.1,,2.0.5,2022-05-31T11:33:49,0.2,,,,2142378993,"CalledProcessError: Command 'Rscript --vanilla -e ""source('/plx-context/artifacts/automl/frameworks/ranger/exec.R'); run('/root/.cache/openml/org/openml/www/datasets/41146/dataset_train_9.arff', '/ro…",,,,
openml.org/t/53,vehicle,ranger,6m_10F_2c_8GB,0,multiclass,,neg_logloss,local,0.13.1,,2.0.5,2022-05-31T11:33:51,0.2,,,,2142378984,"CalledProcessError: Command 'Rscript --vanilla -e ""source('/plx-context/artifacts/automl/frameworks/ranger/exec.R'); run('/root/.cache/openml/org/openml/www/datasets/54/dataset_train_0.arff', '/root/…",,,,
openml.org/t/53,vehicle,ranger,6m_10F_2c_8GB,1,multiclass,,neg_logloss,local,0.13.1,,2.0.5,2022-05-31T11:33:51,0.2,,,,2142378985,"CalledProcessError: Command 'Rscript --vanilla -e ""source('/plx-context/artifacts/automl/frameworks/ranger/exec.R'); run('/root/.cache/openml/org/openml/www/datasets/54/dataset_train_1.arff', '/root/…",,,,
openml.org/t/53,vehicle,ranger,6m_10F_2c_8GB,2,multiclass,,neg_logloss,local,0.13.1,,2.0.5,2022-05-31T11:33:51,0.2,,,,2142378986,"CalledProcessError: Command 'Rscript --vanilla -e ""source('/plx-context/artifacts/automl/frameworks/ranger/exec.R'); run('/root/.cache/openml/org/openml/www/datasets/54/dataset_train_2.arff', '/root/…",,,,
openml.org/t/53,vehicle,ranger,6m_10F_2c_8GB,3,multiclass,,neg_logloss,local,0.13.1,,2.0.5,2022-05-31T11:33:52,0.2,,,,2142378987,"CalledProcessError: Command 'Rscript --vanilla -e ""source('/plx-context/artifacts/automl/frameworks/ranger/exec.R'); run('/root/.cache/openml/org/openml/www/datasets/54/dataset_train_3.arff', '/root/…",,,,
openml.org/t/53,vehicle,ranger,6m_10F_2c_8GB,4,multiclass,,neg_logloss,local,0.13.1,,2.0.5,2022-05-31T11:33:52,0.2,,,,2142378988,"CalledProcessError: Command 'Rscript --vanilla -e ""source('/plx-context/artifacts/automl/frameworks/ranger/exec.R'); run('/root/.cache/openml/org/openml/www/datasets/54/dataset_train_4.arff', '/root/…",,,,
openml.org/t/53,vehicle,ranger,6m_10F_2c_8GB,5,multiclass,,neg_logloss,local,0.13.1,,2.0.5,2022-05-31T11:33:52,0.2,,,,2142378989,"CalledProcessError: Command 'Rscript --vanilla -e ""source('/plx-context/artifacts/automl/frameworks/ranger/exec.R'); run('/root/.cache/openml/org/openml/www/datasets/54/dataset_train_5.arff', '/root/…",,,,
openml.org/t/53,vehicle,ranger,6m_10F_2c_8GB,6,multiclass,,neg_logloss,local,0.13.1,,2.0.5,2022-05-31T11:33:52,0.2,,,,2142378990,"CalledProcessError: Command 'Rscript --vanilla -e ""source('/plx-context/artifacts/automl/frameworks/ranger/exec.R'); run('/root/.cache/openml/org/openml/www/datasets/54/dataset_train_6.arff', '/root/…",,,,
openml.org/t/53,vehicle,ranger,6m_10F_2c_8GB,7,multiclass,,neg_logloss,local,0.13.1,,2.0.5,2022-05-31T11:33:52,0.2,,,,2142378991,"CalledProcessError: Command 'Rscript --vanilla -e ""source('/plx-context/artifacts/automl/frameworks/ranger/exec.R'); run('/root/.cache/openml/org/openml/www/datasets/54/dataset_train_7.arff', '/root/…",,,,
openml.org/t/53,vehicle,ranger,6m_10F_2c_8GB,8,multiclass,,neg_logloss,local,0.13.1,,2.0.5,2022-05-31T11:33:53,0.2,,,,2142378992,"CalledProcessError: Command 'Rscript --vanilla -e ""source('/plx-context/artifacts/automl/frameworks/ranger/exec.R'); run('/root/.cache/openml/org/openml/www/datasets/54/dataset_train_8.arff', '/root/…",,,,
openml.org/t/53,vehicle,ranger,6m_10F_2c_8GB,9,multiclass,,neg_logloss,local,0.13.1,,2.0.5,2022-05-31T11:33:53,0.2,,,,2142378993,"CalledProcessError: Command 'Rscript --vanilla -e ""source('/plx-context/artifacts/automl/frameworks/ranger/exec.R'); run('/root/.cache/openml/org/openml/www/datasets/54/dataset_train_9.arff', '/root/…",,,,
